"player","team","position","game_outcome","projected_pts","pass_yds","pass_td","pass_int","rush_carries","rush_yds","rush_td","receptions","rec_yds","rec_td","rec_targets","two_pt_conv","fumbles","misc_td","actual_pts","pass_completions","pass_attempts","opp_team","home_away","position_rank","date","week"
"A.J. Brown","Phi","WR","W 25-20",14.6,0,0,0,0,0,0,7,79,0,10,0,0,0,14.9,0,0,"NE","Away",21,"9/12/23",1
"A.J. Brown","Phi","WR","W 34-28",15.1,0,0,0,0,0,0,4,29,0,6,0,0,0,6.9,0,0,"Min","Home",69.5,"9/19/23",2
"A.J. Brown","Phi","WR","W 25-11",15.1,0,0,0,0,0,0,9,131,0,14,0,0,0,22.1,0,0,"TB","Away",11,"9/26/23",3
"A.J. Brown","Phi","WR","W 34-31",15.7,0,0,0,0,0,0,9,175,2,13,0,0,0,38.5,0,0,"Wsh","Home",1,"10/3/23",4
"A.J. Brown","Phi","WR","W 23-14",18.8,0,0,0,0,0,0,6,127,0,8,0,0,0,18.7,0,0,"LAR","Away",13,"10/10/23",5
"A.J. Brown","Phi","WR","L 14-20",16.9,0,0,0,0,0,0,7,131,0,9,0,0,0,20.1,0,0,"NYJ","Away",7,"10/17/23",6
"A.J. Brown","Phi","WR","W 31-17",18.9,0,0,0,0,0,0,10,137,1,15,0,0,0,29.7,0,0,"Mia","Home",2,"10/24/23",7
"A.J. Brown","Phi","WR","W 38-31",19.2,0,0,0,0,0,0,8,130,2,8,0,0,0,33,0,0,"Wsh","Away",3,"10/31/23",8
"A.J. Brown","Phi","WR","W 28-23",20,0,0,0,0,0,0,7,66,1,9,0,0,0,19.6,0,0,"Dal","Home",7,"11/7/23",9
"A.J. Brown","Phi","WR","W 21-17",19.1,0,0,0,0,0,0,1,8,0,4,0,0,0,1.8,0,0,"KC","Away",90.5,"11/21/23",11
"A.J. Brown","Phi","WR","W 37-34",19,0,0,0,0,0,0,5,37,1,9,0,0,0,14.7,0,0,"Buf","Home",27,"11/28/23",12
"A.J. Brown","Phi","WR","L 19-42",18.3,0,0,0,0,0,0,8,114,0,13,0,0,0,19.4,0,0,"SF","Home",12,"12/5/23",13
"A.J. Brown","Phi","WR","L 13-33",19.8,0,0,0,0,0,0,9,94,0,13,0,1,0,16.4,0,0,"Dal","Away",15,"12/12/23",14
"A.J. Brown","Phi","WR","L 17-20",18.9,0,0,0,0,0,0,5,56,0,10,0,0,0,10.6,0,0,"Sea","Away",32.5,"12/19/23",15
"A.J. Brown","Phi","WR","W 33-25",17,0,0,0,0,0,0,6,80,0,11,0,0,0,14,0,0,"NYG","Home",27,"12/26/23",16
"A.J. Brown","Phi","WR","L 31-35",18.3,0,0,0,0,0,0,4,53,0,5,0,0,0,9.3,0,0,"Ari","Home",45,"1/2/24",17
"A.J. Brown","Phi","WR","L 10-27",17.3,0,0,0,0,0,0,1,9,0,1,0,1,0,-0.1,0,0,"NYG","Away",163,"1/9/24",18
"A.T. Perry","NO","WR","W 38-27",0.3,0,0,0,0,0,0,0,0,0,0,0,0,0,0,0,0,"Ind","Away",138,"10/31/23",8
"A.T. Perry","NO","WR","W 24-17",0.3,0,0,0,0,0,0,0,0,0,0,0,0,0,0,0,0,"Chi","Home",126.5,"11/7/23",9
"A.T. Perry","NO","WR","L 19-27",0,0,0,0,0,0,0,2,38,1,4,0,0,0,11.8,0,0,"Min","Away",31,"11/14/23",10
"A.T. Perry","NO","WR","L 15-24",6.5,0,0,0,0,0,0,1,7,0,2,0,0,0,1.7,0,0,"Atl","Away",110,"11/28/23",12
"A.T. Perry","NO","WR","L 28-33",7.4,0,0,0,0,0,0,1,30,0,3,0,0,0,4,0,0,"Det","Home",57.5,"12/5/23",13
"A.T. Perry","NO","WR","W 28-6",5.8,0,0,0,0,0,0,1,44,0,1,0,0,0,5.4,0,0,"Car","Home",61,"12/12/23",14
"A.T. Perry","NO","WR","W 24-6",5.8,0,0,0,0,0,0,2,34,0,2,0,0,0,5.4,0,0,"NYG","Home",67,"12/19/23",15
"A.T. Perry","NO","WR","L 22-30",2.7,0,0,0,0,0,0,1,35,1,1,0,0,0,10.5,0,0,"LAR","Away",39.5,"12/26/23",16
"A.T. Perry","NO","WR","W 23-13",3.5,0,0,0,0,0,0,1,5,0,2,0,0,0,1.5,0,0,"TB","Away",100,"1/2/24",17
"A.T. Perry","NO","WR","W 48-17",4,0,0,0,0,0,0,3,53,2,3,0,0,0,20.3,0,0,"Atl","Home",12,"1/9/24",18
"AJ Dillon","GB","RB","W 38-20",11.2,0,0,0,13,19,0,2,17,0,3,0,0,0,5.6,0,0,"Chi","Away",42,"9/12/23",1
"AJ Dillon","GB","RB","L 24-25",15.4,0,0,0,15,55,0,1,8,0,1,0,0,0,7.3,0,0,"Atl","Away",33,"9/19/23",2
"AJ Dillon","GB","RB","W 18-17",14,0,0,0,11,33,0,0,0,0,0,0,0,0,3.3,0,0,"NO","Home",58,"9/26/23",3
"AJ Dillon","GB","RB","L 20-34",8,0,0,0,5,11,0,0,0,0,1,0,0,0,1.1,0,0,"Det","Home",73,"10/3/23",4
"AJ Dillon","GB","RB","L 13-17",7.1,0,0,0,20,76,1,0,0,0,1,0,0,0,13.6,0,0,"LV","Away",13,"10/10/23",5
"AJ Dillon","GB","RB","L 17-19",9,0,0,0,15,61,0,2,34,0,2,0,0,0,11.5,0,0,"Den","Away",21.5,"10/24/23",7
"AJ Dillon","GB","RB","L 10-24",7.2,0,0,0,6,11,0,5,41,0,5,0,0,0,10.2,0,0,"Min","Home",24,"10/31/23",8
"AJ Dillon","GB","RB","W 20-3",8.6,0,0,0,9,40,0,1,3,0,1,0,0,0,5.3,0,0,"LAR","Home",39,"11/7/23",9
"AJ Dillon","GB","RB","L 19-23",7.7,0,0,0,9,70,0,1,11,0,3,0,0,0,9.1,0,0,"Pit","Away",34,"11/14/23",10
"AJ Dillon","GB","RB","W 23-20",7.5,0,0,0,14,29,0,4,32,0,4,0,0,0,10.1,0,0,"LAC","Home",22.5,"11/21/23",11
"AJ Dillon","GB","RB","W 29-22",12,0,0,0,14,43,0,3,38,0,3,0,0,0,11.1,0,0,"Det","Away",25,"11/28/23",12
"AJ Dillon","GB","RB","W 27-19",11.9,0,0,0,18,73,0,1,14,0,1,0,0,0,9.7,0,0,"KC","Home",25,"12/5/23",13
"AJ Dillon","GB","RB","L 22-24",7.9,0,0,0,15,53,0,2,25,0,3,0,0,0,9.8,0,0,"NYG","Away",28,"12/12/23",14
"AJ Dillon","GB","RB","W 33-30",7.4,0,0,0,7,12,1,0,0,0,0,0,0,0,7.2,0,0,"Car","Away",43,"12/26/23",16
"AJ Dillon","GB","RB","W 33-10",5.7,0,0,0,7,27,0,0,0,0,0,0,0,0,2.7,0,0,"Min","Away",65,"1/2/24",17
"AJ McCarron","Cin","QB","W 34-14",0,-1,0,0,0,0,0,0,0,0,0,0,0,0,-0.04,1,1,"Ind","Home",38,"12/12/23",14
"AJ McCarron","Cin","QB","W 31-14",0,20,0,0,0,0,0,0,0,0,0,0,0,0,0.8,3,4,"Cle","Home",34,"1/9/24",18
"Aaron Jones","GB","RB","W 38-20",15.5,0,0,0,9,41,1,2,86,1,4,0,0,0,26.7,0,0,"Chi","Away",1,"9/12/23",1
"Aaron Jones","GB","RB","L 20-34",14.1,0,0,0,5,18,0,1,-4,0,2,0,0,0,2.4,0,0,"Det","Home",63.5,"10/3/23",4
"Aaron Jones","GB","RB","L 17-19",15.7,0,0,0,8,35,0,3,22,0,5,0,0,0,8.7,0,0,"Den","Away",26,"10/24/23",7
"Aaron Jones","GB","RB","L 10-24",13.5,0,0,0,7,29,0,4,17,0,5,0,0,0,8.6,0,0,"Min","Home",31,"10/31/23",8
"Aaron Jones","GB","RB","W 20-3",13.6,0,0,0,20,73,1,4,26,0,6,0,1,0,17.9,0,0,"LAR","Home",7.5,"11/7/23",9
"Aaron Jones","GB","RB","L 19-23",14.9,0,0,0,13,35,0,4,19,0,6,0,0,0,9.4,0,0,"Pit","Away",32,"11/14/23",10
"Aaron Jones","GB","RB","W 23-20",15.1,0,0,0,4,14,0,1,3,0,2,0,0,0,2.7,0,0,"LAC","Home",51,"11/21/23",11
"Aaron Jones","GB","RB","L 20-34",15.4,0,0,0,13,53,0,4,16,0,4,0,0,0,10.9,0,0,"TB","Home",21,"12/19/23",15
"Aaron Jones","GB","RB","W 33-30",14.5,0,0,0,21,127,0,1,8,0,3,0,0,0,14.5,0,0,"Car","Away",16.5,"12/26/23",16
"Aaron Jones","GB","RB","W 33-10",14.8,0,0,0,20,120,0,1,10,0,1,0,0,0,14,0,0,"Min","Away",18.5,"1/2/24",17
"Aaron Jones","GB","RB","W 17-9",14.7,0,0,0,22,111,0,5,30,0,5,0,0,0,19.1,0,0,"Chi","Home",11,"1/9/24",18
"Aaron Rodgers","NYJ","QB","W 22-16",15.8,0,0,0,0,0,0,0,0,0,0,0,0,0,0,0,1,"Buf","Home",36,"9/12/23",1
"Adam Prentice","NO","RB","W 16-15",0.7,0,0,0,0,0,0,0,0,0,0,0,0,0,0,0,0,"Ten","Home",96,"9/12/23",1
"Adam Prentice","NO","RB","W 20-17",0.7,0,0,0,0,0,0,0,0,0,0,0,0,0,0,0,0,"Car","Away",96,"9/19/23",2
"Adam Prentice","NO","RB","L 17-18",0.7,0,0,0,0,0,0,0,0,0,0,0,0,0,0,0,0,"GB","Away",95.5,"9/26/23",3
"Adam Prentice","NO","RB","L 9-26",0,0,0,0,1,5,0,1,5,0,2,0,1,0,0,0,0,"TB","Home",93.5,"10/3/23",4
"Adam Prentice","NO","RB","W 34-0",0.5,0,0,0,0,0,0,0,0,0,0,0,0,0,0,0,0,"NE","Away",81,"10/10/23",5
"Adam Prentice","NO","RB","L 15-24",0,0,0,0,0,0,0,0,0,0,0,0,0,0,0,0,0,"Atl","Away",90,"11/28/23",12
"Adam Prentice","NO","RB","L 28-33",0,0,0,0,0,0,0,0,0,0,0,0,0,0,0,0,0,"Det","Home",72,"12/5/23",13
"Adam Prentice","NO","RB","W 28-6",0,0,0,0,0,0,0,0,0,0,0,0,0,0,0,0,0,"Car","Home",89.5,"12/12/23",14
"Adam Prentice","NO","RB","W 24-6",0,0,0,0,0,0,0,0,0,0,0,0,0,0,0,0,0,"NYG","Home",94,"12/19/23",15
"Adam Prentice","NO","RB","L 22-30",0,0,0,0,0,0,0,0,0,0,0,0,0,0,0,0,0,"LAR","Away",92,"12/26/23",16
"Adam Prentice","NO","RB","W 23-13",0,0,0,0,1,7,0,1,7,0,1,0,0,0,2.4,0,0,"TB","Away",66,"1/2/24",17
"Adam Prentice","NO","RB","W 48-17",1.7,0,0,0,0,0,0,0,0,0,0,0,0,0,0,0,0,"Atl","Home",88.5,"1/9/24",18
"Adam Thielen","Car","WR","L 10-24",9.6,0,0,0,0,0,0,2,12,0,2,0,0,0,3.2,0,0,"Atl","Away",86,"9/12/23",1
"Adam Thielen","Car","WR","L 17-20",8,0,0,0,0,0,0,7,54,1,9,0,0,0,20.4,0,0,"NO","Home",16.5,"9/19/23",2
"Adam Thielen","Car","WR","L 27-37",9.7,0,0,0,0,0,0,11,145,1,14,0,0,0,31.5,0,0,"Sea","Away",3,"9/26/23",3
"Adam Thielen","Car","WR","L 13-21",13.1,0,0,0,1,6,0,7,76,0,8,0,0,0,15.2,0,0,"Min","Home",20,"10/3/23",4
"Adam Thielen","Car","WR","L 24-42",14.1,0,0,0,0,0,0,11,107,1,13,0,0,0,27.7,0,0,"Det","Away",4,"10/10/23",5
"Adam Thielen","Car","WR","L 21-42",15.8,0,0,0,0,0,0,11,115,1,13,0,0,0,28.5,0,0,"Mia","Away",2,"10/17/23",6
"Adam Thielen","Car","WR","W 15-13",17.2,0,0,0,0,0,0,8,72,0,11,0,0,0,15.2,0,0,"Hou","Home",24.5,"10/31/23",8
"Adam Thielen","Car","WR","L 13-27",16.9,0,0,0,0,0,0,5,29,0,6,0,0,0,7.9,0,0,"Ind","Home",42,"11/7/23",9
"Adam Thielen","Car","WR","L 13-16",15.2,0,0,0,0,0,0,6,42,0,10,0,0,0,10.2,0,0,"Chi","Away",35,"11/14/23",10
"Adam Thielen","Car","WR","L 10-33",15.3,0,0,0,0,0,0,8,74,0,11,0,0,0,15.4,0,0,"Dal","Home",21,"11/21/23",11
"Adam Thielen","Car","WR","L 10-17",15.7,0,0,0,0,0,0,1,2,0,3,0,0,0,1.2,0,0,"Ten","Away",118,"11/28/23",12
"Adam Thielen","Car","WR","L 18-21",14.5,0,0,0,0,0,0,3,25,0,6,0,0,0,5.5,0,0,"TB","Away",51,"12/5/23",13
"Adam Thielen","Car","WR","L 6-28",13.1,0,0,0,0,0,0,5,74,0,7,0,0,0,12.4,0,0,"NO","Away",29,"12/12/23",14
"Adam Thielen","Car","WR","W 9-7",11.1,0,0,0,0,0,0,4,43,0,7,0,0,0,8.3,0,0,"Atl","Home",47.5,"12/19/23",15
"Adam Thielen","Car","WR","L 30-33",12.6,0,0,0,0,0,0,6,94,0,8,0,0,0,15.4,0,0,"GB","Home",26,"12/26/23",16
"Adam Thielen","Car","WR","L 0-26",12.1,0,0,0,0,0,0,6,38,0,6,0,0,0,9.8,0,0,"Jax","Away",39.5,"1/2/24",17
"Adam Thielen","Car","WR","L 0-9",12.1,0,0,0,0,0,0,2,12,0,3,0,0,0,3.2,0,0,"TB","Home",86,"1/9/24",18
"Adam Trautman","Den","TE","L 16-17",2.2,0,0,0,0,0,0,5,34,0,5,0,0,0,8.4,0,0,"LV","Home",10,"9/12/23",1
"Adam Trautman","Den","TE","L 33-35",6.5,0,0,0,0,0,0,0,0,0,1,0,0,0,0,0,0,"Wsh","Home",76,"9/19/23",2
"Adam Trautman","Den","TE","L 20-70",6.5,0,0,0,0,0,0,0,0,0,2,0,0,0,0,0,0,"Mia","Away",79,"9/26/23",3
"Adam Trautman","Den","TE","W 31-28",4.7,0,0,0,0,0,0,0,0,0,1,0,0,0,0,0,0,"Chi","Away",79.5,"10/3/23",4
"Adam Trautman","Den","TE","L 21-31",3.4,0,0,0,0,0,0,4,26,1,5,0,0,0,12.6,0,0,"NYJ","Home",10,"10/10/23",5
"Adam Trautman","Den","TE","L 8-19",4.7,0,0,0,0,0,0,1,4,0,2,0,0,0,1.4,0,0,"KC","Away",47,"10/17/23",6
"Adam Trautman","Den","TE","W 19-17",4.8,0,0,0,0,0,0,1,5,0,2,0,0,0,1.5,0,0,"GB","Home",38,"10/24/23",7
"Adam Trautman","Den","TE","W 24-9",4.8,0,0,0,0,0,0,0,0,0,0,0,0,0,0,0,0,"KC","Home",73,"10/31/23",8
"Adam Trautman","Den","TE","W 24-22",4.8,0,0,0,0,0,0,2,15,0,2,0,0,0,3.5,0,0,"Buf","Away",31,"11/14/23",10
"Adam Trautman","Den","TE","W 21-20",3.9,0,0,0,0,0,0,2,33,0,2,0,0,0,5.3,0,0,"Min","Home",23,"11/21/23",11
"Adam Trautman","Den","TE","W 29-12",3.8,0,0,0,0,0,0,1,8,1,1,0,0,0,7.8,0,0,"Cle","Home",20,"11/28/23",12
"Adam Trautman","Den","TE","L 17-22",3.7,0,0,0,0,0,0,1,6,0,2,0,0,0,1.6,0,0,"Hou","Away",43,"12/5/23",13
"Adam Trautman","Den","TE","W 24-7",4,0,0,0,0,0,0,2,19,1,3,0,0,0,9.9,0,0,"LAC","Away",15,"12/12/23",14
"Adam Trautman","Den","TE","L 17-42",4.8,0,0,0,0,0,0,1,24,0,3,0,0,0,3.4,0,0,"Det","Away",42.5,"12/19/23",15
"Adam Trautman","Den","TE","L 23-26",4.3,0,0,0,0,0,0,0,0,0,1,0,0,0,0,0,0,"NE","Home",78,"12/26/23",16
"Adam Trautman","Den","TE","W 16-9",3.1,0,0,0,0,0,0,1,9,0,2,0,0,0,1.9,0,0,"LAC","Home",48.5,"1/2/24",17
"Adam Trautman","Den","TE","L 14-27",3,0,0,0,0,0,0,1,21,0,1,0,0,0,3.1,0,0,"LV","Away",40,"1/9/24",18
"Aidan O'Connell","LV","QB","L 17-24",15,238,0,1,3,3,1,0,0,0,0,0,2,0,9.82,24,39,"LAC","Away",22,"10/3/23",4
"Aidan O'Connell","LV","QB","L 12-30",0,75,1,1,0,0,0,0,0,0,0,0,0,0,5,10,13,"Chi","Away",26,"10/24/23",7
"Aidan O'Connell","LV","QB","W 30-6",11.7,209,0,0,0,0,0,0,0,0,0,0,0,0,8.36,16,25,"NYG","Home",23,"11/7/23",9
"Aidan O'Connell","LV","QB","W 16-12",11.1,153,1,1,2,3,0,0,0,0,0,0,0,0,8.42,16,27,"NYJ","Home",23,"11/14/23",10
"Aidan O'Connell","LV","QB","L 13-20",12.1,271,1,3,1,3,0,0,0,0,0,0,0,0,9.14,24,41,"Mia","Away",24,"11/21/23",11
"Aidan O'Connell","LV","QB","L 17-31",10.7,248,1,0,0,0,0,0,0,0,0,0,0,0,13.92,23,33,"KC","Home",15,"11/28/23",12
"Aidan O'Connell","LV","QB","L 0-3",11.5,171,0,1,1,2,0,0,0,0,0,0,0,0,5.04,21,32,"Min","Home",27,"12/12/23",14
"Aidan O'Connell","LV","QB","W 63-21",12.7,248,4,0,0,0,0,0,0,0,0,0,0,0,25.92,20,34,"LAC","Home",3,"12/19/23",15
"Aidan O'Connell","LV","QB","W 20-14",13.1,62,0,0,4,-4,0,0,0,0,0,0,0,0,2.08,9,21,"KC","Away",35,"12/26/23",16
"Aidan O'Connell","LV","QB","L 20-23",13.3,299,2,0,2,3,0,0,0,0,0,0,0,0,20.26,30,47,"Ind","Away",9,"1/2/24",17
"Aidan O'Connell","LV","QB","W 27-14",13.8,244,2,0,4,1,0,0,0,0,0,0,0,0,17.86,20,31,"Den","Home",11,"1/9/24",18
"Albert Okwuegbunam","Phi","TE","W 28-23",0,0,0,0,0,0,0,0,0,0,0,0,0,0,0,0,0,"Dal","Home",68,"11/7/23",9
"Albert Okwuegbunam","Phi","TE","W 21-17",2,0,0,0,0,0,0,0,0,0,0,0,0,0,0,0,0,"KC","Away",67,"11/21/23",11
"Albert Okwuegbunam","Phi","TE","W 37-34",1.9,0,0,0,0,0,0,0,0,0,0,0,0,0,0,0,0,"Buf","Home",78,"11/28/23",12
"Albert Okwuegbunam","Phi","TE","L 19-42",0.5,0,0,0,0,0,0,0,0,0,1,0,0,0,0,0,0,"SF","Home",66,"12/5/23",13
"Alec Ingold","Mia","RB","W 36-34",2.3,0,0,0,0,0,0,2,34,0,2,0,0,0,5.4,0,0,"LAC","Away",43,"9/12/23",1
"Alec Ingold","Mia","RB","W 24-17",2.3,0,0,0,0,0,0,0,0,0,0,0,0,0,0,0,0,"NE","Away",96,"9/19/23",2
"Alec Ingold","Mia","RB","W 70-20",3.3,0,0,0,2,0,0,0,0,0,0,0,0,0,0,0,0,"Den","Home",95.5,"9/26/23",3
"Alec Ingold","Mia","RB","L 20-48",2,0,0,0,0,0,0,1,23,0,1,0,0,0,3.3,0,0,"Buf","Away",55,"10/3/23",4
"Alec Ingold","Mia","RB","W 31-16",1.3,0,0,0,0,0,0,0,0,0,0,0,0,0,0,0,0,"NYG","Home",81,"10/10/23",5
"Alec Ingold","Mia","RB","W 42-21",1.2,0,0,0,0,0,0,0,0,0,0,0,0,0,0,0,0,"Car","Home",93,"10/17/23",6
"Alec Ingold","Mia","RB","L 17-31",1.2,0,0,0,0,0,0,0,0,0,0,0,0,0,0,0,0,"Phi","Away",76,"10/24/23",7
"Alec Ingold","Mia","RB","W 31-17",0.6,0,0,0,0,0,0,1,5,0,2,0,0,0,1.5,0,0,"NE","Home",70,"10/31/23",8
"Alec Ingold","Mia","RB","L 14-21",1.1,0,0,0,0,0,0,1,1,0,1,0,0,0,1.1,0,0,"KC","Away",66,"11/7/23",9
"Alec Ingold","Mia","RB","W 20-13",1,0,0,0,0,0,0,3,16,0,4,0,0,0,4.6,0,0,"LV","Home",41,"11/21/23",11
"Alec Ingold","Mia","RB","W 34-13",1.5,0,0,0,0,0,0,0,0,0,0,0,0,0,0,0,0,"NYJ","Away",90,"11/28/23",12
"Alec Ingold","Mia","RB","W 45-15",1,0,0,0,0,0,0,1,-3,0,1,0,0,0,0.7,0,0,"Wsh","Away",60,"12/5/23",13
"Alec Ingold","Mia","RB","L 27-28",1.5,0,0,0,0,0,0,1,13,0,1,0,0,0,2.3,0,0,"Ten","Home",55,"12/12/23",14
"Alec Ingold","Mia","RB","W 30-0",1.5,0,0,0,0,0,0,0,0,0,0,0,0,0,0,0,0,"NYJ","Home",94,"12/19/23",15
"Alec Ingold","Mia","RB","W 22-20",1,0,0,0,0,0,0,2,12,0,2,0,0,0,3.2,0,0,"Dal","Home",55,"12/26/23",16
"Alec Ingold","Mia","RB","L 19-56",1.6,0,0,0,0,0,0,1,18,0,2,0,0,0,2.8,0,0,"Bal","Away",64,"1/2/24",17
"Alec Ingold","Mia","RB","L 14-21",2.6,0,0,0,0,0,0,0,0,0,0,0,0,0,0,0,0,"Buf","Home",88.5,"1/9/24",18
"Alec Pierce","Ind","WR","L 21-31",7.5,0,0,0,0,0,0,1,5,0,3,0,0,0,1.5,0,0,"Jax","Home",101,"9/12/23",1
"Alec Pierce","Ind","WR","W 31-20",6.8,0,0,0,0,0,0,2,28,0,2,0,0,0,4.8,0,0,"Hou","Away",85.5,"9/19/23",2
"Alec Pierce","Ind","WR","W 22-19",7.4,0,0,0,0,0,0,3,43,0,7,0,0,0,7.3,0,0,"Bal","Away",64,"9/26/23",3
"Alec Pierce","Ind","WR","L 23-29",6.4,0,0,0,0,0,0,1,38,0,2,0,0,0,4.8,0,0,"LAR","Home",73,"10/3/23",4
"Alec Pierce","Ind","WR","W 23-16",4.5,0,0,0,0,0,0,1,10,0,2,0,0,0,2,0,0,"Ten","Home",90,"10/10/23",5
"Alec Pierce","Ind","WR","L 20-37",4.3,0,0,0,0,0,0,3,25,0,6,0,0,0,5.5,0,0,"Jax","Away",64.5,"10/17/23",6
"Alec Pierce","Ind","WR","L 38-39",4.4,0,0,0,0,0,0,3,53,0,3,0,0,0,8.3,0,0,"Cle","Home",45,"10/24/23",7
"Alec Pierce","Ind","WR","L 27-38",4.8,0,0,0,0,0,0,3,41,0,5,0,0,0,7.1,0,0,"NO","Home",65.5,"10/31/23",8
"Alec Pierce","Ind","WR","W 27-13",5.5,0,0,0,0,0,0,0,0,0,2,0,0,0,0,0,0,"Car","Away",126.5,"11/7/23",9
"Alec Pierce","Ind","WR","W 10-6",5.7,0,0,0,0,0,0,1,21,0,1,0,0,0,3.1,0,0,"NE","Away",77,"11/14/23",10
"Alec Pierce","Ind","WR","W 27-20",4.3,0,0,0,0,0,0,4,27,0,6,0,0,0,6.7,0,0,"TB","Home",63,"11/28/23",12
"Alec Pierce","Ind","WR","W 31-28",5.4,0,0,0,0,0,0,3,100,1,6,0,0,0,19,0,0,"Ten","Away",13,"12/5/23",13
"Alec Pierce","Ind","WR","L 14-34",7.1,0,0,0,0,0,0,2,22,0,3,0,0,0,4.2,0,0,"Cin","Away",73.5,"12/12/23",14
"Alec Pierce","Ind","WR","W 30-13",6.3,0,0,0,0,0,0,1,13,0,5,0,0,0,2.3,0,0,"Pit","Home",93.5,"12/19/23",15
"Alec Pierce","Ind","WR","L 10-29",8.4,0,0,0,0,0,0,3,30,0,7,0,0,0,6,0,0,"Atl","Away",70,"12/26/23",16
"Alec Pierce","Ind","WR","W 23-20",5.7,0,0,0,0,0,0,1,58,1,1,0,0,0,12.8,0,0,"LV","Home",30,"1/2/24",17
"Alec Pierce","Ind","WR","L 19-23",6.6,0,0,0,0,0,0,0,0,0,4,0,0,0,0,0,0,"Hou","Home",142.5,"1/9/24",18
"Alex Armah","Wsh","RB","L 3-37",1.6,0,0,0,0,0,0,0,0,0,0,0,0,0,0,0,0,"Buf","Home",95.5,"9/26/23",3
"Alex Armah","Wsh","RB","L 31-38",0,0,0,0,0,0,0,1,0,0,1,0,0,0,1,0,0,"Phi","Home",73,"10/31/23",8
"Alex Armah","Wsh","RB","W 20-17",0,0,0,0,0,0,0,0,0,0,0,0,0,0,0,0,0,"NE","Away",82.5,"11/7/23",9
"Alex Armah","Wsh","RB","L 26-29",0,0,0,0,0,0,0,1,3,0,1,0,0,0,1.3,0,0,"Sea","Away",59.5,"11/14/23",10
"Alex Armah","Wsh","RB","L 20-28",1.1,0,0,0,0,0,0,0,0,0,0,0,0,0,0,0,0,"LAR","Away",94,"12/19/23",15
"Alex Armah","Wsh","RB","L 28-30",0,0,0,0,0,0,0,0,0,0,0,0,0,0,0,0,0,"NYJ","Away",92,"12/26/23",16
"Alex Armah","Wsh","RB","L 10-27",0,0,0,0,0,0,0,0,0,0,0,0,0,0,0,0,0,"SF","Home",92.5,"1/2/24",17
"Alex Armah","Wsh","RB","L 10-38",0,0,0,0,0,0,0,1,10,0,1,0,0,0,2,0,0,"Dal","Home",57,"1/9/24",18
"Alex Erickson","LAC","WR","L 20-23",1.7,0,0,0,0,0,0,1,12,0,1,0,0,0,2.2,0,0,"GB","Away",84.5,"11/21/23",11
"Alex Erickson","LAC","WR","L 10-20",0,0,0,0,0,0,0,1,17,0,3,0,0,0,2.7,0,0,"Bal","Home",98,"11/28/23",12
"Alex Erickson","LAC","WR","W 6-0",1.6,0,0,0,0,0,0,1,23,0,1,0,0,0,3.3,0,0,"NE","Away",64,"12/5/23",13
"Alex Erickson","LAC","WR","L 7-24",2.3,0,0,0,0,0,0,1,9,0,7,0,0,0,1.9,0,0,"Den","Home",98.5,"12/12/23",14
"Alex Erickson","LAC","WR","L 21-63",5.2,0,0,0,0,0,0,1,13,1,2,0,0,0,8.3,0,0,"LV","Away",47.5,"12/19/23",15
"Alex Erickson","LAC","WR","L 22-24",5,0,0,0,0,0,0,2,31,0,2,0,0,0,5.1,0,0,"Buf","Home",74.5,"12/26/23",16
"Alex Erickson","LAC","WR","L 9-16",7.7,0,0,0,0,0,0,7,98,0,8,0,0,0,16.8,0,0,"Den","Away",19,"1/2/24",17
"Alex Erickson","LAC","WR","L 12-13",6.6,0,0,0,0,0,0,2,29,0,5,0,0,0,4.9,0,0,"KC","Home",67,"1/9/24",18
"Alexander Mattison","Min","RB","L 17-20",14.4,0,0,0,11,34,0,3,10,1,4,0,0,0,13.4,0,0,"TB","Home",16.5,"9/12/23",1
"Alexander Mattison","Min","RB","L 28-34",13.6,0,0,0,8,28,0,3,11,0,6,0,1,0,4.9,0,0,"Phi","Away",48,"9/19/23",2
"Alexander Mattison","Min","RB","L 24-28",14.5,0,0,0,20,93,0,5,32,0,7,0,0,0,17.5,0,0,"LAC","Home",10,"9/26/23",3
"Alexander Mattison","Min","RB","W 21-13",15.2,0,0,0,17,95,0,1,3,0,1,0,0,0,10.8,0,0,"Car","Away",20.5,"10/3/23",4
"Alexander Mattison","Min","RB","L 20-27",13.7,0,0,0,8,26,0,2,20,1,3,0,0,0,12.6,0,0,"KC","Home",19.5,"10/10/23",5
"Alexander Mattison","Min","RB","W 19-13",13.6,0,0,0,18,44,0,4,28,0,7,0,0,0,11.2,0,0,"Chi","Away",23,"10/17/23",6
"Alexander Mattison","Min","RB","W 22-17",12.6,0,0,0,8,39,0,2,3,0,3,0,0,0,6.2,0,0,"SF","Home",34,"10/24/23",7
"Alexander Mattison","Min","RB","W 24-10",12.3,0,0,0,16,31,0,1,2,0,1,0,0,0,4.3,0,0,"GB","Away",55,"10/31/23",8
"Alexander Mattison","Min","RB","W 31-28",10.5,0,0,0,16,44,0,2,49,1,2,0,0,0,17.3,0,0,"Atl","Away",10,"11/7/23",9
"Alexander Mattison","Min","RB","W 27-19",13.2,0,0,0,8,27,0,1,6,0,2,0,0,0,4.3,0,0,"NO","Home",44.5,"11/14/23",10
"Alexander Mattison","Min","RB","L 20-21",11,0,0,0,18,81,0,1,-1,0,2,0,1,0,7,0,0,"Den","Away",30.5,"11/21/23",11
"Alexander Mattison","Min","RB","L 10-12",11.2,0,0,0,10,52,0,2,11,0,2,0,0,0,8.3,0,0,"Chi","Home",35,"11/28/23",12
"Alexander Mattison","Min","RB","W 3-0",10.8,0,0,0,10,66,0,0,0,0,1,0,0,0,6.6,0,0,"LV","Away",43,"12/12/23",14
"Alexander Mattison","Min","RB","L 24-30",6.8,0,0,0,2,-1,0,0,0,0,0,0,0,0,-0.1,0,0,"Det","Home",106,"12/26/23",16
"Alexander Mattison","Min","RB","L 10-33",6.3,0,0,0,3,17,0,2,13,0,2,0,0,0,5,0,0,"GB","Home",52.5,"1/2/24",17
"Alexander Mattison","Min","RB","L 20-30",5.2,0,0,0,7,24,0,1,5,0,1,0,0,0,3.9,0,0,"Det","Away",47,"1/9/24",18
"Allen Lazard","NYJ","WR","W 22-16",9.4,0,0,0,0,0,0,2,46,0,4,0,0,0,6.6,0,0,"Buf","Home",58.5,"9/12/23",1
"Allen Lazard","NYJ","WR","L 10-30",9.4,0,0,0,0,0,0,2,23,0,4,0,0,0,4.3,0,0,"Dal","Away",88.5,"9/19/23",2
"Allen Lazard","NYJ","WR","L 10-15",8.6,0,0,0,0,0,0,3,39,0,5,0,0,0,6.9,0,0,"NE","Home",67.5,"9/26/23",3
"Allen Lazard","NYJ","WR","L 20-23",8.2,0,0,0,0,0,0,3,61,1,3,0,0,0,15.1,0,0,"KC","Home",21.5,"10/3/23",4
"Allen Lazard","NYJ","WR","W 31-21",9.2,0,0,0,0,0,0,3,33,0,4,0,0,0,6.3,0,0,"Den","Away",55.5,"10/10/23",5
"Allen Lazard","NYJ","WR","W 20-14",7.9,0,0,0,0,0,0,1,8,0,3,0,0,0,1.8,0,0,"Phi","Home",90.5,"10/17/23",6
"Allen Lazard","NYJ","WR","W 13-10",6.6,0,0,0,0,0,0,3,45,0,6,0,0,0,7.5,0,0,"NYG","Away",60,"10/31/23",8
"Allen Lazard","NYJ","WR","L 6-27",7.2,0,0,0,0,0,0,2,18,0,6,0,0,0,3.8,0,0,"LAC","Home",72,"11/7/23",9
"Allen Lazard","NYJ","WR","L 12-16",6.3,0,0,0,0,0,0,1,17,0,5,0,0,0,2.7,0,0,"LV","Away",80,"11/14/23",10
"Allen Lazard","NYJ","WR","L 6-32",7,0,0,0,0,0,0,0,0,0,1,0,0,0,0,0,0,"Buf","Away",126,"11/21/23",11
"Allen Lazard","NYJ","WR","L 8-13",1.4,0,0,0,0,0,0,0,0,0,1,0,0,0,0,0,0,"Atl","Home",113,"12/5/23",13
"Allen Lazard","NYJ","WR","W 30-6",3.8,0,0,0,0,0,0,0,0,0,0,0,0,0,0,0,0,"Hou","Home",134,"12/12/23",14
"Allen Lazard","NYJ","WR","L 0-30",3.4,0,0,0,0,0,0,3,21,0,6,0,0,0,5.1,0,0,"Mia","Away",70.5,"12/19/23",15
"Allen Lazard","NYJ","WR","W 30-28",4,0,0,0,0,0,0,0,0,0,1,0,0,0,0,0,0,"Wsh","Home",144.5,"12/26/23",16
"Allen Robinson II","Pit","WR","L 7-30",5.8,0,0,0,0,0,0,5,64,0,8,0,0,0,11.4,0,0,"SF","Home",35,"9/12/23",1
"Allen Robinson II","Pit","WR","W 26-22",9.8,0,0,0,0,0,0,2,12,0,3,0,0,0,3.2,0,0,"Cle","Home",94,"9/19/23",2
"Allen Robinson II","Pit","WR","W 23-18",8.2,0,0,0,0,0,0,4,24,0,4,0,0,0,6.4,0,0,"LV","Away",70.5,"9/26/23",3
"Allen Robinson II","Pit","WR","L 6-30",8.7,0,0,0,0,0,0,1,8,0,2,0,0,0,1.8,0,0,"Hou","Away",109,"10/3/23",4
"Allen Robinson II","Pit","WR","W 17-10",7.5,0,0,0,0,0,0,5,29,0,9,0,0,0,7.9,0,0,"Bal","Home",49,"10/10/23",5
"Allen Robinson II","Pit","WR","W 24-17",4.5,0,0,0,0,0,0,1,7,0,1,0,0,0,1.7,0,0,"LAR","Away",86,"10/24/23",7
"Allen Robinson II","Pit","WR","L 10-20",4.8,0,0,0,0,0,0,0,0,0,1,0,0,0,0,0,0,"Jax","Home",138,"10/31/23",8
"Allen Robinson II","Pit","WR","W 20-16",4,0,0,0,0,0,0,1,10,0,2,0,0,0,2,0,0,"Ten","Home",89.5,"11/7/23",9
"Allen Robinson II","Pit","WR","W 23-19",3.8,0,0,0,0,0,0,0,0,0,0,0,0,0,0,0,0,"GB","Home",123.5,"11/14/23",10
"Allen Robinson II","Pit","WR","L 10-13",2.5,0,0,0,0,0,0,3,20,0,4,0,0,0,5,0,0,"Cle","Away",64.5,"11/21/23",11
"Allen Robinson II","Pit","WR","W 16-10",3.9,0,0,0,0,0,0,1,11,0,1,0,0,0,2.1,0,0,"Cin","Away",105,"11/28/23",12
"Allen Robinson II","Pit","WR","L 10-24",3.1,0,0,0,0,0,0,3,19,0,3,0,0,0,4.9,0,0,"Ari","Home",52,"12/5/23",13
"Allen Robinson II","Pit","WR","L 18-21",3.2,0,0,0,0,0,0,1,21,0,3,0,0,0,3.1,0,0,"NE","Home",86.5,"12/12/23",14
"Allen Robinson II","Pit","WR","L 13-30",3.9,0,0,0,0,0,0,3,19,0,3,0,0,0,4.9,0,0,"Ind","Away",73,"12/19/23",15
"Allen Robinson II","Pit","WR","W 34-11",3.8,0,0,0,0,0,0,4,36,0,4,0,0,0,7.6,0,0,"Cin","Home",56.5,"12/26/23",16
"Allen Robinson II","Pit","WR","W 30-23",4.8,0,0,0,0,0,0,0,0,0,0,0,0,0,0,0,0,"Sea","Away",137.5,"1/2/24",17
"Allen Robinson II","Pit","WR","W 17-10",3,0,0,0,0,0,0,0,0,0,1,0,0,0,0,0,0,"Bal","Away",142.5,"1/9/24",18
"Alvin Kamara","NO","RB","L 9-26",14.5,0,0,0,11,51,0,13,33,0,14,0,0,0,21.4,0,0,"TB","Home",9,"10/3/23",4
"Alvin Kamara","NO","RB","W 34-0",16.8,0,0,0,22,80,1,3,17,0,3,0,0,0,18.7,0,0,"NE","Away",7,"10/10/23",5
"Alvin Kamara","NO","RB","L 13-20",17.9,0,0,0,19,68,0,7,36,0,8,0,0,0,17.4,0,0,"Hou","Away",10,"10/17/23",6
"Alvin Kamara","NO","RB","L 24-31",16.7,0,0,0,17,62,0,12,91,0,14,0,0,0,29.3,0,0,"Jax","Home",2,"10/24/23",7
"Alvin Kamara","NO","RB","W 38-27",17.9,0,0,0,17,59,1,4,51,1,5,0,0,0,27,0,0,"Ind","Away",4,"10/31/23",8
"Alvin Kamara","NO","RB","W 24-17",18.2,0,0,0,9,26,0,4,44,0,5,0,0,0,11,0,0,"Chi","Home",19.5,"11/7/23",9
"Alvin Kamara","NO","RB","L 19-27",17,0,0,0,9,42,0,7,33,0,7,0,0,0,18.5,0,0,"Min","Away",10,"11/14/23",10
"Alvin Kamara","NO","RB","L 15-24",17.3,0,0,0,15,69,0,4,50,0,5,0,0,0,15.9,0,0,"Atl","Away",13.5,"11/28/23",12
"Alvin Kamara","NO","RB","L 28-33",17.3,0,0,0,14,51,2,6,58,0,8,0,0,0,28.9,0,0,"Det","Home",2,"12/5/23",13
"Alvin Kamara","NO","RB","W 28-6",19.9,0,0,0,12,56,1,3,-11,0,4,0,0,0,13.5,0,0,"Car","Home",19,"12/12/23",14
"Alvin Kamara","NO","RB","W 24-6",17.8,0,0,0,16,66,0,5,44,0,5,0,0,0,16,0,0,"NYG","Home",14,"12/19/23",15
"Alvin Kamara","NO","RB","L 22-30",17.6,0,0,0,9,19,0,5,16,0,6,0,0,0,8.5,0,0,"LAR","Away",39,"12/26/23",16
"Alvin Kamara","NO","RB","W 23-13",18.4,0,0,0,10,45,0,2,4,0,2,0,0,0,6.9,0,0,"TB","Away",42.5,"1/2/24",17
"Amari Cooper","Cle","WR","W 24-3",13.6,0,0,0,0,0,0,3,37,0,7,0,0,0,6.7,0,0,"Cin","Home",57,"9/12/23",1
"Amari Cooper","Cle","WR","L 22-26",0,0,0,0,0,0,0,7,90,0,10,0,0,0,16,0,0,"Pit","Away",29.5,"9/19/23",2
"Amari Cooper","Cle","WR","W 27-3",13.3,0,0,0,0,0,0,7,116,1,8,0,0,0,24.6,0,0,"Ten","Home",10,"9/26/23",3
"Amari Cooper","Cle","WR","L 3-28",12,0,0,0,0,0,0,1,16,0,6,0,0,0,2.6,0,0,"Bal","Home",99,"10/3/23",4
"Amari Cooper","Cle","WR","W 19-17",13.4,0,0,0,0,0,0,4,108,0,8,0,0,0,14.8,0,0,"SF","Home",21,"10/17/23",6
"Amari Cooper","Cle","WR","W 39-38",12.8,0,0,0,0,0,0,2,22,0,8,0,0,0,4.2,0,0,"Ind","Away",63.5,"10/24/23",7
"Amari Cooper","Cle","WR","L 20-24",11.9,0,0,0,0,0,0,6,89,0,11,0,0,0,14.9,0,0,"Sea","Away",26.5,"10/31/23",8
"Amari Cooper","Cle","WR","W 27-0",12.5,0,0,0,0,0,0,5,139,1,5,0,0,0,24.9,0,0,"Ari","Home",4,"11/7/23",9
"Amari Cooper","Cle","WR","W 33-31",12.1,0,0,0,0,0,0,6,98,0,9,0,0,0,15.8,0,0,"Bal","Away",18,"11/14/23",10
"Amari Cooper","Cle","WR","W 13-10",12.2,0,0,0,0,0,0,4,34,0,8,0,0,0,7.4,0,0,"Pit","Home",48.5,"11/21/23",11
"Amari Cooper","Cle","WR","L 12-29",11.5,0,0,0,0,0,0,2,16,0,6,0,0,0,3.6,0,0,"Den","Away",87.5,"11/28/23",12
"Amari Cooper","Cle","WR","L 19-36",11.4,0,0,0,0,0,0,3,34,0,5,0,0,0,6.4,0,0,"LAR","Away",48,"12/5/23",13
"Amari Cooper","Cle","WR","W 31-27",11.5,0,0,0,0,0,0,7,77,0,14,0,1,0,12.7,0,0,"Jax","Home",28,"12/12/23",14
"Amari Cooper","Cle","WR","W 20-17",12.7,0,0,0,0,0,0,4,109,1,8,0,0,0,20.9,0,0,"Chi","Home",14,"12/19/23",15
"Amari Cooper","Cle","WR","W 36-22",13.3,0,0,0,0,0,0,11,265,2,15,0,0,0,51.5,0,0,"Hou","Away",1,"12/26/23",16
"Amari Rodgers","Ind","WR","L 23-29",0,0,0,0,0,0,0,0,0,0,0,0,0,0,0,0,0,"LAR","Home",143,"10/3/23",4
"Amari Rodgers","Ind","WR","W 23-16",0,0,0,0,0,0,0,0,0,0,0,0,0,0,0,0,0,"Ten","Home",124.5,"10/10/23",5
"Ameer Abdullah","LV","RB","W 17-16",3.3,0,0,0,0,0,0,0,0,0,1,0,0,0,0,0,0,"Den","Away",96,"9/12/23",1
"Ameer Abdullah","LV","RB","L 10-38",2.9,0,0,0,0,0,0,1,5,0,3,0,0,0,1.5,0,0,"Buf","Away",63.5,"9/19/23",2
"Ameer Abdullah","LV","RB","L 18-23",3.8,0,0,0,0,0,0,2,16,0,3,0,0,0,3.6,0,0,"Pit","Home",55,"9/26/23",3
"Ameer Abdullah","LV","RB","L 17-24",3.9,0,0,0,0,0,0,2,14,0,2,0,0,0,3.4,0,0,"LAC","Away",53,"10/3/23",4
"Ameer Abdullah","LV","RB","W 17-13",3.8,0,0,0,1,4,0,1,11,0,1,0,0,0,2.5,0,0,"GB","Home",50,"10/10/23",5
"Ameer Abdullah","LV","RB","W 21-17",3.1,0,0,0,0,0,0,0,0,0,1,0,0,0,0,0,0,"NE","Home",93,"10/17/23",6
"Ameer Abdullah","LV","RB","L 12-30",2.5,0,0,0,0,0,0,0,0,0,0,0,0,0,0,0,0,"Chi","Away",76,"10/24/23",7
"Ameer Abdullah","LV","RB","L 14-26",1.7,0,0,0,1,7,0,1,12,0,1,0,0,0,2.9,0,0,"Det","Away",60.5,"10/31/23",8
"Ameer Abdullah","LV","RB","W 30-6",1.9,0,0,0,2,8,0,2,17,0,2,0,0,0,4.5,0,0,"NYG","Home",41,"11/7/23",9
"Ameer Abdullah","LV","RB","W 16-12",2.6,0,0,0,0,0,0,1,4,0,1,0,0,0,1.4,0,0,"NYJ","Home",58,"11/14/23",10
"Ameer Abdullah","LV","RB","L 13-20",2.6,0,0,0,0,0,0,1,4,0,1,0,0,0,1.4,0,0,"Mia","Away",65,"11/21/23",11
"Ameer Abdullah","LV","RB","L 17-31",2,0,0,0,1,11,0,1,2,0,1,0,0,0,2.3,0,0,"KC","Home",59.5,"11/28/23",12
"Ameer Abdullah","LV","RB","L 0-3",2.1,0,0,0,1,12,0,2,7,0,2,0,0,0,3.9,0,0,"Min","Home",51.5,"12/12/23",14
"Ameer Abdullah","LV","RB","W 63-21",8.9,0,0,0,6,32,0,2,13,0,2,0,0,0,6.5,0,0,"LAC","Home",42,"12/19/23",15
"Ameer Abdullah","LV","RB","W 20-14",6.2,0,0,0,2,11,0,1,1,0,1,0,0,0,2.2,0,0,"KC","Away",58.5,"12/26/23",16
"Ameer Abdullah","LV","RB","L 20-23",6,0,0,0,1,4,0,1,18,0,1,0,0,0,3.2,0,0,"Ind","Away",59.5,"1/2/24",17
"Ameer Abdullah","LV","RB","W 27-14",4.4,0,0,0,0,0,0,1,7,0,1,0,0,0,1.7,0,0,"Den","Home",62,"1/9/24",18
"Amon-Ra St. Brown","Det","WR","W 21-20",16.7,0,0,0,0,0,0,6,71,1,9,0,0,0,19.1,0,0,"KC","Away",11,"9/12/23",1
"Amon-Ra St. Brown","Det","WR","L 31-37",16.6,0,0,0,0,0,0,6,102,0,7,0,1,0,14.2,0,0,"Sea","Home",34,"9/19/23",2
"Amon-Ra St. Brown","Det","WR","W 20-6",15.7,0,0,0,1,4,0,9,102,0,12,0,0,0,19.6,0,0,"Atl","Home",12,"9/26/23",3
"Amon-Ra St. Brown","Det","WR","W 34-20",16.7,0,0,0,0,0,0,5,56,1,7,0,0,0,16.6,0,0,"GB","Away",14.5,"10/3/23",4
"Amon-Ra St. Brown","Det","WR","W 20-6",15.7,0,0,0,0,0,0,12,124,1,15,0,0,0,30.4,0,0,"TB","Away",1,"10/17/23",6
"Amon-Ra St. Brown","Det","WR","L 6-38",18.1,0,0,0,0,0,0,13,102,0,19,0,0,0,23.2,0,0,"Bal","Away",6,"10/24/23",7
"Amon-Ra St. Brown","Det","WR","W 26-14",17.6,0,0,0,0,0,0,6,108,0,9,0,0,0,16.8,0,0,"LV","Home",19,"10/31/23",8
"Amon-Ra St. Brown","Det","WR","W 41-38",19.1,0,0,0,2,9,0,8,156,1,9,0,0,0,30.5,0,0,"LAC","Away",4,"11/14/23",10
"Amon-Ra St. Brown","Det","WR","W 31-26",19.2,0,0,0,0,0,0,8,77,1,11,0,0,0,21.7,0,0,"Chi","Home",7,"11/21/23",11
"Amon-Ra St. Brown","Det","WR","L 22-29",18.7,0,0,0,0,0,0,9,95,0,11,0,0,0,18.5,0,0,"GB","Home",18,"11/28/23",12
"Amon-Ra St. Brown","Det","WR","W 33-28",19,0,0,0,0,0,0,2,49,1,6,0,0,0,12.9,0,0,"NO","Away",26.5,"12/5/23",13
"Amon-Ra St. Brown","Det","WR","L 13-28",18,0,0,0,0,0,0,3,21,0,8,0,0,0,5.1,0,0,"Chi","Away",62,"12/12/23",14
"Amon-Ra St. Brown","Det","WR","W 42-17",17.5,0,0,0,0,0,0,7,112,1,9,0,0,0,24.2,0,0,"Den","Home",6,"12/19/23",15
"Amon-Ra St. Brown","Det","WR","W 30-24",17.2,0,0,0,0,0,0,12,106,1,14,0,0,0,28.6,0,0,"Min","Away",4,"12/26/23",16
"Amon-Ra St. Brown","Det","WR","L 19-20",19.2,0,0,0,1,11,0,6,90,1,8,0,0,0,22.1,0,0,"Dal","Away",7,"1/2/24",17
"Amon-Ra St. Brown","Det","WR","W 30-20",17.7,0,0,0,0,0,0,7,144,1,10,0,0,0,27.4,0,0,"Min","Home",4,"1/9/24",18
"Andre Baccellia","Ari","WR","L 16-21",3.5,0,0,0,0,0,0,0,0,0,0,0,0,0,0,0,0,"Hou","Away",126,"11/21/23",11
"Andre Baccellia","Ari","WR","L 14-37",0,0,0,0,0,0,0,0,0,0,0,0,0,0,0,0,0,"LAR","Home",149,"11/28/23",12
"Andre Baccellia","Ari","WR","W 24-10",1.5,0,0,0,0,0,0,0,0,0,0,0,0,0,0,0,0,"Pit","Away",113,"12/5/23",13
"Andrei Iosivas","Cin","WR","L 3-24",0,0,0,0,0,0,0,0,0,0,0,0,0,0,0,0,0,"Cle","Away",135,"9/12/23",1
"Andrei Iosivas","Cin","WR","L 24-27",0,0,0,0,0,0,0,0,0,0,0,0,0,0,0,0,0,"Bal","Home",145,"9/19/23",2
"Andrei Iosivas","Cin","WR","W 19-16",0,0,0,0,0,0,0,0,0,0,0,0,0,0,0,0,0,"LAR","Home",141,"9/26/23",3
"Andrei Iosivas","Cin","WR","L 3-27",0.6,0,0,0,0,0,0,0,0,0,0,0,0,0,0,0,0,"Ten","Away",143,"10/3/23",4
"Andrei Iosivas","Cin","WR","W 34-20",4.4,0,0,0,0,0,0,1,9,0,2,0,0,0,1.9,0,0,"Ari","Away",93,"10/10/23",5
"Andrei Iosivas","Cin","WR","W 17-13",0,0,0,0,0,0,0,1,3,1,1,0,0,0,7.3,0,0,"Sea","Home",50.5,"10/17/23",6
"Andrei Iosivas","Cin","WR","W 31-17",0.6,0,0,0,0,0,0,1,2,1,1,0,0,0,7.2,0,0,"SF","Away",63.5,"10/31/23",8
"Andrei Iosivas","Cin","WR","W 24-18",1.2,0,0,0,0,0,0,1,9,0,1,0,0,0,1.9,0,0,"Buf","Home",92,"11/7/23",9
"Andrei Iosivas","Cin","WR","L 27-30",3.1,0,0,0,0,0,0,0,0,0,1,0,0,0,0,0,0,"Hou","Home",123.5,"11/14/23",10
"Andrei Iosivas","Cin","WR","L 10-16",3.1,0,0,0,0,0,0,1,16,0,2,0,0,0,2.6,0,0,"Pit","Home",99.5,"11/28/23",12
"Andrei Iosivas","Cin","WR","W 34-31",0.5,0,0,0,0,0,0,0,0,0,0,0,0,0,0,0,0,"Jax","Away",113,"12/5/23",13
"Andrei Iosivas","Cin","WR","W 34-14",0,0,0,0,0,0,0,0,0,0,0,0,0,0,0,0,0,"Ind","Home",134,"12/12/23",14
"Andrei Iosivas","Cin","WR","W 27-24",0.5,0,0,0,0,0,0,1,5,0,2,0,0,0,1.5,0,0,"Min","Home",106,"12/19/23",15
"Andrei Iosivas","Cin","WR","L 11-34",4.9,0,0,0,0,0,0,4,36,0,8,0,0,0,7.6,0,0,"Pit","Away",56.5,"12/26/23",16
"Andrei Iosivas","Cin","WR","L 17-25",1.1,0,0,0,0,0,0,0,0,0,0,0,0,0,0,0,0,"KC","Away",137.5,"1/2/24",17
"Andrei Iosivas","Cin","WR","W 31-14",4,0,0,0,0,0,0,5,36,2,7,0,0,0,20.6,0,0,"Cle","Home",11,"1/9/24",18
"Andrew Beck","Hou","RB","L 9-25",1,0,0,0,0,0,0,0,0,0,0,0,0,0,0,0,0,"Bal","Away",96,"9/12/23",1
"Andrew Beck","Hou","RB","L 20-31",1,0,0,0,2,2,0,0,0,0,0,0,0,0,0.2,0,0,"Ind","Home",79.5,"9/19/23",2
"Andrew Beck","Hou","RB","W 37-17",0.8,0,0,0,0,0,0,0,0,0,0,0,0,1,6,0,0,"Jax","Away",41,"9/26/23",3
"Andrew Beck","Hou","RB","W 30-6",0.3,0,0,0,0,0,0,0,0,0,1,0,0,0,0,0,0,"Pit","Home",93.5,"10/3/23",4
"Andrew Beck","Hou","RB","L 19-21",0.8,0,0,0,0,0,0,0,0,0,0,0,0,0,0,0,0,"Atl","Away",81,"10/10/23",5
"Andrew Beck","Hou","RB","W 20-13",0.6,0,0,0,0,0,0,0,0,0,0,0,0,0,0,0,0,"NO","Home",93,"10/17/23",6
"Andrew Beck","Hou","RB","L 13-15",0.5,0,0,0,2,1,1,1,8,0,1,0,1,0,5.9,0,0,"Car","Away",44.5,"10/31/23",8
"Andrew Beck","Hou","RB","W 39-37",0.8,0,0,0,0,0,0,2,5,0,2,0,0,0,2.5,0,0,"TB","Home",54.5,"11/7/23",9
"Andrew Beck","Hou","RB","W 21-16",1.9,0,0,0,1,0,0,0,0,0,0,0,0,0,0,0,0,"Ari","Home",80,"11/21/23",11
"Andrew Beck","Hou","RB","L 21-24",0.9,0,0,0,0,0,0,1,1,0,1,0,0,0,1.1,0,0,"Jax","Home",71.5,"11/28/23",12
"Andrew Beck","Hou","RB","W 22-17",1.5,0,0,0,0,0,0,1,5,0,2,0,0,0,1.5,0,0,"Den","Home",55,"12/5/23",13
"Andrew Beck","Hou","RB","L 6-30",1.3,0,0,0,0,0,0,1,26,0,1,0,0,0,3.6,0,0,"NYJ","Away",53,"12/12/23",14
"Andrew Beck","Hou","RB","W 19-16",1.9,0,0,0,0,0,0,1,-5,0,1,0,0,0,0.5,0,0,"Ten","Away",75.5,"12/19/23",15
"Andrew Beck","Hou","RB","L 22-36",1,0,0,0,0,0,0,2,6,1,2,0,0,0,8.6,0,0,"Cle","Home",37.5,"12/26/23",16
"Andrew Beck","Hou","RB","W 23-19",1.6,0,0,0,0,0,0,2,9,1,2,0,0,0,8.9,0,0,"Ind","Away",31,"1/9/24",18
"Andy Dalton","Car","QB","L 17-20",0,0,0,0,0,0,0,0,0,0,0,0,0,0,0,0,0,"NO","Home",34.5,"9/19/23",2
"Andy Dalton","Car","QB","L 27-37",12.7,361,2,0,2,11,0,0,0,0,0,0,0,0,23.54,34,58,"Sea","Away",7,"9/26/23",3
"Andy Dalton","Car","QB","L 24-42",0,0,0,0,1,1,0,0,0,0,0,0,0,0,0.1,0,0,"Det","Away",32,"10/10/23",5
"Andy Isabella","Buf","WR","W 24-18",0,0,0,0,0,0,0,0,0,0,0,0,0,0,0,0,0,"TB","Home",138,"10/31/23",8
"Andy Isabella","Buf","WR","L 34-37",0.1,0,0,0,0,0,0,0,0,0,0,0,0,0,0,0,0,"Phi","Away",149,"11/28/23",12
"Anthony McFarland Jr.","Pit","RB","L 7-30",0,0,0,0,0,0,0,2,11,0,2,0,0,0,3.1,0,0,"SF","Home",55.5,"9/12/23",1
"Anthony McFarland Jr.","Pit","RB","W 23-19",0.1,0,0,0,0,0,0,0,0,0,0,0,0,0,0,0,0,"GB","Home",83,"11/14/23",10
"Anthony McFarland Jr.","Pit","RB","L 10-13",0.1,0,0,0,0,0,0,0,0,0,0,0,0,0,0,0,0,"Cle","Away",80,"11/21/23",11
"Anthony Richardson","Ind","QB","L 21-31",17.2,223,1,1,10,40,1,0,0,0,0,0,0,0,20.92,24,37,"Jax","Home",4,"9/12/23",1
"Anthony Richardson","Ind","QB","W 31-20",17.6,56,0,0,3,35,2,0,0,0,0,0,0,0,17.74,6,10,"Hou","Away",19,"9/19/23",2
"Anthony Richardson","Ind","QB","L 23-29",20.2,200,2,0,10,56,1,0,0,0,0,0,1,0,29.6,11,25,"LAR","Home",2,"10/3/23",4
"Anthony Richardson","Ind","QB","W 23-16",20.6,98,0,0,2,5,0,0,0,0,0,0,0,0,4.42,9,12,"Ten","Home",28,"10/10/23",5
"Antoine Green","Det","WR","L 31-37",0,0,0,0,0,0,0,1,2,0,1,0,0,0,1.2,0,0,"Sea","Home",120,"9/19/23",2
"Antoine Green","Det","WR","W 20-6",0.5,0,0,0,0,0,0,0,0,0,0,0,0,0,0,0,0,"Atl","Home",141,"9/26/23",3
"Antoine Green","Det","WR","W 34-20",0.5,0,0,0,0,0,0,0,0,0,0,0,0,0,0,0,0,"GB","Away",143,"10/3/23",4
"Antoine Green","Det","WR","W 42-24",1,0,0,0,0,0,0,0,0,0,0,0,0,0,0,0,0,"Car","Home",124.5,"10/10/23",5
"Antoine Green","Det","WR","W 20-6",0,0,0,0,0,0,0,0,0,0,0,0,0,0,0,0,0,"TB","Away",128,"10/17/23",6
"Antoine Green","Det","WR","L 6-38",0,0,0,0,0,0,0,0,0,0,1,0,0,0,0,0,0,"Bal","Away",116,"10/24/23",7
"Antoine Green","Det","WR","W 26-14",1.1,0,0,0,0,0,0,0,0,0,0,0,0,0,0,0,0,"LV","Home",138,"10/31/23",8
"Antoine Green","Det","WR","W 41-38",0,0,0,0,0,0,0,0,0,0,0,0,0,0,0,0,0,"LAC","Away",123.5,"11/14/23",10
"Antoine Green","Det","WR","W 30-20",0,0,0,0,0,0,0,0,0,0,0,0,0,0,0,0,0,"Min","Home",142.5,"1/9/24",18
"Antonio Gibson","Wsh","RB","W 20-16",10.7,0,0,0,3,9,0,1,10,0,1,0,1,0,0.9,0,0,"Ari","Home",76,"9/12/23",1
"Antonio Gibson","Wsh","RB","W 35-33",8.5,0,0,0,2,9,0,3,44,0,3,0,0,0,8.3,0,0,"Den","Away",27.5,"9/19/23",2
"Antonio Gibson","Wsh","RB","L 3-37",6.3,0,0,0,2,17,0,3,7,0,5,0,1,0,3.4,0,0,"Buf","Home",57,"9/26/23",3
"Antonio Gibson","Wsh","RB","L 31-34",7.2,0,0,0,6,19,0,1,7,0,1,0,0,0,3.6,0,0,"Phi","Away",52,"10/3/23",4
"Antonio Gibson","Wsh","RB","L 20-40",6.5,0,0,0,0,0,0,4,64,0,6,0,0,0,10.4,0,0,"Chi","Home",26,"10/10/23",5
"Antonio Gibson","Wsh","RB","W 24-16",6.4,0,0,0,3,15,0,1,1,1,1,0,0,0,8.6,0,0,"Atl","Away",28,"10/17/23",6
"Antonio Gibson","Wsh","RB","L 7-14",6.6,0,0,0,2,7,0,2,24,0,2,0,0,0,5.1,0,0,"NYG","Away",42,"10/24/23",7
"Antonio Gibson","Wsh","RB","L 31-38",5.5,0,0,0,2,14,0,5,28,0,5,0,0,0,9.2,0,0,"Phi","Home",28.5,"10/31/23",8
"Antonio Gibson","Wsh","RB","W 20-17",6.4,0,0,0,6,34,0,5,42,0,5,0,0,0,12.6,0,0,"NE","Away",17,"11/7/23",9
"Antonio Gibson","Wsh","RB","L 26-29",7.4,0,0,0,4,13,0,5,42,1,6,0,0,0,16.5,0,0,"Sea","Away",15,"11/14/23",10
"Antonio Gibson","Wsh","RB","L 10-45",6.4,0,0,0,6,21,0,3,16,0,4,0,0,0,6.7,0,0,"Dal","Away",43,"11/28/23",12
"Antonio Gibson","Wsh","RB","L 15-45",7.4,0,0,0,10,35,0,4,37,0,5,0,0,0,11.2,0,0,"Mia","Home",19,"12/5/23",13
"Antonio Gibson","Wsh","RB","L 20-28",12.1,0,0,0,4,15,0,5,20,0,5,0,0,0,8.5,0,0,"LAR","Away",32,"12/19/23",15
"Antonio Gibson","Wsh","RB","L 28-30",11.5,0,0,0,9,30,1,1,2,0,2,0,0,0,10.2,0,0,"NYJ","Away",31,"12/26/23",16
"Antonio Gibson","Wsh","RB","L 10-27",7.7,0,0,0,4,19,0,2,17,0,4,0,0,0,5.6,0,0,"SF","Home",48,"1/2/24",17
"Antonio Gibson","Wsh","RB","L 10-38",7.8,0,0,0,2,8,0,3,28,0,4,0,0,0,6.6,0,0,"Dal","Home",35,"1/9/24",18
"Austin Ekeler","LAC","RB","L 34-36",17.9,0,0,0,16,117,1,4,47,0,5,0,0,0,26.4,0,0,"Mia","Home",2,"9/12/23",1
"Austin Ekeler","LAC","RB","L 17-20",19,0,0,0,14,27,0,4,35,0,6,0,0,0,10.2,0,0,"Dal","Home",25,"10/17/23",6
"Austin Ekeler","LAC","RB","L 17-31",18.7,0,0,0,14,45,0,1,1,0,2,0,0,0,5.6,0,0,"KC","Away",39,"10/24/23",7
"Austin Ekeler","LAC","RB","W 30-13",18.5,0,0,0,15,29,0,7,94,1,8,0,1,0,23.3,0,0,"Chi","Home",6,"10/31/23",8
"Austin Ekeler","LAC","RB","W 27-6",18.3,0,0,0,14,47,2,2,23,0,7,0,0,0,21,0,0,"NYJ","Away",4,"11/7/23",9
"Austin Ekeler","LAC","RB","L 38-41",18.9,0,0,0,19,67,1,4,48,0,7,0,0,0,21.5,0,0,"Det","Home",4,"11/14/23",10
"Austin Ekeler","LAC","RB","L 20-23",21.4,0,0,0,10,64,0,2,6,0,3,0,1,0,7,0,0,"GB","Away",30.5,"11/21/23",11
"Austin Ekeler","LAC","RB","L 10-20",18.5,0,0,0,10,32,0,5,32,0,6,0,1,0,9.4,0,0,"Bal","Home",31.5,"11/28/23",12
"Austin Ekeler","LAC","RB","W 6-0",17.9,0,0,0,14,18,0,2,9,0,3,0,0,0,4.7,0,0,"NE","Away",34,"12/5/23",13
"Austin Ekeler","LAC","RB","L 7-24",17.3,0,0,0,10,51,1,5,49,0,7,0,0,0,21,0,0,"Den","Home",8,"12/12/23",14
"Austin Ekeler","LAC","RB","L 21-63",15.3,0,0,0,5,9,0,4,29,0,6,0,0,0,7.8,0,0,"LV","Away",35,"12/19/23",15
"Austin Ekeler","LAC","RB","L 22-24",14.8,0,0,0,15,65,0,3,21,0,4,0,0,0,11.6,0,0,"Buf","Home",24,"12/26/23",16
"Austin Ekeler","LAC","RB","L 9-16",15.9,0,0,0,13,46,0,1,4,0,2,0,1,0,4,0,0,"Den","Away",58,"1/2/24",17
"Austin Ekeler","LAC","RB","L 12-13",13.9,0,0,0,10,11,0,7,38,0,8,0,0,0,11.9,0,0,"KC","Home",24,"1/9/24",18
"Austin Hooper","LV","TE","W 17-16",6.3,0,0,0,0,0,0,1,20,0,1,0,0,0,3,0,0,"Den","Away",39.5,"9/12/23",1
"Austin Hooper","LV","TE","L 10-38",4.5,0,0,0,0,0,0,2,20,0,2,0,0,0,4,0,0,"Buf","Away",40.5,"9/19/23",2
"Austin Hooper","LV","TE","L 18-23",4.3,0,0,0,0,0,0,0,0,0,0,0,0,0,0,0,0,"Pit","Home",79,"9/26/23",3
"Austin Hooper","LV","TE","L 17-24",3.3,0,0,0,0,0,0,1,11,0,2,0,0,0,2.1,0,0,"LAC","Away",42,"10/3/23",4
"Austin Hooper","LV","TE","W 17-13",3.3,0,0,0,0,0,0,2,11,0,2,0,0,0,3.1,0,0,"GB","Home",40.5,"10/10/23",5
"Austin Hooper","LV","TE","W 21-17",2,0,0,0,0,0,0,2,19,0,2,0,0,0,3.9,0,0,"NE","Home",26.5,"10/17/23",6
"Austin Hooper","LV","TE","L 12-30",2,0,0,0,0,0,0,2,18,0,2,0,0,0,3.8,0,0,"Chi","Away",27,"10/24/23",7
"Austin Hooper","LV","TE","L 14-26",2.2,0,0,0,0,0,0,2,19,0,2,0,0,0,3.9,0,0,"Det","Away",29,"10/31/23",8
"Austin Hooper","LV","TE","W 30-6",2.3,0,0,0,0,0,0,1,10,0,1,0,0,0,2,0,0,"NYG","Home",41,"11/7/23",9
"Austin Hooper","LV","TE","W 16-12",2.2,0,0,0,0,0,0,1,7,0,1,0,0,0,1.7,0,0,"NYJ","Home",39.5,"11/14/23",10
"Austin Hooper","LV","TE","L 13-20",2.3,0,0,0,0,0,0,0,0,0,1,0,0,0,0,0,0,"Mia","Away",67,"11/21/23",11
"Austin Hooper","LV","TE","L 17-31",1.7,0,0,0,0,0,0,1,14,0,2,0,0,0,2.4,0,0,"KC","Home",39.5,"11/28/23",12
"Austin Hooper","LV","TE","L 0-3",2.3,0,0,0,0,0,0,1,5,0,1,0,0,0,1.5,0,0,"Min","Home",45,"12/12/23",14
"Austin Hooper","LV","TE","W 63-21",1.9,0,0,0,0,0,0,0,0,0,1,0,0,0,0,0,0,"LAC","Home",81.5,"12/19/23",15
"Austin Hooper","LV","TE","W 20-14",5.5,0,0,0,0,0,0,2,13,0,3,0,0,0,3.3,0,0,"KC","Away",44,"12/26/23",16
"Austin Hooper","LV","TE","L 20-23",6.4,0,0,0,0,0,0,3,28,0,3,0,0,0,5.8,0,0,"Ind","Away",28.5,"1/2/24",17
"Austin Hooper","LV","TE","W 27-14",6,0,0,0,0,0,0,4,39,0,5,0,0,0,7.9,0,0,"Den","Home",15,"1/9/24",18
"Austin Trammell","LAR","WR","L 23-30",0,0,0,0,0,0,0,0,0,0,0,0,0,0,0,0,0,"SF","Home",145,"9/19/23",2
"Austin Trammell","LAR","WR","L 16-19",0,0,0,0,0,0,0,0,0,0,0,0,0,0,0,0,0,"Cin","Away",141,"9/26/23",3
"Austin Trammell","LAR","WR","W 29-23",0,0,0,0,0,0,0,0,0,0,0,0,0,0,0,0,0,"Ind","Away",143,"10/3/23",4
"Austin Trammell","LAR","WR","L 14-23",0,0,0,0,0,0,0,0,0,0,0,0,0,0,0,0,0,"Phi","Home",124.5,"10/10/23",5
"Austin Trammell","LAR","WR","W 26-9",0.1,0,0,0,0,0,0,0,0,0,0,0,1,0,-2,0,0,"Ari","Home",157.5,"10/17/23",6
"Austin Trammell","LAR","WR","L 17-24",0.2,0,0,0,0,0,0,0,0,0,0,0,0,0,0,0,0,"Pit","Home",116,"10/24/23",7
"Austin Trammell","LAR","WR","L 20-43",0.2,0,0,0,0,0,0,0,0,0,0,0,0,0,0,0,0,"Dal","Away",138,"10/31/23",8
"Austin Trammell","LAR","WR","L 3-20",0.2,0,0,0,0,0,0,1,6,0,1,0,0,0,1.6,0,0,"GB","Away",99.5,"11/7/23",9
"Austin Trammell","LAR","WR","W 17-16",0.2,0,0,0,0,0,0,3,23,0,6,0,0,0,5.3,0,0,"Sea","Home",60.5,"11/21/23",11
"Austin Trammell","LAR","WR","W 37-14",2,0,0,0,0,0,0,0,0,0,0,0,0,0,0,0,0,"Ari","Away",149,"11/28/23",12
"Austin Trammell","LAR","WR","W 36-19",0.1,0,0,0,0,0,0,0,0,0,0,0,0,0,0,0,0,"Cle","Home",113,"12/5/23",13
"Austin Trammell","LAR","WR","L 31-37",0.1,0,0,0,0,0,0,0,0,0,0,0,0,0,0,0,0,"Bal","Away",134,"12/12/23",14
"Austin Trammell","LAR","WR","W 28-20",2.2,0,0,0,0,0,0,0,0,0,0,0,0,0,0,0,0,"Wsh","Home",140,"12/19/23",15
"Austin Trammell","LAR","WR","W 30-22",0.1,0,0,0,0,0,0,0,0,0,0,0,0,0,0,0,0,"NO","Home",144.5,"12/26/23",16
"Austin Trammell","LAR","WR","W 26-25",0.1,0,0,0,0,0,0,0,0,0,0,0,0,0,0,0,0,"NYG","Away",137.5,"1/2/24",17
"Austin Trammell","LAR","WR","W 21-20",6.6,0,0,0,0,0,0,0,0,0,0,0,0,0,0,0,0,"SF","Away",142.5,"1/9/24",18
"Bailey Zappe","NE","QB","L 3-38",0,57,0,0,0,0,0,0,0,0,0,0,0,0,2.28,4,9,"Dal","Away",32,"10/3/23",4
"Bailey Zappe","NE","QB","L 0-34",0,22,0,0,0,0,0,0,0,0,0,0,0,0,0.88,3,9,"NO","Home",30,"10/10/23",5
"Bailey Zappe","NE","QB","L 6-10",0,25,0,1,0,0,0,0,0,0,0,0,0,0,-1,3,7,"Ind","Home",38,"11/14/23",10
"Bailey Zappe","NE","QB","L 7-10",0,54,0,1,0,0,0,0,0,0,0,0,0,0,0.16,9,14,"NYG","Away",33,"11/28/23",12
"Bailey Zappe","NE","QB","L 0-6",14,141,0,0,4,16,0,0,0,0,0,0,0,0,7.24,13,25,"LAC","Home",23,"12/5/23",13
"Bailey Zappe","NE","QB","W 21-18",11.7,240,3,1,3,13,0,0,0,0,0,0,0,0,20.9,19,28,"Pit","Away",7,"12/12/23",14
"Bailey Zappe","NE","QB","L 17-27",13.1,180,1,1,1,2,0,0,0,0,0,0,0,0,9.4,23,31,"KC","Home",28,"12/19/23",15
"Bailey Zappe","NE","QB","W 26-23",12.6,256,2,0,1,2,0,0,0,0,0,0,1,0,16.44,25,33,"Den","Away",20,"12/26/23",16
"Bailey Zappe","NE","QB","L 21-27",12.6,209,0,3,5,37,1,0,0,0,0,0,0,0,12.06,16,26,"Buf","Away",23,"1/2/24",17
"Bailey Zappe","NE","QB","L 3-17",10.6,88,0,2,3,13,0,0,0,0,0,0,0,0,0.82,12,30,"NYJ","Home",33,"1/9/24",18
"Baker Mayfield","TB","QB","W 20-17",14.7,173,2,0,8,11,0,0,0,0,0,0,0,0,16.02,21,34,"Min","Away",11,"9/12/23",1
"Baker Mayfield","TB","QB","W 27-17",15.5,317,1,0,6,17,0,0,0,0,0,0,0,0,18.38,26,34,"Chi","Home",18,"9/19/23",2
"Baker Mayfield","TB","QB","L 11-25",14.9,146,1,1,1,2,0,0,0,0,0,0,0,0,10.04,15,25,"Phi","Home",25,"9/26/23",3
"Baker Mayfield","TB","QB","W 26-9",13.4,246,3,1,8,31,0,0,0,0,0,0,0,0,22.94,25,32,"NO","Away",8,"10/3/23",4
"Baker Mayfield","TB","QB","L 6-20",15.9,206,0,1,2,6,0,0,0,0,0,0,0,0,6.84,19,37,"Det","Home",26,"10/17/23",6
"Baker Mayfield","TB","QB","L 13-16",16,275,1,1,3,32,0,0,0,0,0,0,0,0,16.2,27,42,"Atl","Home",11,"10/24/23",7
"Baker Mayfield","TB","QB","L 18-24",16.2,237,2,0,3,19,0,0,0,0,0,0,0,0,21.38,25,42,"Buf","Away",10,"10/31/23",8
"Baker Mayfield","TB","QB","L 37-39",16,265,2,0,4,4,0,0,0,0,0,0,0,0,19,21,30,"Hou","Away",7,"11/7/23",9
"Baker Mayfield","TB","QB","W 20-6",17.1,278,2,1,3,12,0,0,0,0,0,0,0,0,18.32,18,29,"Ten","Home",11,"11/14/23",10
"Baker Mayfield","TB","QB","L 14-27",16.6,246,1,1,3,5,0,0,0,0,0,0,1,0,10.34,29,45,"SF","Away",22,"11/21/23",11
"Baker Mayfield","TB","QB","L 20-27",16.4,199,2,1,3,14,0,0,0,0,0,0,1,0,13.36,20,30,"Ind","Away",17,"11/28/23",12
"Baker Mayfield","TB","QB","W 21-18",16.3,202,1,1,2,-2,0,0,0,0,0,0,0,0,9.88,14,29,"Car","Home",19,"12/5/23",13
"Baker Mayfield","TB","QB","W 29-25",14.6,144,2,0,3,3,1,0,0,0,0,0,0,0,20.06,14,29,"Atl","Away",11,"12/12/23",14
"Baker Mayfield","TB","QB","W 34-20",15.6,381,4,0,2,-2,0,0,0,0,0,0,1,0,29.04,22,28,"GB","Away",2,"12/19/23",15
"Baker Mayfield","TB","QB","W 30-12",16.9,283,2,0,5,5,0,0,0,0,0,0,0,0,19.82,26,35,"Jax","Home",13,"12/26/23",16
"Baker Mayfield","TB","QB","L 13-23",16.8,309,2,2,1,-1,0,0,0,0,0,0,0,0,16.26,22,33,"NO","Home",14,"1/2/24",17
"Baker Mayfield","TB","QB","W 9-0",16.4,137,0,0,5,7,0,0,0,0,0,0,0,0,6.18,20,32,"Car","Away",29,"1/9/24",18
"Ben Mason","Bal","RB","L 10-17",0,0,0,0,0,0,0,0,0,0,0,0,0,0,0,0,0,"Pit","Home",88.5,"1/9/24",18
"Ben Sims","GB","TE","W 38-20",0,0,0,0,0,0,0,0,0,0,0,0,0,0,0,0,0,"Chi","Away",75,"9/12/23",1
"Ben Sims","GB","TE","L 24-25",0.6,0,0,0,0,0,0,0,0,0,0,0,0,0,0,0,0,"Atl","Away",76,"9/19/23",2
"Ben Sims","GB","TE","W 18-17",0,0,0,0,0,0,0,0,0,0,0,0,0,0,0,0,0,"NO","Home",79,"9/26/23",3
"Ben Sims","GB","TE","L 20-34",0,0,0,0,0,0,0,0,0,0,0,0,0,0,0,0,0,"Det","Home",79.5,"10/3/23",4
"Ben Sims","GB","TE","L 13-17",0,0,0,0,0,0,0,1,12,0,1,0,0,0,2.2,0,0,"LV","Away",47,"10/10/23",5
"Ben Sims","GB","TE","L 17-19",0,0,0,0,0,0,0,1,2,0,1,0,0,0,1.2,0,0,"Den","Away",42,"10/24/23",7
"Ben Sims","GB","TE","L 10-24",0.5,0,0,0,0,0,0,0,0,0,0,0,0,0,0,0,0,"Min","Home",73,"10/31/23",8
"Ben Sims","GB","TE","W 20-3",0.5,0,0,0,0,0,0,0,0,0,0,0,0,0,0,0,0,"LAR","Home",68,"11/7/23",9
"Ben Sims","GB","TE","L 19-23",0.3,0,0,0,0,0,0,0,0,0,0,0,0,0,0,0,0,"Pit","Away",69.5,"11/14/23",10
"Ben Sims","GB","TE","W 23-20",0,0,0,0,0,0,0,0,0,0,0,0,0,0,0,0,0,"LAC","Home",67,"11/21/23",11
"Ben Sims","GB","TE","W 29-22",4.6,0,0,0,0,0,0,0,0,0,1,0,0,0,0,0,0,"Det","Away",78,"11/28/23",12
"Ben Sims","GB","TE","W 27-19",1.1,0,0,0,0,0,0,1,1,1,1,0,0,0,7.1,0,0,"KC","Home",19,"12/5/23",13
"Ben Sims","GB","TE","L 22-24",0.6,0,0,0,0,0,0,0,0,0,0,0,0,0,0,0,0,"NYG","Away",73,"12/12/23",14
"Ben Sims","GB","TE","L 20-34",1.2,0,0,0,0,0,0,0,0,0,1,0,0,0,0,0,0,"TB","Home",81.5,"12/19/23",15
"Ben Sims","GB","TE","W 33-30",1.1,0,0,0,0,0,0,0,0,0,0,0,0,0,0,0,0,"Car","Away",78,"12/26/23",16
"Ben Sims","GB","TE","W 33-10",2.3,0,0,0,0,0,0,1,6,0,1,0,0,0,1.6,0,0,"Min","Away",53,"1/2/24",17
"Ben Sims","GB","TE","W 17-9",0,0,0,0,0,0,0,0,0,0,0,0,0,0,0,0,0,"Chi","Home",76.5,"1/9/24",18
"Ben Skowronek","LAR","WR","W 30-13",5.1,0,0,0,0,0,0,0,0,0,2,0,0,0,0,0,0,"Sea","Away",135,"9/12/23",1
"Ben Skowronek","LAR","WR","L 23-30",4.3,0,0,0,1,11,0,1,10,0,1,0,0,0,3.1,0,0,"SF","Home",95,"9/19/23",2
"Ben Skowronek","LAR","WR","L 16-19",4.1,0,0,0,0,0,0,1,3,0,1,0,0,0,1.3,0,0,"Cin","Away",114,"9/26/23",3
"Ben Skowronek","LAR","WR","W 29-23",3.3,0,0,0,0,0,0,0,0,0,0,0,0,0,0,0,0,"Ind","Away",143,"10/3/23",4
"Ben Skowronek","LAR","WR","W 26-9",1.1,0,0,0,0,0,0,0,0,0,0,0,0,0,0,0,0,"Ari","Home",128,"10/17/23",6
"Ben Skowronek","LAR","WR","L 17-24",0,0,0,0,0,0,0,0,0,0,0,0,0,0,0,0,0,"Pit","Home",116,"10/24/23",7
"Ben Skowronek","LAR","WR","L 20-43",0,0,0,0,0,0,0,1,20,1,1,0,0,0,9,0,0,"Dal","Away",54,"10/31/23",8
"Ben Skowronek","LAR","WR","L 3-20",0.4,0,0,0,1,-2,0,0,0,0,0,0,0,0,-0.2,0,0,"GB","Away",146,"11/7/23",9
"Ben Skowronek","LAR","WR","W 17-16",0.7,0,0,0,0,0,0,0,0,0,0,0,0,0,0,0,0,"Sea","Home",126,"11/21/23",11
"Ben Skowronek","LAR","WR","W 37-14",0.5,0,0,0,0,0,0,1,-1,0,1,0,0,0,0.9,0,0,"Ari","Away",122.5,"11/28/23",12
"Ben Skowronek","LAR","WR","W 36-19",0.7,0,0,0,0,0,0,2,12,0,3,0,0,0,3.2,0,0,"Cle","Home",65.5,"12/5/23",13
"Ben Skowronek","LAR","WR","L 31-37",2,0,0,0,0,0,0,0,0,0,0,0,0,0,0,0,0,"Bal","Away",134,"12/12/23",14
"Ben Skowronek","LAR","WR","W 28-20",3.3,0,0,0,0,0,0,0,0,0,0,0,0,0,0,0,0,"Wsh","Home",140,"12/19/23",15
"Ben Skowronek","LAR","WR","W 30-22",0,0,0,0,0,0,0,0,0,0,0,0,0,0,0,0,0,"NO","Home",144.5,"12/26/23",16
"Ben Skowronek","LAR","WR","W 26-25",0,0,0,0,0,0,0,0,0,0,0,0,0,0,0,0,0,"NYG","Away",137.5,"1/2/24",17
"Ben Skowronek","LAR","WR","W 21-20",6,0,0,0,0,0,0,2,22,0,2,0,0,0,4.2,0,0,"SF","Away",74,"1/9/24",18
"Bijan Robinson","Atl","RB","W 24-10",17.8,0,0,0,10,56,0,6,27,1,6,0,0,0,20.3,0,0,"Car","Home",7,"9/12/23",1
"Bijan Robinson","Atl","RB","W 25-24",16.4,0,0,0,19,124,0,4,48,0,5,0,0,0,21.2,0,0,"GB","Home",9,"9/19/23",2
"Bijan Robinson","Atl","RB","L 6-20",18.5,0,0,0,10,33,0,4,27,0,6,0,0,0,10,0,0,"Det","Away",22,"9/26/23",3
"Bijan Robinson","Atl","RB","L 7-23",17.7,0,0,0,14,105,0,5,32,0,5,0,0,0,18.7,0,0,"Jax","Away",11,"10/3/23",4
"Bijan Robinson","Atl","RB","W 21-19",18.4,0,0,0,14,46,0,2,12,1,2,0,1,0,11.8,0,0,"Hou","Home",22,"10/10/23",5
"Bijan Robinson","Atl","RB","L 16-24",17.6,0,0,0,13,37,0,5,43,0,8,0,0,0,13,0,0,"Wsh","Home",18,"10/17/23",6
"Bijan Robinson","Atl","RB","W 16-13",15.6,0,0,0,1,3,0,0,0,0,0,0,0,0,0.3,0,0,"TB","Away",60,"10/24/23",7
"Bijan Robinson","Atl","RB","L 23-28",16.2,0,0,0,11,62,1,0,0,0,5,0,0,0,12.2,0,0,"Ten","Away",18,"10/31/23",8
"Bijan Robinson","Atl","RB","L 28-31",15.3,0,0,0,11,51,0,2,8,0,4,0,1,0,5.9,0,0,"Min","Home",37,"11/7/23",9
"Bijan Robinson","Atl","RB","L 23-25",14.4,0,0,0,22,95,1,1,11,0,2,0,0,0,17.6,0,0,"Ari","Away",12.5,"11/14/23",10
"Bijan Robinson","Atl","RB","W 24-15",14.6,0,0,0,16,91,1,3,32,1,6,0,0,0,27.3,0,0,"NO","Home",3,"11/28/23",12
"Bijan Robinson","Atl","RB","W 13-8",15.2,0,0,0,18,53,0,3,26,0,5,0,0,0,10.9,0,0,"NYJ","Away",20,"12/5/23",13
"Bijan Robinson","Atl","RB","L 25-29",16.8,0,0,0,10,34,1,5,54,0,7,0,0,0,19.8,0,0,"TB","Home",9,"12/12/23",14
"Bijan Robinson","Atl","RB","L 7-9",16.4,0,0,0,7,11,0,1,3,0,3,0,1,0,0.4,0,0,"Car","Away",77,"12/19/23",15
"Bijan Robinson","Atl","RB","W 29-10",14.6,0,0,0,12,72,0,7,50,0,10,0,0,0,19.2,0,0,"Ind","Home",10,"12/26/23",16
"Bijan Robinson","Atl","RB","L 17-37",14.7,0,0,0,15,75,0,3,11,0,4,0,0,0,11.6,0,0,"Chi","Away",24,"1/2/24",17
"Bijan Robinson","Atl","RB","L 17-48",16,0,0,0,11,28,0,7,103,1,8,0,0,0,26.1,0,0,"NO","Away",4,"1/9/24",18
"Blaine Gabbert","KC","QB","W 41-10",0,31,0,2,2,-1,0,0,0,0,0,0,0,0,-2.86,3,5,"Chi","Home",42,"9/26/23",3
"Blaine Gabbert","KC","QB","W 13-12",14.1,154,0,1,5,46,0,0,0,0,0,0,0,0,8.76,15,30,"LAC","Away",23,"1/9/24",18
"Blake Bell","KC","TE","L 20-21",4.7,0,0,0,0,0,0,2,12,1,3,0,0,0,9.2,0,0,"Det","Home",7,"9/12/23",1
"Blake Bell","KC","TE","W 17-9",2.1,0,0,0,0,0,0,0,0,0,0,0,0,0,0,0,0,"Jax","Away",76,"9/19/23",2
"Blake Bell","KC","TE","W 41-10",1.3,0,0,0,0,0,0,0,0,0,0,0,0,0,0,0,0,"Chi","Home",79,"9/26/23",3
"Blake Bell","KC","TE","W 23-20",0.6,0,0,0,0,0,0,0,0,0,0,0,0,0,0,0,0,"NYJ","Away",79.5,"10/3/23",4
"Blake Bell","KC","TE","W 27-20",0.6,0,0,0,0,0,0,0,0,0,0,0,0,0,0,0,0,"Min","Away",71,"10/10/23",5
"Blake Bell","KC","TE","W 19-8",0,0,0,0,0,0,0,0,0,0,0,0,0,0,0,0,0,"Den","Home",72,"10/17/23",6
"Blake Bell","KC","TE","W 31-17",0,0,0,0,0,0,0,1,7,0,1,0,1,0,-0.3,0,0,"LAC","Home",80,"10/24/23",7
"Blake Bell","KC","TE","L 9-24",1.4,0,0,0,0,0,0,0,0,0,1,0,0,0,0,0,0,"Den","Away",73,"10/31/23",8
"Blake Bell","KC","TE","W 21-14",1.4,0,0,0,0,0,0,0,0,0,0,0,0,0,0,0,0,"Mia","Home",68,"11/7/23",9
"Blake Bell","KC","TE","L 17-21",1.3,0,0,0,0,0,0,0,0,0,0,0,0,0,0,0,0,"Phi","Home",67,"11/21/23",11
"Blake Bell","KC","TE","W 31-17",0.6,0,0,0,0,0,0,0,0,0,0,0,0,0,0,0,0,"LV","Away",78,"11/28/23",12
"Blake Bell","KC","TE","L 19-27",0.6,0,0,0,0,0,0,0,0,0,0,0,0,0,0,0,0,"GB","Away",66,"12/5/23",13
"Blake Bell","KC","TE","L 17-20",0,0,0,0,0,0,0,0,0,0,0,0,0,0,0,0,0,"Buf","Home",73,"12/12/23",14
"Blake Bell","KC","TE","W 27-17",0,0,0,0,0,0,0,0,0,0,1,0,0,0,0,0,0,"NE","Away",81.5,"12/19/23",15
"Blake Bell","KC","TE","L 14-20",1.2,0,0,0,0,0,0,1,4,0,1,0,0,0,1.4,0,0,"LV","Home",58.5,"12/26/23",16
"Blake Bell","KC","TE","W 25-17",1.2,0,0,0,0,0,0,0,0,0,0,0,0,0,0,0,0,"Cin","Home",76,"1/2/24",17
"Blake Bell","KC","TE","W 13-12",5.3,0,0,0,0,0,0,1,3,0,2,0,0,0,1.3,0,0,"LAC","Away",56,"1/9/24",18
"Blake Whiteheart","Ari","TE","L 16-21",NA,0,0,0,0,0,0,0,0,0,0,0,0,0,0,0,0,"Hou","Away",67,"11/21/23",11
"Blake Whiteheart","Ari","TE","L 16-27",0,0,0,0,0,0,0,0,0,0,0,0,0,0,0,0,0,"Chi","Away",78,"12/26/23",16
"Bo Melton","GB","WR","L 20-34",2.2,0,0,0,0,0,0,1,7,0,2,0,0,0,1.7,0,0,"TB","Home",101.5,"12/19/23",15
"Bo Melton","GB","WR","W 33-30",4.8,0,0,0,1,7,0,4,44,0,6,0,0,0,9.1,0,0,"Car","Away",47,"12/26/23",16
"Bo Melton","GB","WR","W 33-10",5.8,0,0,0,0,0,0,6,105,1,9,0,0,0,22.5,0,0,"Min","Away",6,"1/2/24",17
"Bo Melton","GB","WR","W 17-9",5,0,0,0,2,14,0,5,62,0,7,0,0,0,12.6,0,0,"Chi","Home",32,"1/9/24",18
"Boston Scott","Phi","RB","W 25-20",1.6,0,0,0,1,3,0,1,7,0,1,0,0,0,2,0,0,"NE","Away",64.5,"9/12/23",1
"Boston Scott","Phi","RB","W 34-28",4.4,0,0,0,5,40,0,0,0,0,0,0,0,0,4,0,0,"Min","Home",50,"9/19/23",2
"Boston Scott","Phi","RB","W 34-31",0,0,0,0,0,0,0,0,0,0,0,0,0,0,0,0,0,"Wsh","Home",93.5,"10/3/23",4
"Boston Scott","Phi","RB","W 23-14",0,0,0,0,0,0,0,0,0,0,0,0,0,0,0,0,0,"LAR","Away",81,"10/10/23",5
"Boston Scott","Phi","RB","L 14-20",0,0,0,0,2,2,0,1,14,0,1,0,0,0,2.6,0,0,"NYJ","Away",53.5,"10/17/23",6
"Boston Scott","Phi","RB","W 31-17",1.9,0,0,0,0,0,0,0,0,0,0,0,0,0,0,0,0,"Mia","Home",76,"10/24/23",7
"Boston Scott","Phi","RB","W 38-31",1.1,0,0,0,0,0,0,1,4,0,1,0,0,0,1.4,0,0,"Wsh","Away",71,"10/31/23",8
"Boston Scott","Phi","RB","W 21-17",1,0,0,0,2,8,0,0,0,0,0,0,0,0,0.8,0,0,"KC","Away",68,"11/21/23",11
"Boston Scott","Phi","RB","W 37-34",1.8,0,0,0,2,14,0,0,0,0,1,0,0,0,1.4,0,0,"Buf","Home",70,"11/28/23",12
"Boston Scott","Phi","RB","L 19-42",1.6,0,0,0,1,2,0,1,27,0,1,0,0,0,3.9,0,0,"SF","Home",38.5,"12/5/23",13
"Boston Scott","Phi","RB","L 13-33",1.7,0,0,0,3,9,0,0,0,0,0,0,0,0,0.9,0,0,"Dal","Away",66,"12/12/23",14
"Boston Scott","Phi","RB","L 17-20",2.2,0,0,0,0,0,0,0,0,0,0,0,0,0,0,0,0,"Sea","Away",94,"12/19/23",15
"Boston Scott","Phi","RB","W 33-25",2.1,0,0,0,1,3,0,0,0,0,0,0,1,0,-1.7,0,0,"NYG","Home",108,"12/26/23",16
"Boston Scott","Phi","RB","L 31-35",1.2,0,0,0,0,0,0,0,0,0,0,0,0,0,0,0,0,"Ari","Home",92.5,"1/2/24",17
"Boston Scott","Phi","RB","L 10-27",5.3,0,0,0,3,5,0,0,0,0,1,0,0,0,0.5,0,0,"NYG","Away",69,"1/9/24",18
"Brady Russell","Sea","TE","W 37-27",NA,0,0,0,0,0,0,0,0,0,0,0,0,0,0,0,0,"Car","Home",79,"9/26/23",3
"Brady Russell","Sea","TE","W 24-3",0,0,0,0,0,0,0,0,0,0,0,0,0,0,0,0,0,"NYG","Away",79.5,"10/3/23",4
"Brady Russell","Sea","TE","L 13-17",0,0,0,0,0,0,0,0,0,0,0,0,0,0,0,0,0,"Cin","Away",72,"10/17/23",6
"Brady Russell","Sea","TE","W 20-10",0,0,0,0,0,0,0,0,0,0,0,0,0,0,0,0,0,"Ari","Home",62,"10/24/23",7
"Brady Russell","Sea","TE","W 24-20",0,0,0,0,0,0,0,0,0,0,0,0,0,0,0,0,0,"Cle","Home",73,"10/31/23",8
"Brady Russell","Sea","TE","L 3-37",0,0,0,0,0,0,0,0,0,0,0,0,0,0,0,0,0,"Bal","Away",68,"11/7/23",9
"Brady Russell","Sea","TE","W 29-26",0,0,0,0,0,0,0,0,0,0,0,0,0,0,0,0,0,"Wsh","Home",69.5,"11/14/23",10
"Brady Russell","Sea","TE","L 16-17",0,0,0,0,0,0,0,0,0,0,0,0,0,0,0,0,0,"LAR","Away",67,"11/21/23",11
"Brady Russell","Sea","TE","L 13-31",0,0,0,0,0,0,0,0,0,0,0,0,0,0,0,0,0,"SF","Home",78,"11/28/23",12
"Brady Russell","Sea","TE","L 35-41",0,0,0,0,0,0,0,0,0,0,0,0,0,0,0,0,0,"Dal","Away",66,"12/5/23",13
"Brady Russell","Sea","TE","L 16-28",0,0,0,0,0,0,0,0,0,0,0,0,0,0,0,0,0,"SF","Away",73,"12/12/23",14
"Brady Russell","Sea","TE","W 20-17",0,0,0,0,0,0,0,0,0,0,0,0,0,0,0,0,0,"Phi","Home",81.5,"12/19/23",15
"Brady Russell","Sea","TE","W 20-17",0,0,0,0,0,0,0,0,0,0,0,0,0,0,0,0,0,"Ten","Away",78,"12/26/23",16
"Brady Russell","Sea","TE","L 23-30",0,0,0,0,0,0,0,0,0,0,0,0,0,0,0,0,0,"Pit","Home",76,"1/2/24",17
"Brady Russell","Sea","TE","W 21-20",0,0,0,0,0,0,0,0,0,0,0,0,0,0,0,0,0,"Ari","Away",76.5,"1/9/24",18
"Brandin Cooks","Dal","WR","W 40-0",11.9,0,0,0,0,0,0,2,22,0,4,0,0,0,4.2,0,0,"NYG","Away",79,"9/12/23",1
"Brandin Cooks","Dal","WR","L 16-28",9.2,0,0,0,0,0,0,2,17,0,7,0,0,0,3.7,0,0,"Ari","Away",87.5,"9/26/23",3
"Brandin Cooks","Dal","WR","W 38-3",8.5,0,0,0,0,0,0,4,27,0,4,0,0,0,6.7,0,0,"NE","Home",55.5,"10/3/23",4
"Brandin Cooks","Dal","WR","L 10-42",8.4,0,0,0,1,6,0,1,7,0,4,0,0,0,2.3,0,0,"SF","Away",82,"10/10/23",5
"Brandin Cooks","Dal","WR","W 20-17",9.2,0,0,0,1,14,0,4,36,1,4,0,0,0,15,0,0,"LAC","Away",20,"10/17/23",6
"Brandin Cooks","Dal","WR","W 43-20",9.6,0,0,0,1,3,0,3,49,1,4,0,0,0,14.2,0,0,"LAR","Home",29.5,"10/31/23",8
"Brandin Cooks","Dal","WR","L 23-28",9.9,0,0,0,0,0,0,1,7,0,2,0,0,0,1.7,0,0,"Phi","Away",97,"11/7/23",9
"Brandin Cooks","Dal","WR","W 49-17",8,0,0,0,0,0,0,9,173,1,10,0,0,0,32.3,0,0,"NYG","Home",3,"11/14/23",10
"Brandin Cooks","Dal","WR","W 33-10",9.7,0,0,0,0,0,0,3,42,0,4,0,0,0,7.2,0,0,"Car","Away",50,"11/21/23",11
"Brandin Cooks","Dal","WR","W 45-10",10.2,0,0,0,0,0,0,4,72,1,5,0,0,0,17.2,0,0,"Wsh","Home",22.5,"11/28/23",12
"Brandin Cooks","Dal","WR","W 41-35",10.7,0,0,0,0,0,0,4,45,1,4,0,0,0,16.5,0,0,"Sea","Home",17,"12/5/23",13
"Brandin Cooks","Dal","WR","W 33-13",10.6,0,0,0,0,0,0,2,37,0,5,0,0,0,5.7,0,0,"Phi","Home",58,"12/12/23",14
"Brandin Cooks","Dal","WR","L 10-31",9.6,0,0,0,0,0,0,2,10,0,6,0,0,0,3,0,0,"Buf","Away",84.5,"12/19/23",15
"Brandin Cooks","Dal","WR","L 20-22",10.4,0,0,0,1,9,0,2,14,1,2,0,0,0,10.3,0,0,"Mia","Away",41,"12/26/23",16
"Brandin Cooks","Dal","WR","W 20-19",10.1,0,0,0,0,0,0,5,60,1,8,0,0,0,17,0,0,"Det","Home",18,"1/2/24",17
"Brandin Cooks","Dal","WR","W 38-10",10.4,0,0,0,1,3,0,6,39,1,8,0,0,0,16.2,0,0,"Wsh","Away",19,"1/9/24",18
"Brandon Aiyuk","SF","WR","W 30-7",10.6,0,0,0,0,0,0,8,129,2,8,0,0,0,32.9,0,0,"Pit","Away",2,"9/12/23",1
"Brandon Aiyuk","SF","WR","W 30-23",13.9,0,0,0,0,0,0,3,43,0,6,0,0,0,7.3,0,0,"LAR","Away",65,"9/19/23",2
"Brandon Aiyuk","SF","WR","W 35-16",13.8,0,0,0,0,0,0,6,148,0,6,0,0,0,20.8,0,0,"Ari","Home",9,"10/3/23",4
"Brandon Aiyuk","SF","WR","W 42-10",15.5,0,0,0,0,0,0,4,58,0,7,0,0,0,9.8,0,0,"Dal","Home",36.5,"10/10/23",5
"Brandon Aiyuk","SF","WR","L 17-19",14.5,0,0,0,0,0,0,4,76,0,10,0,0,0,11.6,0,0,"Cle","Away",33,"10/17/23",6
"Brandon Aiyuk","SF","WR","L 17-22",15.9,0,0,0,0,0,0,5,57,0,6,0,0,0,10.7,0,0,"Min","Away",35,"10/24/23",7
"Brandon Aiyuk","SF","WR","L 17-31",15.8,0,0,0,0,0,0,5,109,0,9,0,0,0,15.9,0,0,"Cin","Home",22,"10/31/23",8
"Brandon Aiyuk","SF","WR","W 34-3",15.3,0,0,0,0,0,0,3,55,1,3,0,0,0,14.5,0,0,"Jax","Away",22,"11/14/23",10
"Brandon Aiyuk","SF","WR","W 27-14",15.3,0,0,0,0,0,0,5,156,1,6,0,0,0,26.6,0,0,"TB","Home",5,"11/21/23",11
"Brandon Aiyuk","SF","WR","W 31-13",16.3,0,0,0,0,0,0,2,50,1,4,0,0,0,13,0,0,"Sea","Away",30,"11/28/23",12
"Brandon Aiyuk","SF","WR","W 42-19",15.5,0,0,0,0,0,0,5,46,1,7,0,0,0,15.6,0,0,"Phi","Away",20,"12/5/23",13
"Brandon Aiyuk","SF","WR","W 28-16",14.8,0,0,0,0,0,0,6,126,0,9,0,1,0,16.6,0,0,"Sea","Home",14,"12/12/23",14
"Brandon Aiyuk","SF","WR","W 45-29",16.1,0,0,0,0,0,0,3,37,0,5,0,0,0,6.7,0,0,"Ari","Away",56.5,"12/19/23",15
"Brandon Aiyuk","SF","WR","L 19-33",15.2,0,0,0,0,0,0,6,113,0,7,0,0,0,17.3,0,0,"Bal","Home",21,"12/26/23",16
"Brandon Aiyuk","SF","WR","W 27-10",15.5,0,0,0,0,0,0,7,114,1,8,0,0,0,24.4,0,0,"Wsh","Away",5,"1/2/24",17
"Brandon Aiyuk","SF","WR","L 20-21",4.3,0,0,0,0,0,0,3,25,0,4,0,0,0,5.5,0,0,"LAR","Home",60,"1/9/24",18
"Brandon Bolden","LV","RB","W 17-16",0.9,0,0,0,0,0,0,0,0,0,0,0,0,0,0,0,0,"Den","Away",96,"9/12/23",1
"Brandon Bolden","LV","RB","L 10-38",0,0,0,0,0,0,0,0,0,0,0,0,0,0,0,0,0,"Buf","Away",96,"9/19/23",2
"Brandon Bolden","LV","RB","L 18-23",0,0,0,0,0,0,0,0,0,0,0,0,0,0,0,0,0,"Pit","Home",95.5,"9/26/23",3
"Brandon Bolden","LV","RB","L 17-24",0,0,0,0,0,0,0,0,0,0,0,0,0,0,0,0,0,"LAC","Away",93.5,"10/3/23",4
"Brandon Bolden","LV","RB","W 21-17",0,0,0,0,0,0,0,0,0,0,0,0,0,0,0,0,0,"NE","Home",93,"10/17/23",6
"Brandon Bolden","LV","RB","L 12-30",0,0,0,0,0,0,0,0,0,0,0,0,0,0,0,0,0,"Chi","Away",76,"10/24/23",7
"Brandon Bolden","LV","RB","L 14-26",0,0,0,0,0,0,0,0,0,0,0,0,0,0,0,0,0,"Det","Away",97,"10/31/23",8
"Brandon Bolden","LV","RB","W 30-6",0,0,0,0,0,0,0,0,0,0,0,0,0,0,0,0,0,"NYG","Home",82.5,"11/7/23",9
"Brandon Bolden","LV","RB","W 16-12",0,0,0,0,0,0,0,0,0,0,0,0,0,0,0,0,0,"NYJ","Home",83,"11/14/23",10
"Brandon Bolden","LV","RB","L 13-20",0,0,0,0,0,0,0,0,0,0,0,0,0,0,0,0,0,"Mia","Away",80,"11/21/23",11
"Brandon Bolden","LV","RB","L 17-31",0,0,0,0,0,0,0,0,0,0,0,0,0,0,0,0,0,"KC","Home",90,"11/28/23",12
"Brandon Bolden","LV","RB","L 0-3",0,0,0,0,0,0,0,0,0,0,0,0,0,0,0,0,0,"Min","Home",89.5,"12/12/23",14
"Brandon Bolden","LV","RB","W 63-21",1.4,0,0,0,2,25,1,0,0,0,0,0,0,0,8.5,0,0,"LAC","Home",32,"12/19/23",15
"Brandon Bolden","LV","RB","W 20-14",0,0,0,0,0,0,0,0,0,0,0,0,0,0,2,0,0,"KC","Away",63.5,"12/26/23",16
"Brandon Bolden","LV","RB","L 20-23",0,0,0,0,2,6,0,0,0,0,0,0,0,0,0.6,0,0,"Ind","Away",76,"1/2/24",17
"Brandon Bolden","LV","RB","W 27-14",1.8,0,0,0,0,0,0,0,0,0,0,0,0,0,0,0,0,"Den","Home",88.5,"1/9/24",18
"Brandon Johnson","Den","WR","L 16-17",6.1,0,0,0,0,0,0,2,31,0,3,0,0,0,5.1,0,0,"LV","Home",70.5,"9/12/23",1
"Brandon Johnson","Den","WR","L 33-35",2,0,0,0,0,0,0,2,66,2,3,0,0,0,20.6,0,0,"Wsh","Home",15,"9/19/23",2
"Brandon Johnson","Den","WR","L 20-70",3.8,0,0,0,0,0,0,2,12,0,3,0,0,0,3.2,0,0,"Mia","Away",92,"9/26/23",3
"Brandon Johnson","Den","WR","W 31-28",5.7,0,0,0,0,0,0,1,4,1,1,0,0,0,7.4,0,0,"Chi","Away",51.5,"10/3/23",4
"Brandon Johnson","Den","WR","L 21-31",5,0,0,0,0,0,0,1,9,0,1,0,0,0,1.9,0,0,"NYJ","Home",93,"10/10/23",5
"Brandon Johnson","Den","WR","L 8-19",3.9,0,0,0,0,0,0,0,0,0,2,0,0,0,0,0,0,"KC","Away",128,"10/17/23",6
"Brandon Johnson","Den","WR","W 19-17",4,0,0,0,0,0,0,0,0,0,0,0,0,0,0,0,0,"GB","Home",116,"10/24/23",7
"Brandon Johnson","Den","WR","L 17-22",1.5,0,0,0,0,0,0,0,0,0,0,0,0,0,0,0,0,"Hou","Away",113,"12/5/23",13
"Brandon Johnson","Den","WR","W 24-7",0.9,0,0,0,0,0,0,0,0,0,0,0,0,0,0,0,0,"LAC","Away",134,"12/12/23",14
"Brandon Johnson","Den","WR","L 17-42",0,0,0,0,0,0,0,0,0,0,1,0,0,0,0,0,0,"Det","Away",140,"12/19/23",15
"Brandon Johnson","Den","WR","L 23-26",0.4,0,0,0,0,0,0,3,47,1,5,0,0,0,15.7,0,0,"NE","Home",24,"12/26/23",16
"Brandon Johnson","Den","WR","W 16-9",6.8,0,0,0,0,0,0,4,27,0,6,0,0,0,6.7,0,0,"LAC","Home",57,"1/2/24",17
"Brandon Johnson","Den","WR","L 14-27",0.9,0,0,0,0,0,0,4,88,0,5,0,0,0,12.8,0,0,"LV","Away",31,"1/9/24",18
"Brandon Powell","Min","WR","L 17-20",1.5,0,0,0,0,0,0,0,0,0,0,0,0,0,0,0,0,"TB","Home",135,"9/12/23",1
"Brandon Powell","Min","WR","L 28-34",0.3,0,0,0,0,0,0,0,0,0,0,0,1,0,-2,0,0,"Phi","Away",168.5,"9/19/23",2
"Brandon Powell","Min","WR","L 24-28",0.3,0,0,0,0,0,0,1,5,0,1,0,0,0,1.5,0,0,"LAC","Home",110.5,"9/26/23",3
"Brandon Powell","Min","WR","W 21-13",0.7,0,0,0,0,0,0,0,0,0,0,0,0,0,0,0,0,"Car","Away",143,"10/3/23",4
"Brandon Powell","Min","WR","L 20-27",0.1,0,0,0,1,9,0,4,43,0,6,0,0,0,9.2,0,0,"KC","Home",40,"10/10/23",5
"Brandon Powell","Min","WR","W 19-13",8.6,0,0,0,1,-1,0,3,20,0,4,0,0,0,4.9,0,0,"Chi","Away",69.5,"10/17/23",6
"Brandon Powell","Min","WR","W 22-17",8.7,0,0,0,1,5,0,4,64,0,5,0,0,0,10.9,0,0,"SF","Home",34,"10/24/23",7
"Brandon Powell","Min","WR","W 24-10",8.9,0,0,0,1,2,0,1,10,0,3,0,0,0,2.2,0,0,"GB","Away",99,"10/31/23",8
"Brandon Powell","Min","WR","W 31-28",6.2,0,0,0,0,0,0,2,15,1,3,0,0,0,9.5,0,0,"Atl","Away",34,"11/7/23",9
"Brandon Powell","Min","WR","W 27-19",6.2,0,0,0,0,0,0,4,35,0,5,0,0,0,7.5,0,0,"NO","Home",43.5,"11/14/23",10
"Brandon Powell","Min","WR","L 20-21",4,0,0,0,0,0,0,3,32,0,4,0,0,0,6.2,0,0,"Den","Away",56,"11/21/23",11
"Brandon Powell","Min","WR","L 10-12",6.5,0,0,0,1,2,0,3,45,0,3,0,0,0,7.7,0,0,"Chi","Home",54.5,"11/28/23",12
"Brandon Powell","Min","WR","W 3-0",0.9,0,0,0,0,0,0,0,0,0,1,0,0,0,0,0,0,"LV","Away",134,"12/12/23",14
"Brandon Powell","Min","WR","L 24-27",2.2,0,0,0,0,0,0,0,0,0,0,0,0,0,0,0,0,"Cin","Away",140,"12/19/23",15
"Brandon Powell","Min","WR","L 24-30",0.4,0,0,0,0,0,0,3,53,0,4,0,0,0,8.3,0,0,"Det","Home",49,"12/26/23",16
"Brandon Powell","Min","WR","L 10-33",2.4,0,0,0,0,0,0,0,0,0,2,0,0,0,0,0,0,"GB","Home",137.5,"1/2/24",17
"Brandon Powell","Min","WR","L 20-30",3.8,0,0,0,0,0,0,1,2,0,3,0,0,0,1.2,0,0,"Det","Away",115.5,"1/9/24",18
"Braxton Berrios","Mia","WR","W 36-34",5,0,0,0,0,0,0,3,42,0,5,0,0,0,7.2,0,0,"LAC","Away",55,"9/12/23",1
"Braxton Berrios","Mia","WR","W 24-17",4.9,0,0,0,0,0,0,2,28,0,3,0,0,0,4.8,0,0,"NE","Away",85.5,"9/19/23",2
"Braxton Berrios","Mia","WR","W 70-20",8.5,0,0,0,0,0,0,2,33,0,2,0,0,0,5.3,0,0,"Den","Home",78,"9/26/23",3
"Braxton Berrios","Mia","WR","L 20-48",6.9,0,0,0,1,11,0,6,43,1,6,0,0,0,17.4,0,0,"Buf","Away",13,"10/3/23",4
"Braxton Berrios","Mia","WR","W 31-16",6.9,0,0,0,0,0,0,2,13,0,2,0,0,0,3.3,0,0,"NYG","Home",73.5,"10/10/23",5
"Braxton Berrios","Mia","WR","W 42-21",6.6,0,0,0,0,0,0,2,20,0,2,0,0,0,4,0,0,"Car","Home",78,"10/17/23",6
"Braxton Berrios","Mia","WR","L 17-31",4.9,0,0,0,0,0,0,1,7,0,2,0,0,0,1.7,0,0,"Phi","Away",86,"10/24/23",7
"Braxton Berrios","Mia","WR","W 31-17",5.9,0,0,0,0,0,0,2,8,0,3,0,0,0,2.8,0,0,"NE","Home",93,"10/31/23",8
"Braxton Berrios","Mia","WR","L 14-21",4.7,0,0,0,0,0,0,0,0,0,0,0,0,0,0,0,0,"KC","Away",126.5,"11/7/23",9
"Braxton Berrios","Mia","WR","W 34-13",3,0,0,0,0,0,0,0,0,0,1,0,0,0,0,0,0,"NYJ","Away",149,"11/28/23",12
"Braxton Berrios","Mia","WR","W 45-15",5,0,0,0,0,0,0,0,0,0,0,0,0,0,0,0,0,"Wsh","Away",113,"12/5/23",13
"Braxton Berrios","Mia","WR","L 27-28",4.3,0,0,0,0,0,0,2,13,0,2,0,0,0,3.3,0,0,"Ten","Home",83,"12/12/23",14
"Braxton Berrios","Mia","WR","W 30-0",7.8,0,0,0,0,0,0,1,12,0,1,0,0,0,2.2,0,0,"NYJ","Home",96.5,"12/19/23",15
"Braxton Berrios","Mia","WR","W 22-20",2.4,0,0,0,0,0,0,0,0,0,0,0,0,0,0,0,0,"Dal","Home",144.5,"12/26/23",16
"Braxton Berrios","Mia","WR","L 19-56",5.3,0,0,0,0,0,0,2,10,0,2,0,0,0,3,0,0,"Bal","Away",81,"1/2/24",17
"Braxton Berrios","Mia","WR","L 14-21",4.8,0,0,0,0,0,0,2,9,0,2,0,0,0,2.9,0,0,"Buf","Home",88.5,"1/9/24",18
"Brayden Willis","SF","TE","W 30-12",0,0,0,0,0,0,0,0,0,0,0,0,0,0,0,0,0,"NYG","Home",79,"9/26/23",3
"Brayden Willis","SF","TE","W 35-16",0,0,0,0,0,0,0,0,0,0,0,0,0,0,0,0,0,"Ari","Home",79.5,"10/3/23",4
"Brayden Willis","SF","TE","W 28-16",0,0,0,0,0,0,0,0,0,0,0,0,0,0,0,0,0,"Sea","Home",73,"12/12/23",14
"Brayden Willis","SF","TE","W 45-29",0,0,0,0,0,0,0,0,0,0,0,0,0,0,0,0,0,"Ari","Away",81.5,"12/19/23",15
"Brayden Willis","SF","TE","L 19-33",0,0,0,0,0,0,0,0,0,0,0,0,0,0,0,0,0,"Bal","Home",78,"12/26/23",16
"Brayden Willis","SF","TE","W 27-10",0,0,0,0,0,0,0,0,0,0,0,0,0,0,0,0,0,"Wsh","Away",76,"1/2/24",17
"Brayden Willis","SF","TE","L 20-21",3.3,0,0,0,0,0,0,0,0,0,0,0,0,0,0,0,0,"LAR","Home",76.5,"1/9/24",18
"Breece Hall","NYJ","RB","W 22-16",7.5,0,0,0,10,127,0,1,20,0,2,0,0,0,15.7,0,0,"Buf","Home",11,"9/12/23",1
"Breece Hall","NYJ","RB","L 10-30",10.5,0,0,0,4,9,0,0,0,0,2,0,0,0,0.9,0,0,"Dal","Away",69,"9/19/23",2
"Breece Hall","NYJ","RB","L 10-15",10.7,0,0,0,12,18,0,1,9,0,2,0,0,0,3.7,0,0,"NE","Home",54,"9/26/23",3
"Breece Hall","NYJ","RB","L 20-23",11.4,0,0,0,6,56,0,3,13,0,4,0,0,0,9.9,0,0,"KC","Home",23,"10/3/23",4
"Breece Hall","NYJ","RB","W 31-21",13.1,0,0,0,22,177,1,3,17,0,3,0,0,0,28.4,0,0,"Den","Away",3,"10/10/23",5
"Breece Hall","NYJ","RB","W 20-14",13.3,0,0,0,12,39,1,5,54,0,5,0,0,0,20.3,0,0,"Phi","Home",4,"10/17/23",6
"Breece Hall","NYJ","RB","W 13-10",15.7,0,0,0,12,17,0,6,76,1,9,0,0,0,21.3,0,0,"NYG","Away",7,"10/31/23",8
"Breece Hall","NYJ","RB","L 6-27",16.2,0,0,0,16,50,0,4,10,0,4,0,0,0,10,0,0,"LAC","Home",23,"11/7/23",9
"Breece Hall","NYJ","RB","L 12-16",15.7,0,0,0,13,28,0,3,47,0,3,0,0,0,10.5,0,0,"LV","Away",27.5,"11/14/23",10
"Breece Hall","NYJ","RB","L 6-32",14,0,0,0,10,23,0,5,50,1,6,0,0,0,18.3,0,0,"Buf","Away",11,"11/21/23",11
"Breece Hall","NYJ","RB","L 13-34",15.3,0,0,0,7,25,0,7,24,0,9,0,0,0,11.9,0,0,"Mia","Home",22.5,"11/28/23",12
"Breece Hall","NYJ","RB","L 8-13",16.3,0,0,0,13,16,0,6,29,0,8,0,0,0,10.5,0,0,"Atl","Home",21,"12/5/23",13
"Breece Hall","NYJ","RB","W 30-6",14.3,0,0,0,10,40,0,8,86,1,9,0,0,0,26.6,0,0,"Hou","Home",2,"12/12/23",14
"Breece Hall","NYJ","RB","L 0-30",15.5,0,0,0,6,12,0,1,6,0,2,0,0,0,2.8,0,0,"Mia","Away",61,"12/19/23",15
"Breece Hall","NYJ","RB","W 30-28",16,0,0,0,20,95,2,12,96,0,16,0,0,0,43.1,0,0,"Wsh","Home",1,"12/26/23",16
"Breece Hall","NYJ","RB","L 20-37",15.8,0,0,0,13,84,0,9,42,1,9,0,0,0,27.6,0,0,"Cle","Away",3,"1/2/24",17
"Breece Hall","NYJ","RB","W 17-3",17.3,0,0,0,37,178,1,2,12,0,2,0,0,0,29,0,0,"NE","Away",2,"1/9/24",18
"Brenton Strange","Jax","TE","W 31-21",1.8,0,0,0,0,0,0,0,0,0,0,0,0,0,0,0,0,"Ind","Away",75,"9/12/23",1
"Brenton Strange","Jax","TE","L 9-17",1.2,0,0,0,0,0,0,0,0,0,0,0,0,0,0,0,0,"KC","Home",76,"9/19/23",2
"Brenton Strange","Jax","TE","L 17-37",0.3,0,0,0,0,0,0,2,7,0,2,0,0,0,2.7,0,0,"Hou","Home",37,"9/26/23",3
"Brenton Strange","Jax","TE","W 23-7",0.6,0,0,0,0,0,0,0,0,0,0,0,0,0,0,0,0,"Atl","Home",79.5,"10/3/23",4
"Brenton Strange","Jax","TE","W 25-20",0.6,0,0,0,0,0,0,0,0,0,1,0,0,0,0,0,0,"Buf","Away",71,"10/10/23",5
"Brenton Strange","Jax","TE","W 37-20",1.1,0,0,0,0,0,0,2,27,1,3,0,0,0,10.7,0,0,"Ind","Home",11,"10/17/23",6
"Brenton Strange","Jax","TE","W 31-24",2.3,0,0,0,0,0,0,0,0,0,0,0,0,0,0,0,0,"NO","Away",62,"10/24/23",7
"Brenton Strange","Jax","TE","W 20-10",1.7,0,0,0,0,0,0,0,0,0,0,0,0,0,0,0,0,"Pit","Away",73,"10/31/23",8
"Brenton Strange","Jax","TE","L 3-34",1.2,0,0,0,0,0,0,0,0,0,1,0,0,0,0,0,0,"SF","Home",69.5,"11/14/23",10
"Brenton Strange","Jax","TE","W 34-14",1.2,0,0,0,0,0,0,0,0,0,0,0,0,0,0,0,0,"Ten","Home",67,"11/21/23",11
"Brenton Strange","Jax","TE","W 24-21",1.2,0,0,0,0,0,0,0,0,0,0,0,0,0,0,0,0,"Hou","Away",78,"11/28/23",12
"Brenton Strange","Jax","TE","L 12-30",0.6,0,0,0,0,0,0,0,0,0,0,0,0,0,0,0,0,"TB","Away",78,"12/26/23",16
"Brenton Strange","Jax","TE","W 26-0",0.6,0,0,0,0,0,0,1,1,0,2,0,0,0,1.1,0,0,"Car","Home",59,"1/2/24",17
"Brenton Strange","Jax","TE","L 20-28",1.2,0,0,0,0,0,0,0,0,0,0,0,0,0,0,0,0,"Ten","Away",76.5,"1/9/24",18
"Brett Rypien","LAR","QB","L 20-43",0,42,0,0,0,0,0,0,0,0,0,0,0,0,1.68,5,10,"Dal","Away",36,"10/31/23",8
"Brevin Jordan","Hou","TE","L 9-25",0.5,0,0,0,0,0,0,0,0,0,0,0,0,0,0,0,0,"Bal","Away",75,"9/12/23",1
"Brevin Jordan","Hou","TE","L 20-31",0,0,0,0,0,0,0,2,27,0,2,0,0,0,4.7,0,0,"Ind","Home",36,"9/19/23",2
"Brevin Jordan","Hou","TE","W 37-17",1.6,0,0,0,0,0,0,2,13,1,2,0,0,0,9.3,0,0,"Jax","Away",12,"9/26/23",3
"Brevin Jordan","Hou","TE","W 30-6",2.2,0,0,0,0,0,0,0,0,0,0,0,0,0,0,0,0,"Pit","Home",79.5,"10/3/23",4
"Brevin Jordan","Hou","TE","L 19-21",1.7,0,0,0,0,0,0,0,0,0,0,0,0,0,0,0,0,"Atl","Away",71,"10/10/23",5
"Brevin Jordan","Hou","TE","W 20-13",1.6,0,0,0,0,0,0,1,11,0,1,0,0,0,2.1,0,0,"NO","Home",37,"10/17/23",6
"Brevin Jordan","Hou","TE","W 21-16",1.1,0,0,0,0,0,0,0,0,0,0,0,0,0,0,0,0,"Ari","Home",67,"11/21/23",11
"Brevin Jordan","Hou","TE","L 21-24",0.6,0,0,0,0,0,0,1,9,0,2,0,0,0,1.9,0,0,"Jax","Home",49,"11/28/23",12
"Brevin Jordan","Hou","TE","W 22-17",5.4,0,0,0,0,0,0,3,64,0,5,0,0,0,9.4,0,0,"Den","Home",10.5,"12/5/23",13
"Brevin Jordan","Hou","TE","L 6-30",7.5,0,0,0,0,0,0,3,35,0,3,0,0,0,6.5,0,0,"NYJ","Away",29,"12/12/23",14
"Brevin Jordan","Hou","TE","W 19-16",2.2,0,0,0,0,0,0,1,14,0,1,0,0,0,2.4,0,0,"Ten","Away",49,"12/19/23",15
"Brevin Jordan","Hou","TE","L 22-36",0.9,0,0,0,0,0,0,2,27,0,3,0,0,0,4.7,0,0,"Cle","Home",34,"12/26/23",16
"Brevin Jordan","Hou","TE","W 26-3",2.3,0,0,0,0,0,0,2,19,1,2,0,0,0,9.9,0,0,"Ten","Home",15,"1/2/24",17
"Brevin Jordan","Hou","TE","W 23-19",2.3,0,0,0,0,0,0,0,0,0,0,0,0,0,0,0,0,"Ind","Away",76.5,"1/9/24",18
"Brian Hoyer","LV","QB","W 17-16",0,0,0,0,0,0,0,0,0,0,0,0,0,0,0,0,0,"Den","Away",36,"9/12/23",1
"Brian Hoyer","LV","QB","W 21-17",0,102,0,0,3,-3,0,0,0,0,0,0,0,0,3.78,6,10,"NE","Home",31.5,"10/17/23",6
"Brian Hoyer","LV","QB","L 12-30",14,129,0,2,0,0,0,0,0,0,0,0,0,0,1.16,17,32,"Chi","Away",27,"10/24/23",7
"Brian Robinson Jr.","Wsh","RB","W 20-16",11.3,0,0,0,19,59,0,1,7,1,2,0,0,0,13.6,0,0,"Ari","Home",15,"9/12/23",1
"Brian Robinson Jr.","Wsh","RB","W 35-33",10.7,0,0,0,18,87,2,2,42,0,3,0,0,0,28.9,0,0,"Den","Away",1,"9/19/23",2
"Brian Robinson Jr.","Wsh","RB","L 3-37",12.9,0,0,0,10,70,0,0,0,0,0,0,0,0,7,0,0,"Buf","Home",34.5,"9/26/23",3
"Brian Robinson Jr.","Wsh","RB","L 31-34",11.3,0,0,0,14,45,1,2,6,0,2,0,0,0,13.1,0,0,"Phi","Away",15,"10/3/23",4
"Brian Robinson Jr.","Wsh","RB","L 20-40",14,0,0,0,6,10,0,4,33,0,4,0,0,0,8.3,0,0,"Chi","Home",30,"10/10/23",5
"Brian Robinson Jr.","Wsh","RB","W 24-16",10.5,0,0,0,10,31,0,2,25,1,2,0,0,0,13.6,0,0,"Atl","Away",17,"10/17/23",6
"Brian Robinson Jr.","Wsh","RB","L 7-14",11.6,0,0,0,8,23,1,0,0,0,1,0,0,0,8.3,0,0,"NYG","Away",27,"10/24/23",7
"Brian Robinson Jr.","Wsh","RB","L 31-38",8.6,0,0,0,10,59,0,2,20,0,2,0,0,0,9.9,0,0,"Phi","Home",25,"10/31/23",8
"Brian Robinson Jr.","Wsh","RB","W 20-17",9.4,0,0,0,18,63,1,1,4,0,2,0,1,0,11.7,0,0,"NE","Away",18,"11/7/23",9
"Brian Robinson Jr.","Wsh","RB","L 26-29",9.7,0,0,0,8,38,0,6,119,1,6,0,0,0,27.7,0,0,"Sea","Away",1,"11/14/23",10
"Brian Robinson Jr.","Wsh","RB","L 19-31",14.2,0,0,0,17,73,0,7,58,0,9,0,0,0,20.1,0,0,"NYG","Home",7,"11/21/23",11
"Brian Robinson Jr.","Wsh","RB","L 10-45",12.8,0,0,0,15,53,0,2,11,0,3,0,0,0,8.4,0,0,"Dal","Away",34,"11/28/23",12
"Brian Robinson Jr.","Wsh","RB","L 15-45",11.5,0,0,0,7,53,0,0,0,0,0,0,0,0,5.3,0,0,"Mia","Home",32,"12/5/23",13
"Brian Robinson Jr.","Wsh","RB","L 10-27",12.3,0,0,0,9,44,0,4,32,0,4,0,0,0,11.6,0,0,"SF","Home",24,"1/2/24",17
"Brian Robinson Jr.","Wsh","RB","L 10-38",12.4,0,0,0,9,25,0,3,10,1,3,0,1,0,10.5,0,0,"Dal","Home",27,"1/9/24",18
"Britain Covey","Phi","WR","W 25-20",0.1,0,0,0,0,0,0,0,0,0,0,0,0,0,0,0,0,"NE","Away",135,"9/12/23",1
"Britain Covey","Phi","WR","W 34-28",0,0,0,0,0,0,0,0,0,0,0,0,0,0,0,0,0,"Min","Home",145,"9/19/23",2
"Britain Covey","Phi","WR","W 25-11",0.1,0,0,0,0,0,0,0,0,0,0,0,0,0,0,0,0,"TB","Away",141,"9/26/23",3
"Britain Covey","Phi","WR","W 34-31",0.1,0,0,0,0,0,0,0,0,0,0,0,0,0,0,0,0,"Wsh","Home",143,"10/3/23",4
"Britain Covey","Phi","WR","W 23-14",0.1,0,0,0,0,0,0,0,0,0,0,0,0,0,0,0,0,"LAR","Away",124.5,"10/10/23",5
"Britain Covey","Phi","WR","L 14-20",0.1,0,0,0,0,0,0,0,0,0,0,0,0,0,0,0,0,"NYJ","Away",128,"10/17/23",6
"Britain Covey","Phi","WR","W 31-17",0.1,0,0,0,0,0,0,0,0,0,0,0,0,0,0,0,0,"Mia","Home",116,"10/24/23",7
"Britain Covey","Phi","WR","W 38-31",0.1,0,0,0,0,0,0,0,0,0,0,0,0,0,0,0,0,"Wsh","Away",138,"10/31/23",8
"Britain Covey","Phi","WR","W 28-23",0.1,0,0,0,0,0,0,0,0,0,0,0,0,0,0,0,0,"Dal","Home",126.5,"11/7/23",9
"Britain Covey","Phi","WR","W 21-17",0.1,0,0,0,0,0,0,0,0,0,0,0,0,0,0,0,0,"KC","Away",126,"11/21/23",11
"Britain Covey","Phi","WR","W 37-34",0.1,0,0,0,0,0,0,0,0,0,0,0,0,0,0,0,0,"Buf","Home",149,"11/28/23",12
"Britain Covey","Phi","WR","L 19-42",0.1,0,0,0,0,0,0,0,0,0,0,0,0,0,0,0,0,"SF","Home",113,"12/5/23",13
"Britain Covey","Phi","WR","L 13-33",0.1,0,0,0,0,0,0,0,0,0,0,0,0,0,0,0,0,"Dal","Away",134,"12/12/23",14
"Britain Covey","Phi","WR","L 17-20",0.1,0,0,0,0,0,0,0,0,0,0,0,0,0,0,0,0,"Sea","Away",140,"12/19/23",15
"Britain Covey","Phi","WR","W 33-25",0.1,0,0,0,0,0,0,1,7,0,1,0,0,0,1.7,0,0,"NYG","Home",108.5,"12/26/23",16
"Britain Covey","Phi","WR","L 10-27",0.7,0,0,0,0,0,0,3,35,0,5,0,0,0,6.5,0,0,"NYG","Away",55,"1/9/24",18
"Brock Purdy","SF","QB","W 30-7",13.8,220,2,0,3,20,0,0,0,0,0,0,1,0,16.8,19,29,"Pit","Away",9,"9/12/23",1
"Brock Purdy","SF","QB","W 30-23",17.1,206,0,0,3,5,1,0,0,0,0,0,0,0,14.74,17,25,"LAR","Away",21.5,"9/19/23",2
"Brock Purdy","SF","QB","W 30-12",17.6,310,2,0,4,-1,0,0,0,0,0,0,0,0,20.3,25,37,"NYG","Home",11,"9/26/23",3
"Brock Purdy","SF","QB","W 35-16",17.9,283,1,0,2,0,1,0,0,0,0,0,0,0,21.32,20,21,"Ari","Home",11,"10/3/23",4
"Brock Purdy","SF","QB","W 42-10",16.5,252,4,0,0,0,0,0,0,0,0,0,0,0,26.08,17,24,"Dal","Home",6,"10/10/23",5
"Brock Purdy","SF","QB","L 17-19",15.9,125,1,1,3,7,0,0,0,0,0,0,0,0,7.7,12,27,"Cle","Away",24,"10/17/23",6
"Brock Purdy","SF","QB","L 17-22",16.7,272,1,2,5,19,0,0,0,0,0,0,0,0,12.78,21,30,"Min","Away",20,"10/24/23",7
"Brock Purdy","SF","QB","L 17-31",16.8,365,1,2,6,57,0,0,0,0,0,0,1,0,18.3,22,31,"Cin","Home",12.5,"10/31/23",8
"Brock Purdy","SF","QB","W 34-3",16.1,296,3,0,0,0,0,0,0,0,0,0,0,0,23.84,19,26,"Jax","Away",6,"11/14/23",10
"Brock Purdy","SF","QB","W 27-14",18.4,333,3,0,4,14,0,0,0,0,0,0,0,0,26.72,21,25,"TB","Home",2,"11/21/23",11
"Brock Purdy","SF","QB","W 31-13",19.1,209,1,1,3,1,0,0,0,0,0,0,0,0,10.46,21,30,"Sea","Away",23,"11/28/23",12
"Brock Purdy","SF","QB","W 42-19",18.8,314,4,0,2,9,0,0,0,0,0,0,0,0,29.46,19,27,"Phi","Away",2,"12/5/23",13
"Brock Purdy","SF","QB","W 28-16",19.4,368,2,1,2,7,0,0,0,0,0,0,0,0,21.42,19,27,"Sea","Home",6,"12/12/23",14
"Brock Purdy","SF","QB","W 45-29",20.4,242,4,0,0,0,0,0,0,0,0,0,0,0,25.68,16,25,"Ari","Away",4,"12/19/23",15
"Brock Purdy","SF","QB","L 19-33",18.9,255,0,4,1,2,0,0,0,0,0,0,0,0,2.4,18,32,"Bal","Home",34,"12/26/23",16
"Brock Purdy","SF","QB","W 27-10",20,230,2,0,1,4,0,0,0,0,0,0,0,0,17.6,22,28,"Wsh","Away",12,"1/2/24",17
"Brock Wright","Det","TE","W 21-20",2.5,0,0,0,0,0,0,2,17,0,2,0,0,0,3.7,0,0,"KC","Away",35,"9/12/23",1
"Brock Wright","Det","TE","L 31-37",2.3,0,0,0,0,0,0,0,0,0,0,0,0,0,0,0,0,"Sea","Home",76,"9/19/23",2
"Brock Wright","Det","TE","W 20-6",1.7,0,0,0,0,0,0,0,0,0,0,0,0,0,0,0,0,"Atl","Home",79,"9/26/23",3
"Brock Wright","Det","TE","W 34-20",1.1,0,0,0,0,0,0,0,0,0,0,0,0,0,0,0,0,"GB","Away",79.5,"10/3/23",4
"Brock Wright","Det","TE","W 42-24",0.5,0,0,0,0,0,0,3,16,0,3,0,0,0,4.6,0,0,"Car","Home",26,"10/10/23",5
"Brock Wright","Det","TE","W 20-6",0.5,0,0,0,0,0,0,1,7,0,1,0,0,0,1.7,0,0,"TB","Away",43.5,"10/17/23",6
"Brock Wright","Det","TE","L 6-38",1.2,0,0,0,0,0,0,0,0,0,0,0,0,0,0,0,0,"Bal","Away",62,"10/24/23",7
"Brock Wright","Det","TE","W 26-14",1.2,0,0,0,0,0,0,1,5,0,1,0,0,0,1.5,0,0,"LV","Home",46,"10/31/23",8
"Brock Wright","Det","TE","W 41-38",1.9,0,0,0,0,0,0,2,23,1,3,0,0,0,10.3,0,0,"LAC","Away",10,"11/14/23",10
"Brock Wright","Det","TE","W 31-26",2.4,0,0,0,0,0,0,0,0,0,0,0,0,0,0,0,0,"Chi","Home",67,"11/21/23",11
"Brock Wright","Det","TE","L 22-29",1.8,0,0,0,0,0,0,1,9,0,1,0,0,0,1.9,0,0,"GB","Home",49,"11/28/23",12
"Brock Wright","Det","TE","W 33-28",1.8,0,0,0,0,0,0,1,8,0,1,0,0,0,1.8,0,0,"NO","Away",41,"12/5/23",13
"Brock Wright","Det","TE","L 13-28",1.8,0,0,0,0,0,0,2,6,0,2,0,0,0,2.6,0,0,"Chi","Away",40,"12/12/23",14
"Brock Wright","Det","TE","W 42-17",1.7,0,0,0,0,0,0,0,0,0,0,0,0,0,0,0,0,"Den","Home",81.5,"12/19/23",15
"Bryce Young","Car","QB","L 10-24",14.1,146,1,2,3,17,0,0,0,0,0,0,0,0,7.54,20,38,"Atl","Away",26,"9/12/23",1
"Bryce Young","Car","QB","L 17-20",12.7,153,1,0,2,34,0,0,0,0,0,0,1,0,13.52,22,33,"NO","Home",25,"9/19/23",2
"Bryce Young","Car","QB","L 13-21",15.4,204,0,0,2,10,0,0,0,0,0,0,1,0,7.16,25,32,"Min","Home",26,"10/3/23",4
"Bryce Young","Car","QB","L 24-42",12.3,247,3,2,1,4,0,0,0,0,0,0,0,0,18.28,25,41,"Det","Away",12,"10/10/23",5
"Bryce Young","Car","QB","L 21-42",14.9,217,1,0,0,0,0,0,0,0,0,0,0,0,12.68,23,38,"Mia","Away",16,"10/17/23",6
"Bryce Young","Car","QB","W 15-13",14.1,235,1,0,4,11,0,0,0,0,0,0,0,0,14.5,22,31,"Hou","Home",18,"10/31/23",8
"Bryce Young","Car","QB","L 13-27",14.7,173,1,3,5,41,0,0,0,0,0,0,0,0,9.02,24,39,"Ind","Home",20,"11/7/23",9
"Bryce Young","Car","QB","L 13-16",12.6,185,0,0,3,18,0,0,0,0,0,0,0,0,9.2,21,38,"Chi","Away",20,"11/14/23",10
"Bryce Young","Car","QB","L 10-33",13.1,123,1,1,2,3,0,0,0,0,0,0,1,0,5.22,16,29,"Dal","Home",28,"11/21/23",11
"Bryce Young","Car","QB","L 10-17",13.9,194,0,0,3,23,0,0,0,0,0,0,1,0,8.06,18,31,"Ten","Away",26,"11/28/23",12
"Bryce Young","Car","QB","L 18-21",13,178,0,1,0,0,0,0,0,0,0,0,0,0,7.12,15,31,"TB","Away",25,"12/5/23",13
"Bryce Young","Car","QB","L 6-28",11.8,137,0,0,3,40,0,0,0,0,0,0,1,0,7.48,13,36,"NO","Away",25,"12/12/23",14
"Bryce Young","Car","QB","W 9-7",10.4,167,0,0,4,9,0,0,0,0,0,0,0,0,7.58,18,24,"Atl","Home",31,"12/19/23",15
"Bryce Young","Car","QB","L 30-33",12.1,312,2,0,4,17,0,0,0,0,0,0,0,0,22.18,23,36,"GB","Home",9,"12/26/23",16
"Bryce Young","Car","QB","L 0-26",11.9,112,0,1,1,2,0,0,0,0,0,0,0,0,2.68,19,32,"Jax","Away",33,"1/2/24",17
"Bryce Young","Car","QB","L 0-9",12.2,94,0,0,2,24,0,0,0,0,0,0,1,0,4.16,11,18,"TB","Home",30,"1/9/24",18
"Brycen Hopkins","LAR","TE","W 30-13",2.5,0,0,0,0,0,0,1,21,0,2,0,0,0,3.1,0,0,"Sea","Away",37.5,"9/12/23",1
"Brycen Hopkins","LAR","TE","L 23-30",2.9,0,0,0,0,0,0,0,0,0,0,0,0,0,0,0,0,"SF","Home",76,"9/19/23",2
"Brycen Hopkins","LAR","TE","L 16-19",3,0,0,0,0,0,0,0,0,0,0,0,0,0,0,0,0,"Cin","Away",79,"9/26/23",3
"Brycen Hopkins","LAR","TE","W 29-23",2.3,0,0,0,0,0,0,1,5,0,1,0,0,0,1.5,0,0,"Ind","Away",52.5,"10/3/23",4
"Brycen Hopkins","LAR","TE","L 14-23",1.2,0,0,0,0,0,0,0,0,0,0,0,0,0,0,0,0,"Phi","Home",71,"10/10/23",5
"Brycen Hopkins","LAR","TE","W 26-9",0.6,0,0,0,0,0,0,0,0,0,0,0,0,0,0,0,0,"Ari","Home",72,"10/17/23",6
"Brycen Hopkins","LAR","TE","L 17-24",0.6,0,0,0,0,0,0,1,5,0,1,0,0,0,1.5,0,0,"Pit","Home",38,"10/24/23",7
"Brycen Hopkins","LAR","TE","L 20-43",1.1,0,0,0,0,0,0,0,0,0,0,0,0,0,0,0,0,"Dal","Away",73,"10/31/23",8
"Brycen Hopkins","LAR","TE","L 3-20",0.5,0,0,0,0,0,0,0,0,0,0,0,0,0,0,0,0,"GB","Away",68,"11/7/23",9
"Brycen Hopkins","LAR","TE","W 17-16",0.5,0,0,0,0,0,0,0,0,0,0,0,0,0,0,0,0,"Sea","Home",67,"11/21/23",11
"Brycen Hopkins","LAR","TE","L 31-37",2,0,0,0,0,0,0,0,0,0,0,0,0,0,0,0,0,"Bal","Away",73,"12/12/23",14
"Brycen Hopkins","LAR","TE","W 28-20",0,0,0,0,0,0,0,0,0,0,0,0,0,0,0,0,0,"Wsh","Home",81.5,"12/19/23",15
"Brycen Hopkins","LAR","TE","W 30-22",0,0,0,0,0,0,0,0,0,0,0,0,0,0,0,0,0,"NO","Home",78,"12/26/23",16
"Brycen Hopkins","LAR","TE","W 26-25",0,0,0,0,0,0,0,0,0,0,0,0,0,0,0,0,0,"NYG","Away",76,"1/2/24",17
"Brycen Hopkins","LAR","TE","W 21-20",2.1,0,0,0,0,0,0,2,47,0,3,0,0,0,6.7,0,0,"SF","Away",18,"1/9/24",18
"Byron Pringle","Wsh","WR","W 20-16",0,0,0,0,0,0,0,0,0,0,0,0,0,0,0,0,0,"Ari","Home",135,"9/12/23",1
"Byron Pringle","Wsh","WR","W 35-33",0,0,0,0,0,0,0,1,4,0,1,0,0,0,1.4,0,0,"Den","Away",116,"9/19/23",2
"Byron Pringle","Wsh","WR","L 3-37",0.5,0,0,0,0,0,0,0,0,0,0,0,0,0,0,0,0,"Buf","Home",141,"9/26/23",3
"Byron Pringle","Wsh","WR","L 31-34",0.5,0,0,0,0,0,0,1,15,0,2,0,0,0,2.5,0,0,"Phi","Away",101,"10/3/23",4
"Byron Pringle","Wsh","WR","L 20-40",1.1,0,0,0,0,0,0,1,10,0,2,0,0,0,2,0,0,"Chi","Home",90,"10/10/23",5
"Byron Pringle","Wsh","WR","W 24-16",1.6,0,0,0,0,0,0,0,0,0,0,0,0,0,0,0,0,"Atl","Away",128,"10/17/23",6
"Byron Pringle","Wsh","WR","L 7-14",1.1,0,0,0,0,0,0,1,16,0,1,0,0,0,2.6,0,0,"NYG","Away",79,"10/24/23",7
"Byron Pringle","Wsh","WR","L 31-38",1.7,0,0,0,0,0,0,0,0,0,1,0,0,0,0,0,0,"Phi","Home",138,"10/31/23",8
"Byron Pringle","Wsh","WR","W 20-17",1.8,0,0,0,0,0,0,3,55,0,4,0,0,0,8.5,0,0,"NE","Away",38,"11/7/23",9
"Byron Pringle","Wsh","WR","L 26-29",1.8,0,0,0,0,0,0,1,7,0,2,0,0,0,1.7,0,0,"Sea","Away",97.5,"11/14/23",10
"Byron Pringle","Wsh","WR","L 19-31",1.9,0,0,0,0,0,0,3,22,0,3,0,1,0,3.2,0,0,"NYG","Home",77.5,"11/21/23",11
"Byron Pringle","Wsh","WR","L 10-45",1.9,0,0,0,0,0,0,2,27,0,2,0,0,0,4.7,0,0,"Dal","Away",80,"11/28/23",12
"Byron Pringle","Wsh","WR","L 15-45",3.1,0,0,0,0,0,0,0,0,0,0,0,0,0,0,0,0,"Mia","Home",113,"12/5/23",13
"Byron Pringle","Wsh","WR","L 20-28",2.3,0,0,0,0,0,0,1,5,0,1,0,0,0,1.5,0,0,"LAR","Away",106,"12/19/23",15
"Byron Pringle","Wsh","WR","L 28-30",2,0,0,0,0,0,0,0,0,0,2,0,0,0,0,0,0,"NYJ","Away",144.5,"12/26/23",16
"Byron Pringle","Wsh","WR","L 10-27",2.1,0,0,0,0,0,0,0,0,0,1,0,0,0,0,0,0,"SF","Home",137.5,"1/2/24",17
"Byron Pringle","Wsh","WR","L 10-38",2,0,0,0,0,0,0,0,0,0,0,0,0,0,0,0,0,"Dal","Home",142.5,"1/9/24",18
"C.J. Beathard","Jax","QB","L 17-37",0,9,0,0,0,0,0,0,0,0,0,0,0,0,0.36,2,2,"Hou","Home",35,"9/26/23",3
"C.J. Beathard","Jax","QB","W 37-20",0,0,0,0,3,-2,0,0,0,0,0,0,0,0,-0.2,0,0,"Ind","Home",38,"10/17/23",6
"C.J. Beathard","Jax","QB","L 3-34",0,5,0,0,0,0,0,0,0,0,0,0,0,0,0.2,1,2,"SF","Home",33,"11/14/23",10
"C.J. Beathard","Jax","QB","W 34-14",0,0,0,0,0,0,0,0,0,0,0,0,0,0,0,0,0,"Ten","Home",32,"11/21/23",11
"C.J. Beathard","Jax","QB","L 31-34",0,63,0,0,1,7,0,0,0,0,0,0,0,0,3.22,9,10,"Cin","Home",26,"12/5/23",13
"C.J. Beathard","Jax","QB","L 12-30",0,94,1,0,1,6,0,0,0,0,0,0,0,0,8.36,11,15,"TB","Away",31,"12/26/23",16
"C.J. Beathard","Jax","QB","W 26-0",14.9,178,0,0,3,24,0,0,0,0,0,0,0,0,9.52,17,24,"Car","Home",28,"1/2/24",17
"C.J. Ham","Min","RB","L 17-20",1.2,0,0,0,0,0,0,2,7,0,3,0,0,0,2.7,0,0,"TB","Home",59.5,"9/12/23",1
"C.J. Ham","Min","RB","L 28-34",1.3,0,0,0,0,0,0,0,0,0,0,0,0,0,0,0,0,"Phi","Away",96,"9/19/23",2
"C.J. Ham","Min","RB","L 24-28",1.4,0,0,0,0,0,0,1,7,0,1,0,0,0,1.7,0,0,"LAC","Home",69,"9/26/23",3
"C.J. Ham","Min","RB","W 21-13",1.3,0,0,0,0,0,0,0,0,0,0,0,0,0,0,0,0,"Car","Away",93.5,"10/3/23",4
"C.J. Ham","Min","RB","L 20-27",1.3,0,0,0,0,0,0,0,0,0,0,0,0,0,0,0,0,"KC","Home",81,"10/10/23",5
"C.J. Ham","Min","RB","W 19-13",1.2,0,0,0,0,0,0,0,0,0,0,0,0,0,0,0,0,"Chi","Away",93,"10/17/23",6
"C.J. Ham","Min","RB","W 22-17",1.2,0,0,0,0,0,0,0,0,0,0,0,0,0,0,0,0,"SF","Home",76,"10/24/23",7
"C.J. Ham","Min","RB","W 24-10",0.6,0,0,0,0,0,0,1,2,0,1,0,0,0,1.2,0,0,"GB","Away",72,"10/31/23",8
"C.J. Ham","Min","RB","W 31-28",0.5,0,0,0,0,0,0,0,0,0,0,0,0,0,0,0,0,"Atl","Away",82.5,"11/7/23",9
"C.J. Ham","Min","RB","W 27-19",0.5,0,0,0,0,0,0,0,0,0,0,0,0,0,0,0,0,"NO","Home",83,"11/14/23",10
"C.J. Ham","Min","RB","L 20-21",0.5,0,0,0,0,0,0,0,0,0,0,0,0,0,0,0,0,"Den","Away",80,"11/21/23",11
"C.J. Ham","Min","RB","L 10-12",0.5,0,0,0,0,0,0,2,3,0,3,0,0,0,2.3,0,0,"Chi","Home",59.5,"11/28/23",12
"C.J. Ham","Min","RB","W 3-0",0.9,0,0,0,1,7,0,0,0,0,0,0,0,0,0.7,0,0,"LV","Away",72,"12/12/23",14
"C.J. Ham","Min","RB","L 24-27",1.7,0,0,0,0,0,0,0,0,0,0,0,0,0,0,0,0,"Cin","Away",94,"12/19/23",15
"C.J. Ham","Min","RB","L 24-30",1.1,0,0,0,0,0,0,1,6,0,1,0,0,0,1.6,0,0,"Det","Home",67,"12/26/23",16
"C.J. Ham","Min","RB","L 10-33",1,0,0,0,0,0,0,0,0,0,0,0,0,0,0,0,0,"GB","Home",92.5,"1/2/24",17
"C.J. Ham","Min","RB","L 20-30",1.2,0,0,0,0,0,0,0,0,0,0,0,0,0,0,0,0,"Det","Away",88.5,"1/9/24",18
"C.J. Stroud","Hou","QB","L 9-25",12.9,242,0,0,4,20,0,1,0,0,1,0,1,0,10.68,28,44,"Bal","Away",20,"9/12/23",1
"C.J. Stroud","Hou","QB","L 20-31",14.1,384,2,0,3,1,0,0,0,0,0,0,1,0,21.46,30,47,"Ind","Home",11,"9/19/23",2
"C.J. Stroud","Hou","QB","W 37-17",14.2,280,2,0,3,14,0,0,0,0,0,0,0,0,20.6,20,30,"Jax","Away",10,"9/26/23",3
"C.J. Stroud","Hou","QB","W 30-6",15.3,306,2,0,4,16,0,0,0,0,0,0,0,0,21.84,16,30,"Pit","Home",10,"10/3/23",4
"C.J. Stroud","Hou","QB","L 19-21",16.8,249,1,0,1,2,0,0,0,0,0,0,0,0,14.16,20,35,"Atl","Away",17,"10/10/23",5
"C.J. Stroud","Hou","QB","W 20-13",15.8,199,2,1,3,2,0,0,0,0,0,0,0,0,14.16,13,27,"NO","Home",12,"10/17/23",6
"C.J. Stroud","Hou","QB","L 13-15",17.8,140,0,0,2,13,1,0,0,0,0,0,0,0,12.9,16,24,"Car","Away",20,"10/31/23",8
"C.J. Stroud","Hou","QB","W 39-37",16.2,470,5,0,0,10,0,0,0,0,0,0,0,0,41.8,30,42,"TB","Home",1,"11/7/23",9
"C.J. Stroud","Hou","QB","W 30-27",18.8,356,1,1,2,8,1,0,0,0,0,0,2,0,19.04,23,39,"Cin","Away",9,"11/14/23",10
"C.J. Stroud","Hou","QB","W 21-16",20.2,336,2,3,1,-1,0,0,0,0,0,0,0,0,15.34,27,37,"Ari","Home",16,"11/21/23",11
"C.J. Stroud","Hou","QB","L 21-24",18.5,304,2,0,6,47,1,0,0,0,0,0,0,0,30.86,26,36,"Jax","Home",4,"11/28/23",12
"C.J. Stroud","Hou","QB","W 22-17",19.8,274,1,0,6,11,0,0,0,0,0,0,0,0,16.06,16,27,"Den","Home",14,"12/5/23",13
"C.J. Stroud","Hou","QB","L 6-30",17,91,0,0,0,0,0,0,0,0,0,0,0,0,3.64,10,23,"NYJ","Away",30,"12/12/23",14
"C.J. Stroud","Hou","QB","W 26-3",19,213,1,0,1,4,0,0,0,0,0,0,0,0,12.92,24,32,"Ten","Home",21,"1/2/24",17
"C.J. Stroud","Hou","QB","W 23-19",18.4,264,2,0,3,20,0,0,0,0,0,0,0,0,20.56,20,26,"Ind","Away",7,"1/9/24",18
"C.J. Uzomah","NYJ","TE","W 22-16",2.9,0,0,0,0,0,0,0,0,0,0,0,0,0,0,0,0,"Buf","Home",75,"9/12/23",1
"C.J. Uzomah","NYJ","TE","L 10-30",2.3,0,0,0,0,0,0,0,0,0,0,0,0,0,0,0,0,"Dal","Away",76,"9/19/23",2
"C.J. Uzomah","NYJ","TE","L 10-15",1.7,0,0,0,0,0,0,1,9,0,1,0,0,0,1.9,0,0,"NE","Home",50,"9/26/23",3
"C.J. Uzomah","NYJ","TE","L 20-23",1.8,0,0,0,0,0,0,1,1,1,1,0,0,0,7.1,0,0,"KC","Home",23,"10/3/23",4
"C.J. Uzomah","NYJ","TE","W 31-21",1.1,0,0,0,0,0,0,2,12,0,2,0,0,0,3.2,0,0,"Den","Away",38,"10/10/23",5
"C.J. Uzomah","NYJ","TE","W 20-14",2.1,0,0,0,0,0,0,0,0,0,1,0,0,0,0,0,0,"Phi","Home",72,"10/17/23",6
"C.J. Uzomah","NYJ","TE","W 13-10",1.9,0,0,0,0,0,0,1,19,0,1,0,0,0,2.9,0,0,"NYG","Away",32,"10/31/23",8
"C.J. Uzomah","NYJ","TE","L 6-27",2.1,0,0,0,0,0,0,2,11,0,5,0,0,0,3.1,0,0,"LAC","Home",34.5,"11/7/23",9
"C.J. Uzomah","NYJ","TE","L 12-16",2.4,0,0,0,0,0,0,1,6,0,1,0,0,0,1.6,0,0,"LV","Away",43,"11/14/23",10
"C.J. Uzomah","NYJ","TE","L 6-32",2.2,0,0,0,0,0,0,0,0,0,0,0,0,0,0,0,0,"Buf","Away",67,"11/21/23",11
"C.J. Uzomah","NYJ","TE","L 13-34",1.6,0,0,0,0,0,0,0,0,0,0,0,0,0,0,0,0,"Mia","Home",78,"11/28/23",12
"C.J. Uzomah","NYJ","TE","L 8-13",0.5,0,0,0,0,0,0,0,0,0,0,0,0,0,0,0,0,"Atl","Home",66,"12/5/23",13
"Cade Otton","TB","TE","W 20-17",6.8,0,0,0,0,0,0,2,19,0,3,0,0,0,3.9,0,0,"Min","Away",32.5,"9/12/23",1
"Cade Otton","TB","TE","W 27-17",6.5,0,0,0,0,0,0,6,41,0,6,0,0,0,10.1,0,0,"Chi","Home",11.5,"9/19/23",2
"Cade Otton","TB","TE","L 11-25",7.6,0,0,0,0,0,0,1,16,0,2,0,0,0,2.6,0,0,"Phi","Home",38.5,"9/26/23",3
"Cade Otton","TB","TE","W 26-9",7.2,0,0,0,0,0,0,3,13,1,4,0,0,0,10.3,0,0,"NO","Away",15,"10/3/23",4
"Cade Otton","TB","TE","L 6-20",7.1,0,0,0,0,0,0,1,15,0,2,0,0,0,2.5,0,0,"Det","Home",34,"10/17/23",6
"Cade Otton","TB","TE","L 13-16",6.4,0,0,0,0,0,0,5,43,0,6,0,0,0,9.3,0,0,"Atl","Home",13,"10/24/23",7
"Cade Otton","TB","TE","L 18-24",7.6,0,0,0,0,0,0,4,27,0,6,0,0,0,8.7,0,0,"Buf","Away",17,"10/31/23",8
"Cade Otton","TB","TE","L 37-39",7.3,0,0,0,0,0,0,6,70,2,9,0,1,0,23,0,0,"Hou","Away",3,"11/7/23",9
"Cade Otton","TB","TE","W 20-6",8.4,0,0,0,0,0,0,2,10,0,3,0,0,0,3,0,0,"Ten","Home",35,"11/14/23",10
"Cade Otton","TB","TE","L 14-27",8.7,0,0,0,0,0,0,4,49,0,5,0,0,0,8.9,0,0,"SF","Away",12.5,"11/21/23",11
"Cade Otton","TB","TE","L 20-27",8,0,0,0,0,0,0,4,45,0,4,0,0,0,8.5,0,0,"Ind","Away",14.5,"11/28/23",12
"Cade Otton","TB","TE","W 21-18",7,0,0,0,0,0,0,0,0,0,0,0,0,0,0,0,0,"Car","Home",66,"12/5/23",13
"Cade Otton","TB","TE","W 29-25",6.5,0,0,0,0,0,0,2,16,1,5,0,0,0,9.6,0,0,"Atl","Away",18.5,"12/12/23",14
"Cade Otton","TB","TE","W 34-20",7.2,0,0,0,0,0,0,2,44,0,2,0,0,0,6.4,0,0,"GB","Away",29,"12/19/23",15
"Cade Otton","TB","TE","W 30-12",7.3,0,0,0,0,0,0,1,7,0,1,0,0,0,1.7,0,0,"Jax","Home",50.5,"12/26/23",16
"Cade Otton","TB","TE","L 13-23",6.8,0,0,0,0,0,0,2,10,0,6,0,0,0,3,0,0,"NO","Home",42,"1/2/24",17
"Cade Otton","TB","TE","W 9-0",7,0,0,0,0,0,0,2,30,0,3,0,0,0,5,0,0,"Car","Away",28,"1/9/24",18
"Calvin Austin III","Pit","WR","L 7-30",1.2,0,0,0,0,0,0,6,37,0,6,0,0,0,9.7,0,0,"SF","Home",42,"9/12/23",1
"Calvin Austin III","Pit","WR","W 26-22",7.2,0,0,0,1,-2,0,1,10,0,4,0,0,0,1.8,0,0,"Cle","Home",105,"9/19/23",2
"Calvin Austin III","Pit","WR","W 23-18",7.5,0,0,0,0,0,0,2,72,1,6,0,0,0,15.2,0,0,"LV","Away",27.5,"9/26/23",3
"Calvin Austin III","Pit","WR","L 6-30",9.7,0,0,0,1,5,0,3,24,0,5,0,0,0,5.9,0,0,"Hou","Away",62,"10/3/23",4
"Calvin Austin III","Pit","WR","W 17-10",9.5,0,0,0,0,0,0,0,0,0,1,0,0,0,0,0,0,"Bal","Home",124.5,"10/10/23",5
"Calvin Austin III","Pit","WR","W 24-17",2.7,0,0,0,1,1,0,0,0,0,0,0,0,0,0.1,0,0,"LAR","Away",99,"10/24/23",7
"Calvin Austin III","Pit","WR","L 10-20",2.3,0,0,0,2,10,0,2,19,0,2,0,0,0,4.9,0,0,"Jax","Home",82,"10/31/23",8
"Calvin Austin III","Pit","WR","W 20-16",3.3,0,0,0,2,10,0,0,0,0,1,0,0,0,1,0,0,"Ten","Home",107,"11/7/23",9
"Calvin Austin III","Pit","WR","W 23-19",3.2,0,0,0,1,6,0,1,3,0,1,0,0,0,1.9,0,0,"GB","Home",93.5,"11/14/23",10
"Calvin Austin III","Pit","WR","L 10-13",2.5,0,0,0,0,0,0,0,0,0,0,0,0,0,0,0,0,"Cle","Away",126,"11/21/23",11
"Calvin Austin III","Pit","WR","W 16-10",2.5,0,0,0,0,0,0,1,5,0,1,0,0,0,1.5,0,0,"Cin","Away",115,"11/28/23",12
"Calvin Austin III","Pit","WR","L 10-24",2.1,0,0,0,0,0,0,1,10,0,1,0,0,0,2,0,0,"Ari","Home",78.5,"12/5/23",13
"Calvin Austin III","Pit","WR","L 18-21",1.9,0,0,0,1,12,0,0,0,0,0,0,0,0,1.2,0,0,"NE","Home",107,"12/12/23",14
"Calvin Austin III","Pit","WR","L 13-30",1.6,0,0,0,0,0,0,0,0,0,0,0,0,0,0,0,0,"Ind","Away",140,"12/19/23",15
"Calvin Austin III","Pit","WR","W 34-11",1.2,0,0,0,1,7,1,0,0,0,2,0,0,0,6.7,0,0,"Cin","Home",67,"12/26/23",16
"Calvin Austin III","Pit","WR","W 30-23",1.7,0,0,0,0,0,0,0,0,0,0,0,0,0,0,0,0,"Sea","Away",137.5,"1/2/24",17
"Calvin Austin III","Pit","WR","W 17-10",1.6,0,0,0,1,8,0,0,0,0,0,0,0,0,0.8,0,0,"Bal","Away",119,"1/9/24",18
"Calvin Ridley","Jax","WR","W 31-21",14.2,0,0,0,0,0,0,8,101,1,11,0,0,0,24.1,0,0,"Ind","Away",6,"9/12/23",1
"Calvin Ridley","Jax","WR","L 9-17",16.8,0,0,0,0,0,0,2,32,0,8,0,0,0,5.2,0,0,"KC","Home",81.5,"9/19/23",2
"Calvin Ridley","Jax","WR","L 17-37",14.9,0,0,0,0,0,0,3,40,0,7,0,0,0,7,0,0,"Hou","Home",66,"9/26/23",3
"Calvin Ridley","Jax","WR","W 23-7",14.2,0,0,0,0,0,0,2,38,1,2,0,0,0,11.8,0,0,"Atl","Home",31.5,"10/3/23",4
"Calvin Ridley","Jax","WR","W 25-20",12.3,0,0,0,2,14,0,7,122,0,8,0,0,0,20.6,0,0,"Buf","Away",9,"10/10/23",5
"Calvin Ridley","Jax","WR","W 37-20",14,0,0,0,1,-4,0,4,30,0,8,0,0,0,6.6,0,0,"Ind","Home",57,"10/17/23",6
"Calvin Ridley","Jax","WR","W 31-24",14,0,0,0,1,0,0,1,5,0,4,0,0,0,1.5,0,0,"NO","Away",91.5,"10/24/23",7
"Calvin Ridley","Jax","WR","W 20-10",12.7,0,0,0,0,0,0,6,83,0,10,0,0,0,14.3,0,0,"Pit","Away",28,"10/31/23",8
"Calvin Ridley","Jax","WR","L 3-34",13.4,0,0,0,0,0,0,2,20,0,3,0,0,0,4,0,0,"SF","Home",68,"11/14/23",10
"Calvin Ridley","Jax","WR","W 34-14",12.1,0,0,0,1,18,0,7,103,2,9,0,0,0,31.1,0,0,"Ten","Home",1,"11/21/23",11
"Calvin Ridley","Jax","WR","W 24-21",13.5,0,0,0,0,0,0,5,89,1,6,0,0,0,21.9,0,0,"Hou","Away",11,"11/28/23",12
"Calvin Ridley","Jax","WR","L 31-34",13.5,0,0,0,3,7,0,4,26,0,8,0,0,0,7.3,0,0,"Cin","Home",44.5,"12/5/23",13
"Calvin Ridley","Jax","WR","L 27-31",13.4,0,0,0,0,0,0,4,53,0,13,0,0,0,9.3,0,0,"Cle","Away",37,"12/12/23",14
"Calvin Ridley","Jax","WR","L 7-23",14,0,0,0,0,0,0,5,39,0,12,0,0,0,8.9,0,0,"Bal","Home",44,"12/19/23",15
"Calvin Ridley","Jax","WR","L 12-30",13.8,0,0,0,1,-12,0,6,90,2,9,0,0,0,25.8,0,0,"TB","Away",8,"12/26/23",16
"Calvin Ridley","Jax","WR","W 26-0",14.3,0,0,0,0,0,0,4,39,0,8,0,0,0,7.9,0,0,"Car","Home",50,"1/2/24",17
"Calvin Ridley","Jax","WR","L 20-28",14.2,0,0,0,0,0,0,6,106,1,10,0,0,0,22.6,0,0,"Ten","Away",8,"1/9/24",18
"Cam Akers","Min","RB","L 17-20",13.5,0,0,0,22,29,1,0,0,0,0,0,0,0,8.9,0,0,"TB","Home",34,"9/12/23",1
"Cam Akers","Min","RB","W 21-13",2.1,0,0,0,5,40,0,2,11,0,2,0,0,0,7.1,0,0,"Car","Away",34,"10/3/23",4
"Cam Akers","Min","RB","L 20-27",7.1,0,0,0,5,15,0,2,3,0,2,0,0,0,3.8,0,0,"KC","Home",43.5,"10/10/23",5
"Cam Akers","Min","RB","W 19-13",8,0,0,0,1,8,0,1,7,0,1,0,0,0,2.5,0,0,"Chi","Away",55,"10/17/23",6
"Cam Akers","Min","RB","W 22-17",4.8,0,0,0,10,31,0,2,30,0,3,0,0,0,8.1,0,0,"SF","Home",28,"10/24/23",7
"Cam Akers","Min","RB","W 24-10",7.7,0,0,0,9,19,1,1,6,0,1,0,0,0,9.5,0,0,"GB","Away",26.5,"10/31/23",8
"Cam Akers","Min","RB","W 31-28",7,0,0,0,8,25,0,3,13,0,3,0,0,0,6.8,0,0,"Atl","Away",32.5,"11/7/23",9
"Carson Wentz","LAR","QB","W 37-14",0,0,0,0,0,0,0,0,0,0,0,0,0,0,0,0,0,"Ari","Away",36,"11/28/23",12
"Carson Wentz","LAR","QB","W 21-20",13.2,163,2,1,17,56,1,0,0,0,0,0,0,0,26.12,17,24,"SF","Away",2,"1/9/24",18
"Case Keenum","Hou","QB","W 19-16",13.8,229,1,1,2,1,0,0,0,0,0,0,0,0,11.26,23,36,"Ten","Away",25,"12/19/23",15
"Case Keenum","Hou","QB","L 22-36",11.6,62,0,2,0,0,0,0,0,0,0,0,0,0,-1.52,11,17,"Cle","Home",38,"12/26/23",16
"Cedric Tillman","Cle","WR","W 24-3",2.7,0,0,0,0,0,0,0,0,0,0,0,0,0,0,0,0,"Cin","Home",135,"9/12/23",1
"Cedric Tillman","Cle","WR","L 22-26",4.5,0,0,0,0,0,0,0,0,0,0,0,0,0,0,0,0,"Pit","Away",145,"9/19/23",2
"Cedric Tillman","Cle","WR","W 27-3",0,0,0,0,0,0,0,0,0,0,0,0,0,0,0,0,0,"Ten","Home",141,"9/26/23",3
"Cedric Tillman","Cle","WR","L 3-28",0.4,0,0,0,0,0,0,1,5,0,3,0,0,0,1.5,0,0,"Bal","Home",115.5,"10/3/23",4
"Cedric Tillman","Cle","WR","W 27-0",2.8,0,0,0,0,0,0,1,3,0,1,0,0,0,1.3,0,0,"Ari","Home",102,"11/7/23",9
"Cedric Tillman","Cle","WR","W 33-31",4.2,0,0,0,0,0,0,0,0,0,3,0,0,0,0,0,0,"Bal","Away",123.5,"11/14/23",10
"Cedric Tillman","Cle","WR","W 13-10",2.7,0,0,0,1,8,0,1,2,0,2,0,0,0,2,0,0,"Pit","Home",88.5,"11/21/23",11
"Cedric Tillman","Cle","WR","L 12-29",4.4,0,0,0,0,0,0,4,55,0,5,0,0,0,9.5,0,0,"Den","Away",42.5,"11/28/23",12
"Cedric Tillman","Cle","WR","L 19-36",5.4,0,0,0,0,0,0,2,20,0,6,0,0,0,4,0,0,"LAR","Away",57.5,"12/5/23",13
"Cedric Tillman","Cle","WR","W 31-27",5,0,0,0,0,0,0,2,23,0,4,0,0,0,4.3,0,0,"Jax","Home",70.5,"12/12/23",14
"Cedric Tillman","Cle","WR","W 20-17",4.5,0,0,0,0,0,0,4,52,0,8,0,0,0,9.2,0,0,"Chi","Home",42.5,"12/19/23",15
"Cedric Tillman","Cle","WR","W 36-22",7.6,0,0,0,0,0,0,2,13,0,2,0,0,0,3.3,0,0,"Hou","Away",85.5,"12/26/23",16
"Cedric Tillman","Cle","WR","W 37-20",9.1,0,0,0,0,0,0,1,8,0,4,0,0,0,1.8,0,0,"NYJ","Home",96.5,"1/2/24",17
"Cedric Tillman","Cle","WR","L 14-31",7.2,0,0,0,0,0,0,3,43,0,6,0,0,0,7.3,0,0,"Cin","Away",52,"1/9/24",18
"Cedrick Wilson Jr.","Mia","WR","W 70-20",4,0,0,0,0,0,0,0,0,0,0,0,0,0,0,0,0,"Den","Home",141,"9/26/23",3
"Cedrick Wilson Jr.","Mia","WR","L 20-48",0,0,0,0,0,0,0,1,16,0,2,0,0,0,2.6,0,0,"Buf","Away",99,"10/3/23",4
"Cedrick Wilson Jr.","Mia","WR","W 31-16",1.2,0,0,0,0,0,0,4,52,0,4,0,0,0,9.2,0,0,"NYG","Home",40,"10/10/23",5
"Cedrick Wilson Jr.","Mia","WR","W 42-21",3.2,0,0,0,0,0,0,0,0,0,0,0,0,0,0,0,0,"Car","Home",128,"10/17/23",6
"Cedrick Wilson Jr.","Mia","WR","L 17-31",3.4,0,0,0,0,0,0,2,48,0,3,0,0,0,6.8,0,0,"Phi","Away",54,"10/24/23",7
"Cedrick Wilson Jr.","Mia","WR","W 31-17",5.1,0,0,0,0,0,0,1,1,1,1,0,0,0,7.1,0,0,"NE","Home",65.5,"10/31/23",8
"Cedrick Wilson Jr.","Mia","WR","L 14-21",3.4,0,0,0,0,0,0,1,31,1,5,0,0,0,10.1,0,0,"KC","Away",30,"11/7/23",9
"Cedrick Wilson Jr.","Mia","WR","W 20-13",5.6,0,0,0,0,0,0,3,23,0,4,0,0,0,5.3,0,0,"LV","Home",60.5,"11/21/23",11
"Cedrick Wilson Jr.","Mia","WR","W 34-13",5.4,0,0,0,0,0,0,0,0,0,0,0,0,0,0,0,0,"NYJ","Away",149,"11/28/23",12
"Cedrick Wilson Jr.","Mia","WR","W 45-15",2.5,0,0,0,0,0,0,0,0,0,0,0,0,0,0,0,0,"Wsh","Away",113,"12/5/23",13
"Cedrick Wilson Jr.","Mia","WR","L 27-28",1.8,0,0,0,0,0,0,2,30,0,4,0,0,0,5,0,0,"Ten","Home",63,"12/12/23",14
"Cedrick Wilson Jr.","Mia","WR","W 30-0",7.4,0,0,0,0,0,0,2,2,0,3,0,0,0,2.2,0,0,"NYJ","Home",96.5,"12/19/23",15
"Cedrick Wilson Jr.","Mia","WR","W 22-20",4.2,0,0,0,0,0,0,3,42,0,5,0,0,0,7.2,0,0,"Dal","Home",61.5,"12/26/23",16
"Cedrick Wilson Jr.","Mia","WR","L 19-56",8.5,0,0,0,0,0,0,2,27,1,4,0,0,0,10.7,0,0,"Bal","Away",36,"1/2/24",17
"Cedrick Wilson Jr.","Mia","WR","L 14-21",7.9,0,0,0,0,0,0,1,24,0,3,0,0,0,3.4,0,0,"Buf","Home",81.5,"1/9/24",18
"CeeDee Lamb","Dal","WR","W 40-0",17.7,0,0,0,0,0,0,4,77,0,4,0,0,0,11.7,0,0,"NYG","Away",32.5,"9/12/23",1
"CeeDee Lamb","Dal","WR","W 30-10",16.1,0,0,0,0,0,0,11,143,0,13,0,0,0,25.3,0,0,"NYJ","Home",7,"9/19/23",2
"CeeDee Lamb","Dal","WR","L 16-28",16.2,0,0,0,2,9,0,4,53,0,7,0,0,0,10.2,0,0,"Ari","Away",46,"9/26/23",3
"CeeDee Lamb","Dal","WR","W 38-3",14.8,0,0,0,1,12,0,4,36,1,6,0,0,0,14.8,0,0,"NE","Home",24.5,"10/3/23",4
"CeeDee Lamb","Dal","WR","L 10-42",16.3,0,0,0,0,0,0,4,49,0,5,0,0,0,8.9,0,0,"SF","Away",43,"10/10/23",5
"CeeDee Lamb","Dal","WR","W 20-17",15.3,0,0,0,0,0,0,7,117,0,7,0,0,0,18.7,0,0,"LAC","Away",11,"10/17/23",6
"CeeDee Lamb","Dal","WR","W 43-20",15.9,0,0,0,1,12,0,12,158,2,14,0,0,0,41,0,0,"LAR","Home",1,"10/31/23",8
"CeeDee Lamb","Dal","WR","L 23-28",19,0,0,0,0,0,0,11,191,0,16,0,1,0,28.1,0,0,"Phi","Away",2,"11/7/23",9
"CeeDee Lamb","Dal","WR","W 49-17",18.5,0,0,0,1,14,1,11,151,1,14,0,0,0,39.5,0,0,"NYG","Home",2,"11/14/23",10
"CeeDee Lamb","Dal","WR","W 33-10",22.2,0,0,0,1,7,0,6,38,1,9,0,0,0,16.5,0,0,"Car","Away",15,"11/21/23",11
"CeeDee Lamb","Dal","WR","W 45-10",22.5,0,0,0,1,0,0,4,53,1,9,0,0,0,17.3,0,0,"Wsh","Home",21,"11/28/23",12
"CeeDee Lamb","Dal","WR","W 41-35",21.9,0,0,0,2,30,0,12,116,1,17,0,0,0,32.6,0,0,"Sea","Home",4,"12/5/23",13
"CeeDee Lamb","Dal","WR","W 33-13",24.1,0,0,0,0,0,0,6,71,1,10,0,0,0,19.1,0,0,"Phi","Home",11,"12/12/23",14
"CeeDee Lamb","Dal","WR","L 10-31",22.4,0,0,0,1,3,1,7,53,0,10,0,0,0,18.6,0,0,"Buf","Away",16,"12/19/23",15
"CeeDee Lamb","Dal","WR","L 20-22",21.2,0,0,0,2,14,0,6,118,1,10,0,0,0,25.2,0,0,"Mia","Away",9,"12/26/23",16
"CeeDee Lamb","Dal","WR","W 20-19",23,0,0,0,1,5,0,13,227,1,17,0,1,0,40.2,0,0,"Det","Home",1,"1/2/24",17
"CeeDee Lamb","Dal","WR","W 38-10",22.8,0,0,0,1,7,0,13,98,2,13,0,0,0,35.5,0,0,"Wsh","Away",2,"1/9/24",18
"Charlie Jones","Cin","WR","L 3-24",0.7,0,0,0,0,0,0,0,0,0,0,0,0,0,0,0,0,"Cle","Away",135,"9/12/23",1
"Charlie Jones","Cin","WR","L 24-27",0.2,0,0,0,0,0,0,0,0,0,0,0,0,1,6,0,0,"Bal","Home",73,"9/19/23",2
"Charlie Jones","Cin","WR","W 19-16",0.1,0,0,0,0,0,0,1,6,0,2,0,0,0,1.6,0,0,"LAR","Home",107,"9/26/23",3
"Charlie Jones","Cin","WR","L 20-34",3.1,0,0,0,0,0,0,0,0,0,0,0,0,0,0,0,0,"Bal","Away",126,"11/21/23",11
"Charlie Jones","Cin","WR","L 10-16",1,0,0,0,0,0,0,0,0,0,0,0,0,0,0,0,0,"Pit","Home",149,"11/28/23",12
"Charlie Jones","Cin","WR","W 34-31",0,0,0,0,0,0,0,0,0,0,0,0,0,0,0,0,0,"Jax","Away",113,"12/5/23",13
"Charlie Jones","Cin","WR","W 34-14",0,0,0,0,0,0,0,0,0,0,0,0,0,0,0,0,0,"Ind","Home",134,"12/12/23",14
"Charlie Jones","Cin","WR","W 27-24",0,0,0,0,0,0,0,2,10,0,3,0,0,0,3,0,0,"Min","Home",84.5,"12/19/23",15
"Charlie Jones","Cin","WR","L 11-34",1.1,0,0,0,0,0,0,1,-1,0,1,0,0,0,0.9,0,0,"Pit","Away",121,"12/26/23",16
"Charlie Jones","Cin","WR","L 17-25",0,0,0,0,0,0,0,0,0,0,0,0,0,0,0,0,0,"KC","Away",137.5,"1/2/24",17
"Charlie Jones","Cin","WR","W 31-14",1,0,0,0,2,13,0,3,49,0,3,0,0,0,9.2,0,0,"Cle","Home",41,"1/9/24",18
"Charlie Kolar","Bal","TE","W 25-9",4.3,0,0,0,0,0,0,0,0,0,1,0,0,0,0,0,0,"Hou","Home",75,"9/12/23",1
"Charlie Kolar","Bal","TE","L 19-22",0,0,0,0,0,0,0,0,0,0,0,0,0,0,0,0,0,"Ind","Home",79,"9/26/23",3
"Charlie Kolar","Bal","TE","W 28-3",0,0,0,0,0,0,0,0,0,0,0,0,0,0,0,0,0,"Cle","Away",79.5,"10/3/23",4
"Charlie Kolar","Bal","TE","W 24-16",0,0,0,0,0,0,0,0,0,0,0,0,0,0,0,0,0,"Ten","Away",72,"10/17/23",6
"Charlie Kolar","Bal","TE","W 38-6",0,0,0,0,0,0,0,0,0,0,0,0,0,0,0,0,0,"Det","Home",62,"10/24/23",7
"Charlie Kolar","Bal","TE","W 31-24",0,0,0,0,0,0,0,0,0,0,0,0,0,0,0,0,0,"Ari","Away",73,"10/31/23",8
"Charlie Kolar","Bal","TE","W 37-3",0,0,0,0,0,0,0,0,0,0,0,0,0,0,0,0,0,"Sea","Home",68,"11/7/23",9
"Charlie Kolar","Bal","TE","L 31-33",0,0,0,0,0,0,0,0,0,0,0,0,0,0,0,0,0,"Cle","Home",69.5,"11/14/23",10
"Charlie Kolar","Bal","TE","W 34-20",0,0,0,0,0,0,0,1,13,0,1,0,0,0,2.3,0,0,"Cin","Home",35,"11/21/23",11
"Charlie Kolar","Bal","TE","W 20-10",2.2,0,0,0,0,0,0,0,0,0,0,0,0,0,0,0,0,"LAC","Away",78,"11/28/23",12
"Charlie Kolar","Bal","TE","W 37-31",1,0,0,0,0,0,0,0,0,0,0,0,0,0,0,0,0,"LAR","Home",73,"12/12/23",14
"Charlie Kolar","Bal","TE","W 23-7",0.5,0,0,0,0,0,0,1,15,0,1,0,0,0,2.5,0,0,"Jax","Away",47,"12/19/23",15
"Charlie Kolar","Bal","TE","W 33-19",1.1,0,0,0,0,0,0,1,17,0,1,0,0,0,2.7,0,0,"SF","Away",46,"12/26/23",16
"Charlie Kolar","Bal","TE","W 56-19",1.6,0,0,0,0,0,0,1,19,1,1,0,0,0,8.9,0,0,"Mia","Home",17,"1/2/24",17
"Charlie Kolar","Bal","TE","L 10-17",4.9,0,0,0,0,0,0,3,23,0,4,0,0,0,5.3,0,0,"Pit","Home",25,"1/9/24",18
"Charlie Woerner","SF","TE","W 30-7",0,0,0,0,0,0,0,0,0,0,0,0,0,0,0,0,0,"Pit","Away",75,"9/12/23",1
"Charlie Woerner","SF","TE","W 30-23",0,0,0,0,0,0,0,0,0,0,0,0,0,0,0,0,0,"LAR","Away",76,"9/19/23",2
"Charlie Woerner","SF","TE","W 30-12",0,0,0,0,0,0,0,0,0,0,0,0,0,0,0,0,0,"NYG","Home",79,"9/26/23",3
"Charlie Woerner","SF","TE","W 35-16",0,0,0,0,0,0,0,0,0,0,0,0,0,0,0,0,0,"Ari","Home",79.5,"10/3/23",4
"Charlie Woerner","SF","TE","W 42-10",0,0,0,0,0,0,0,0,0,0,0,0,0,0,0,0,0,"Dal","Home",71,"10/10/23",5
"Charlie Woerner","SF","TE","L 17-19",0,0,0,0,0,0,0,0,0,0,0,0,0,0,0,0,0,"Cle","Away",72,"10/17/23",6
"Charlie Woerner","SF","TE","L 17-22",0,0,0,0,0,0,0,0,0,0,0,0,0,0,0,0,0,"Min","Away",62,"10/24/23",7
"Charlie Woerner","SF","TE","L 17-31",0,0,0,0,0,0,0,0,0,0,0,0,0,0,0,0,0,"Cin","Home",73,"10/31/23",8
"Charlie Woerner","SF","TE","W 34-3",0,0,0,0,0,0,0,0,0,0,0,0,0,0,0,0,0,"Jax","Away",69.5,"11/14/23",10
"Charlie Woerner","SF","TE","W 27-14",0,0,0,0,0,0,0,0,0,0,0,0,0,0,0,0,0,"TB","Home",67,"11/21/23",11
"Charlie Woerner","SF","TE","W 31-13",0,0,0,0,0,0,0,1,9,0,1,0,0,0,1.9,0,0,"Sea","Away",49,"11/28/23",12
"Charlie Woerner","SF","TE","W 42-19",0.5,0,0,0,0,0,0,0,0,0,0,0,0,0,0,0,0,"Phi","Away",66,"12/5/23",13
"Charlie Woerner","SF","TE","W 28-16",0,0,0,0,0,0,0,1,3,0,1,0,0,0,1.3,0,0,"Sea","Home",50,"12/12/23",14
"Charlie Woerner","SF","TE","W 45-29",0.6,0,0,0,0,0,0,0,0,0,0,0,0,0,0,0,0,"Ari","Away",81.5,"12/19/23",15
"Charlie Woerner","SF","TE","L 19-33",0.5,0,0,0,0,0,0,0,0,0,0,0,0,0,0,0,0,"Bal","Home",78,"12/26/23",16
"Charlie Woerner","SF","TE","W 27-10",0.6,0,0,0,0,0,0,0,0,0,0,0,0,0,0,0,0,"Wsh","Away",76,"1/2/24",17
"Charlie Woerner","SF","TE","L 20-21",2.3,0,0,0,0,0,0,1,20,0,1,0,0,0,3,0,0,"LAR","Home",42,"1/9/24",18
"Chase Brown","Cin","RB","L 24-27",2.6,0,0,0,1,2,0,0,0,0,0,0,0,0,0.2,0,0,"Bal","Home",79.5,"9/19/23",2
"Chase Brown","Cin","RB","W 19-16",0,0,0,0,0,0,0,0,0,0,0,0,0,0,0,0,0,"LAR","Home",95.5,"9/26/23",3
"Chase Brown","Cin","RB","L 3-27",1.1,0,0,0,0,0,0,1,-3,0,1,0,0,0,0.7,0,0,"Ten","Away",76,"10/3/23",4
"Chase Brown","Cin","RB","W 34-20",1.4,0,0,0,0,0,0,1,2,0,1,0,0,0,1.2,0,0,"Ari","Away",64.5,"10/10/23",5
"Chase Brown","Cin","RB","W 17-13",1.1,0,0,0,1,4,0,1,8,0,1,0,0,0,2.2,0,0,"Sea","Home",61.5,"10/17/23",6
"Chase Brown","Cin","RB","L 10-16",0,0,0,0,0,0,0,0,0,0,0,0,0,0,0,0,0,"Pit","Home",90,"11/28/23",12
"Chase Brown","Cin","RB","W 34-31",0.8,0,0,0,9,61,0,0,0,0,0,0,0,0,6.1,0,0,"Jax","Away",30,"12/5/23",13
"Chase Brown","Cin","RB","W 34-14",4.2,0,0,0,8,25,0,3,80,1,3,0,0,0,19.5,0,0,"Ind","Home",10,"12/12/23",14
"Chase Brown","Cin","RB","W 27-24",5.9,0,0,0,7,23,0,3,28,0,3,0,0,0,8.1,0,0,"Min","Home",34,"12/19/23",15
"Chase Brown","Cin","RB","L 11-34",7.2,0,0,0,4,16,0,2,8,0,2,0,0,0,4.4,0,0,"Pit","Away",50,"12/26/23",16
"Chase Brown","Cin","RB","L 17-25",6.9,0,0,0,3,5,0,2,23,0,2,0,0,0,4.8,0,0,"KC","Away",54,"1/2/24",17
"Chase Brown","Cin","RB","W 31-14",6,0,0,0,11,43,0,1,10,0,2,0,0,0,6.3,0,0,"Cle","Home",38,"1/9/24",18
"Chase Claypool","Mia","WR","W 36-34",7.8,0,0,0,0,0,0,0,0,0,2,0,0,0,0,0,0,"LAC","Away",135,"9/12/23",1
"Chase Claypool","Mia","WR","W 24-17",5.2,0,0,0,0,0,0,3,36,1,8,0,0,0,12.6,0,0,"NE","Away",41,"9/19/23",2
"Chase Claypool","Mia","WR","W 70-20",5.7,0,0,0,0,0,0,1,15,0,4,0,0,0,2.5,0,0,"Den","Home",98.5,"9/26/23",3
"Chase Claypool","Mia","WR","L 17-31",0,0,0,0,0,0,0,0,0,0,0,0,0,0,0,0,0,"Phi","Away",116,"10/24/23",7
"Chase Claypool","Mia","WR","W 31-17",0,0,0,0,0,0,0,1,15,0,2,0,0,0,2.5,0,0,"NE","Home",95,"10/31/23",8
"Chase Claypool","Mia","WR","L 14-21",2.6,0,0,0,0,0,0,0,0,0,0,0,0,0,0,0,0,"KC","Away",126.5,"11/7/23",9
"Chase Claypool","Mia","WR","W 45-15",0,0,0,0,0,0,0,0,0,0,0,0,0,0,0,0,0,"Wsh","Away",113,"12/5/23",13
"Chase Claypool","Mia","WR","L 27-28",0,0,0,0,0,0,0,0,0,0,0,0,0,0,0,0,0,"Ten","Home",134,"12/12/23",14
"Chase Claypool","Mia","WR","W 30-0",1,0,0,0,0,0,0,2,8,0,2,0,0,0,2.8,0,0,"NYJ","Home",87,"12/19/23",15
"Chase Claypool","Mia","WR","W 22-20",0,0,0,0,0,0,0,0,0,0,0,0,0,0,0,0,0,"Dal","Home",144.5,"12/26/23",16
"Chase Claypool","Mia","WR","L 19-56",1.7,0,0,0,0,0,0,0,0,0,1,0,0,0,0,0,0,"Bal","Away",137.5,"1/2/24",17
"Chase Claypool","Mia","WR","L 14-21",1.7,0,0,0,0,0,0,1,3,0,2,0,0,0,1.3,0,0,"Buf","Home",113,"1/9/24",18
"Chase Edmonds","TB","RB","W 20-17",4,0,0,0,2,8,0,0,0,0,0,0,0,0,0.8,0,0,"Min","Away",77.5,"9/12/23",1
"Chase Edmonds","TB","RB","W 27-17",3.4,0,0,0,2,12,0,0,0,0,0,0,0,0,1.2,0,0,"Chi","Home",68,"9/19/23",2
"Chase Edmonds","TB","RB","L 18-24",0.9,0,0,0,3,5,0,2,16,0,3,0,0,0,4.1,0,0,"Buf","Away",56.5,"10/31/23",8
"Chase Edmonds","TB","RB","L 37-39",4,0,0,0,3,-5,0,1,-1,0,1,0,0,0,0.4,0,0,"Hou","Away",70,"11/7/23",9
"Chase Edmonds","TB","RB","W 20-6",3.4,0,0,0,4,9,0,1,-2,0,1,0,0,0,1.7,0,0,"Ten","Home",56,"11/14/23",10
"Chase Edmonds","TB","RB","L 14-27",4.6,0,0,0,4,8,0,1,11,0,1,0,0,0,2.9,0,0,"SF","Away",50,"11/21/23",11
"Chase Edmonds","TB","RB","L 20-27",4.5,0,0,0,1,11,0,0,0,0,1,0,0,0,1.1,0,0,"Ind","Away",71.5,"11/28/23",12
"Chase Edmonds","TB","RB","W 21-18",4.4,0,0,0,2,7,0,1,2,0,1,0,0,0,1.9,0,0,"Car","Home",53.5,"12/5/23",13
"Chase Edmonds","TB","RB","W 29-25",3.9,0,0,0,8,40,0,2,18,0,2,0,0,0,7.8,0,0,"Atl","Away",36.5,"12/12/23",14
"Chase Edmonds","TB","RB","W 34-20",4.3,0,0,0,3,13,0,0,0,0,0,0,0,0,1.3,0,0,"GB","Away",73.5,"12/19/23",15
"Chase Edmonds","TB","RB","W 30-12",3.6,0,0,0,10,25,0,0,0,0,0,0,0,0,2.5,0,0,"Jax","Home",56,"12/26/23",16
"Chase Edmonds","TB","RB","L 13-23",4.3,0,0,0,3,16,0,5,40,0,6,0,0,0,10.6,0,0,"NO","Home",30,"1/2/24",17
"Chase Edmonds","TB","RB","W 9-0",5.2,0,0,0,4,27,0,1,-3,0,1,0,0,0,3.4,0,0,"Car","Away",49,"1/9/24",18
"Chigoziem Okonkwo","Ten","TE","L 15-16",8,0,0,0,0,0,0,0,0,0,2,0,0,0,0,0,0,"NO","Away",75,"9/12/23",1
"Chigoziem Okonkwo","Ten","TE","W 27-24",7.9,0,0,0,0,0,0,4,35,0,4,0,0,0,7.5,0,0,"LAC","Home",24,"9/19/23",2
"Chigoziem Okonkwo","Ten","TE","L 3-27",7.4,0,0,0,0,0,0,3,7,0,4,0,0,0,3.7,0,0,"Cle","Away",28.5,"9/26/23",3
"Chigoziem Okonkwo","Ten","TE","W 27-3",7.8,0,0,0,0,0,0,3,29,0,3,0,0,0,5.9,0,0,"Cin","Home",25,"10/3/23",4
"Chigoziem Okonkwo","Ten","TE","L 16-23",7.6,0,0,0,0,0,0,5,33,0,9,0,0,0,8.3,0,0,"Ind","Away",17,"10/10/23",5
"Chigoziem Okonkwo","Ten","TE","L 16-24",7.9,0,0,0,0,0,0,2,18,0,4,0,0,0,3.8,0,0,"Bal","Home",28.5,"10/17/23",6
"Chigoziem Okonkwo","Ten","TE","W 28-23",7.8,0,0,0,1,4,0,4,23,0,6,0,0,0,6.7,0,0,"Atl","Home",21,"10/31/23",8
"Chigoziem Okonkwo","Ten","TE","L 16-20",8.3,0,0,0,0,0,0,3,28,0,4,0,0,0,5.8,0,0,"Pit","Away",26,"11/7/23",9
"Chigoziem Okonkwo","Ten","TE","L 6-20",8.2,0,0,0,0,0,0,3,27,0,6,0,0,0,5.7,0,0,"TB","Away",20,"11/14/23",10
"Chigoziem Okonkwo","Ten","TE","L 14-34",7.6,0,0,0,0,0,0,1,6,0,2,0,0,0,1.6,0,0,"Jax","Away",42,"11/21/23",11
"Chigoziem Okonkwo","Ten","TE","W 17-10",6.7,0,0,0,0,0,0,4,45,0,5,0,0,0,8.5,0,0,"Car","Home",14.5,"11/28/23",12
"Chigoziem Okonkwo","Ten","TE","L 28-31",7.4,0,0,0,1,2,0,3,62,0,6,0,0,0,9.4,0,0,"Ind","Home",10.5,"12/5/23",13
"Chigoziem Okonkwo","Ten","TE","W 28-27",8.3,0,0,0,0,0,0,5,46,0,6,0,0,0,9.6,0,0,"Mia","Away",18.5,"12/12/23",14
"Chigoziem Okonkwo","Ten","TE","L 16-19",7.9,0,0,0,0,0,0,3,36,0,3,0,0,0,6.6,0,0,"Hou","Home",28,"12/19/23",15
"Chigoziem Okonkwo","Ten","TE","L 17-20",7.9,0,0,0,0,0,0,6,63,1,7,0,0,0,18.3,0,0,"Sea","Home",2,"12/26/23",16
"Chigoziem Okonkwo","Ten","TE","L 3-26",8.7,0,0,0,0,0,0,3,34,0,4,0,0,0,6.4,0,0,"Hou","Away",26,"1/2/24",17
"Chigoziem Okonkwo","Ten","TE","W 28-20",8.1,0,0,0,0,0,0,2,36,0,3,0,0,0,5.6,0,0,"Jax","Home",23,"1/9/24",18
"Chris Blair","Atl","WR","W 24-15",NA,0,0,0,0,0,0,0,0,0,0,0,0,0,0,0,0,"NO","Home",149,"11/28/23",12
"Chris Brooks","Mia","RB","W 36-34",2,0,0,0,0,0,0,0,0,0,0,0,0,0,0,0,0,"LAC","Away",96,"9/12/23",1
"Chris Brooks","Mia","RB","W 24-17",0,0,0,0,0,0,0,0,0,0,0,0,0,0,0,0,0,"NE","Away",96,"9/19/23",2
"Chris Brooks","Mia","RB","W 70-20",1.1,0,0,0,9,66,0,0,0,0,0,0,0,0,6.6,0,0,"Den","Home",37,"9/26/23",3
"Chris Brooks","Mia","RB","L 20-48",0,0,0,0,0,0,0,0,0,0,0,0,0,0,0,0,0,"Buf","Away",93.5,"10/3/23",4
"Chris Brooks","Mia","RB","W 31-16",0,0,0,0,0,0,0,0,0,0,0,0,0,0,0,0,0,"NYG","Home",81,"10/10/23",5
"Chris Brooks","Mia","RB","W 42-21",3.4,0,0,0,6,28,0,0,0,0,0,0,0,0,2.8,0,0,"Car","Home",50,"10/17/23",6
"Chris Brooks","Mia","RB","W 22-20",0,0,0,0,0,0,0,0,0,0,0,0,0,0,0,0,0,"Dal","Home",92,"12/26/23",16
"Chris Brooks","Mia","RB","L 19-56",0.9,0,0,0,4,12,0,0,0,0,0,0,0,0,1.2,0,0,"Bal","Away",73,"1/2/24",17
"Chris Brooks","Mia","RB","L 14-21",1.2,0,0,0,0,0,0,0,0,0,0,0,0,0,0,0,0,"Buf","Home",88.5,"1/9/24",18
"Chris Conley","SF","WR","W 30-12",0,0,0,0,0,0,0,0,0,0,0,0,0,0,0,0,0,"NYG","Home",141,"9/26/23",3
"Chris Conley","SF","WR","L 17-22",0,0,0,0,0,0,0,0,0,0,0,0,0,0,0,0,0,"Min","Away",116,"10/24/23",7
"Chris Conley","SF","WR","W 42-19",0,0,0,0,0,0,0,0,0,0,0,0,0,0,0,0,0,"Phi","Away",113,"12/5/23",13
"Chris Conley","SF","WR","W 28-16",0,0,0,0,0,0,0,0,0,0,0,0,0,0,0,0,0,"Sea","Home",134,"12/12/23",14
"Chris Conley","SF","WR","W 45-29",0,0,0,0,0,0,0,0,0,0,0,0,0,0,0,0,0,"Ari","Away",140,"12/19/23",15
"Chris Conley","SF","WR","L 19-33",1.1,0,0,0,0,0,0,0,0,0,0,0,0,0,0,0,0,"Bal","Home",144.5,"12/26/23",16
"Chris Conley","SF","WR","W 27-10",0,0,0,0,0,0,0,0,0,0,0,0,0,0,0,0,0,"Wsh","Away",137.5,"1/2/24",17
"Chris Conley","SF","WR","L 20-21",5.9,0,0,0,0,0,0,3,69,0,6,0,0,0,9.9,0,0,"LAR","Home",39,"1/9/24",18
"Chris Evans","Cin","RB","L 3-24",3.2,0,0,0,2,12,0,1,-1,0,1,0,0,0,2.1,0,0,"Cle","Away",63,"9/12/23",1
"Chris Evans","Cin","RB","L 3-27",0.1,0,0,0,0,0,0,0,0,0,0,0,0,0,0,0,0,"Ten","Away",93.5,"10/3/23",4
"Chris Evans","Cin","RB","W 34-20",0.1,0,0,0,0,0,0,0,0,0,0,0,0,0,0,0,0,"Ari","Away",81,"10/10/23",5
"Chris Evans","Cin","RB","W 17-13",0.1,0,0,0,0,0,0,0,0,0,0,0,0,0,0,0,0,"Sea","Home",93,"10/17/23",6
"Chris Evans","Cin","RB","W 31-17",0.8,0,0,0,0,0,0,0,0,0,0,0,0,0,0,0,0,"SF","Away",97,"10/31/23",8
"Chris Evans","Cin","RB","W 24-18",0.5,0,0,0,0,0,0,0,0,0,0,0,0,0,0,0,0,"Buf","Home",82.5,"11/7/23",9
"Chris Evans","Cin","RB","L 27-30",0,0,0,0,0,0,0,0,0,0,0,0,0,0,0,0,0,"Hou","Home",83,"11/14/23",10
"Chris Evans","Cin","RB","L 20-34",0,0,0,0,0,0,0,0,0,0,0,0,0,0,0,0,0,"Bal","Away",80,"11/21/23",11
"Chris Godwin","TB","WR","W 20-17",14.1,0,0,0,0,0,0,5,51,0,6,0,0,0,10.1,0,0,"Min","Away",40,"9/12/23",1
"Chris Godwin","TB","WR","W 27-17",13.8,0,0,0,0,0,0,5,58,0,8,0,0,0,10.8,0,0,"Chi","Home",51.5,"9/19/23",2
"Chris Godwin","TB","WR","L 11-25",13.4,0,0,0,0,0,0,3,32,0,5,0,0,0,8.2,0,0,"Phi","Home",57.5,"9/26/23",3
"Chris Godwin","TB","WR","W 26-9",12.7,0,0,0,0,0,0,8,114,0,11,0,0,0,19.4,0,1,"NO","Away",10,"10/3/23",4
"Chris Godwin","TB","WR","L 6-20",13.9,0,0,0,0,0,0,6,77,0,7,0,0,0,13.7,0,0,"Det","Home",28,"10/17/23",6
"Chris Godwin","TB","WR","L 13-16",12.2,0,0,0,0,0,0,6,66,0,12,0,0,0,12.6,0,0,"Atl","Home",26,"10/24/23",7
"Chris Godwin","TB","WR","L 18-24",14,0,0,0,1,14,0,5,54,1,7,0,0,0,17.8,0,0,"Buf","Away",16,"10/31/23",8
"Chris Godwin","TB","WR","L 37-39",13.3,0,0,0,0,0,0,2,16,0,6,0,0,0,3.6,0,0,"Hou","Away",74.5,"11/7/23",9
"Chris Godwin","TB","WR","W 20-6",13.5,0,0,0,0,0,0,4,54,0,6,0,0,0,9.4,0,0,"Ten","Home",37,"11/14/23",10
"Chris Godwin","TB","WR","L 14-27",13.2,0,0,0,0,0,0,6,39,0,7,0,0,0,9.9,0,0,"SF","Away",34,"11/21/23",11
"Chris Godwin","TB","WR","L 20-27",12.1,0,0,0,0,0,0,3,45,0,7,0,0,0,7.5,0,0,"Ind","Away",56,"11/28/23",12
"Chris Godwin","TB","WR","W 21-18",11.8,0,0,0,1,19,1,0,0,0,3,0,0,0,7.9,0,0,"Car","Home",43,"12/5/23",13
"Chris Godwin","TB","WR","W 29-25",12,0,0,0,0,0,0,5,53,0,11,0,0,0,10.3,0,0,"Atl","Away",33.5,"12/12/23",14
"Chris Godwin","TB","WR","W 34-20",12.6,0,0,0,0,0,0,10,155,0,12,0,0,0,25.5,0,0,"GB","Away",4,"12/19/23",15
"Chris Godwin","TB","WR","W 30-12",14.1,0,0,0,1,1,0,6,78,0,10,0,0,0,13.9,0,0,"Jax","Home",28,"12/26/23",16
"Chris Godwin","TB","WR","L 13-23",14.9,0,0,0,0,0,0,3,81,1,5,0,0,0,17.1,0,0,"NO","Home",16.5,"1/2/24",17
"Chris Godwin","TB","WR","W 9-0",13.3,0,0,0,1,4,0,6,51,0,7,0,0,0,11.5,0,0,"Car","Away",34,"1/9/24",18
"Chris Manhertz","Den","TE","L 16-17",1.1,0,0,0,0,0,0,0,0,0,0,0,0,0,0,0,0,"LV","Home",75,"9/12/23",1
"Chris Manhertz","Den","TE","L 33-35",2.2,0,0,0,0,0,0,0,0,0,0,0,0,0,0,0,0,"Wsh","Home",76,"9/19/23",2
"Chris Manhertz","Den","TE","L 20-70",1.5,0,0,0,0,0,0,0,0,0,1,0,0,0,0,0,0,"Mia","Away",79,"9/26/23",3
"Chris Manhertz","Den","TE","W 31-28",0,0,0,0,0,0,0,1,10,0,1,0,0,0,2,0,0,"Chi","Away",43.5,"10/3/23",4
"Chris Manhertz","Den","TE","L 21-31",1.7,0,0,0,0,0,0,0,0,0,0,0,0,0,0,0,0,"NYJ","Home",71,"10/10/23",5
"Chris Manhertz","Den","TE","L 8-19",0,0,0,0,0,0,0,0,0,0,1,0,0,0,0,0,0,"KC","Away",72,"10/17/23",6
"Chris Manhertz","Den","TE","W 19-17",2.1,0,0,0,0,0,0,0,0,0,0,0,0,0,0,0,0,"GB","Home",62,"10/24/23",7
"Chris Manhertz","Den","TE","W 24-9",1,0,0,0,0,0,0,0,0,0,0,0,0,0,0,0,0,"KC","Home",73,"10/31/23",8
"Chris Manhertz","Den","TE","W 24-22",1,0,0,0,0,0,0,1,6,0,1,0,0,0,1.6,0,0,"Buf","Away",43,"11/14/23",10
"Chris Manhertz","Den","TE","W 21-20",1.4,0,0,0,0,0,0,0,0,0,0,0,0,0,0,0,0,"Min","Home",67,"11/21/23",11
"Chris Manhertz","Den","TE","W 29-12",0.9,0,0,0,0,0,0,0,0,0,0,0,0,0,0,0,0,"Cle","Home",78,"11/28/23",12
"Chris Manhertz","Den","TE","L 17-22",1,0,0,0,0,0,0,0,0,0,0,0,0,0,0,0,0,"Hou","Away",66,"12/5/23",13
"Chris Manhertz","Den","TE","W 24-7",1,0,0,0,0,0,0,0,0,0,0,0,0,0,0,0,0,"LAC","Away",73,"12/12/23",14
"Chris Manhertz","Den","TE","L 17-42",1,0,0,0,0,0,0,0,0,0,0,0,0,0,0,0,0,"Det","Away",81.5,"12/19/23",15
"Chris Manhertz","Den","TE","L 23-26",0,0,0,0,0,0,0,0,0,0,0,0,0,0,0,0,0,"NE","Home",78,"12/26/23",16
"Chris Manhertz","Den","TE","W 16-9",0,0,0,0,0,0,0,0,0,0,0,0,0,0,0,0,0,"LAC","Home",76,"1/2/24",17
"Chris Moore","Ten","WR","L 15-16",2.5,0,0,0,0,0,0,0,0,0,1,0,0,0,0,0,0,"NO","Away",135,"9/12/23",1
"Chris Moore","Ten","WR","W 27-24",2.1,0,0,0,0,0,0,1,49,0,1,0,0,0,5.9,0,0,"LAC","Home",74.5,"9/19/23",2
"Chris Moore","Ten","WR","L 3-27",1.5,0,0,0,0,0,0,2,41,0,3,0,0,0,6.1,0,0,"Cle","Away",73.5,"9/26/23",3
"Chris Moore","Ten","WR","W 27-3",6.6,0,0,0,0,0,0,1,44,0,3,0,0,0,5.4,0,0,"Cin","Home",67,"10/3/23",4
"Chris Moore","Ten","WR","L 16-23",6.9,0,0,0,0,0,0,0,0,0,0,0,0,0,0,0,0,"Ind","Away",124.5,"10/10/23",5
"Chris Moore","Ten","WR","L 16-24",6.3,0,0,0,0,0,0,1,6,0,1,0,0,0,1.6,0,0,"Bal","Home",94,"10/17/23",6
"Chris Moore","Ten","WR","W 28-23",0.4,0,0,0,0,0,0,0,0,0,0,0,0,0,0,0,0,"Atl","Home",138,"10/31/23",8
"Chris Moore","Ten","WR","L 16-20",0.5,0,0,0,0,0,0,1,29,0,2,0,0,0,3.9,0,0,"Pit","Away",70,"11/7/23",9
"Chris Moore","Ten","WR","L 6-20",4.2,0,0,0,0,0,0,2,21,0,4,0,0,0,4.1,0,0,"TB","Away",65.5,"11/14/23",10
"Chris Moore","Ten","WR","L 14-34",3.6,0,0,0,1,38,0,1,49,0,1,0,0,0,9.7,0,0,"Jax","Away",35,"11/21/23",11
"Chris Moore","Ten","WR","W 17-10",4.7,0,0,0,1,1,0,3,41,0,4,0,0,0,7.2,0,0,"Car","Home",58.5,"11/28/23",12
"Chris Moore","Ten","WR","L 28-31",2.7,0,0,0,0,0,0,1,12,0,1,0,0,0,2.2,0,0,"Ind","Home",72.5,"12/5/23",13
"Chris Moore","Ten","WR","W 28-27",2.8,0,0,0,0,0,0,1,22,0,1,0,0,0,3.2,0,0,"Mia","Away",85,"12/12/23",14
"Chris Moore","Ten","WR","L 16-19",2.3,0,0,0,0,0,0,3,39,0,4,0,0,0,6.9,0,0,"Hou","Home",54.5,"12/19/23",15
"Chris Moore","Ten","WR","L 17-20",5.9,0,0,0,0,0,0,1,9,0,2,0,0,0,1.9,0,0,"Sea","Home",103,"12/26/23",16
"Chris Moore","Ten","WR","L 3-26",6,0,0,0,0,0,0,1,32,0,3,0,0,0,4.2,0,0,"Hou","Away",74.5,"1/2/24",17
"Chris Moore","Ten","WR","W 28-20",6,0,0,0,0,0,0,3,30,0,4,0,0,0,6,0,0,"Jax","Home",56.5,"1/9/24",18
"Chris Olave","NO","WR","W 16-15",14.4,0,0,0,0,0,0,8,112,0,10,0,0,0,19.2,0,0,"Ten","Home",10,"9/12/23",1
"Chris Olave","NO","WR","W 20-17",14.5,0,0,0,0,0,0,6,86,0,11,0,0,0,14.6,0,0,"Car","Away",33,"9/19/23",2
"Chris Olave","NO","WR","L 17-18",15.5,0,0,0,0,0,0,8,104,0,11,0,0,0,18.4,0,0,"GB","Away",16,"9/26/23",3
"Chris Olave","NO","WR","L 9-26",16.8,0,0,0,0,0,0,1,4,0,6,0,0,0,1.4,0,0,"TB","Home",117.5,"10/3/23",4
"Chris Olave","NO","WR","W 34-0",15,0,0,0,0,0,0,2,12,1,5,0,0,0,9.2,0,0,"NE","Away",40,"10/10/23",5
"Chris Olave","NO","WR","L 13-20",14.3,0,0,0,0,0,0,7,96,0,10,0,0,0,16.6,0,0,"Hou","Away",18,"10/17/23",6
"Chris Olave","NO","WR","L 24-31",14.2,0,0,0,0,0,0,7,57,0,15,0,0,0,12.7,0,0,"Jax","Home",24.5,"10/24/23",7
"Chris Olave","NO","WR","W 38-27",14.8,0,0,0,0,0,0,5,46,0,9,0,0,0,9.6,0,0,"Ind","Away",49.5,"10/31/23",8
"Chris Olave","NO","WR","W 24-17",14.9,0,0,0,0,0,0,6,46,1,8,0,0,0,16.6,0,0,"Chi","Home",10,"11/7/23",9
"Chris Olave","NO","WR","L 19-27",14.4,0,0,0,0,0,0,6,94,1,9,0,0,0,21.4,0,0,"Min","Away",9,"11/14/23",10
"Chris Olave","NO","WR","L 15-24",14.9,0,0,0,0,0,0,7,114,0,9,0,0,0,18.4,0,0,"Atl","Away",19,"11/28/23",12
"Chris Olave","NO","WR","L 28-33",16.5,0,0,0,0,0,0,5,119,0,8,0,0,0,16.9,0,0,"Det","Home",16,"12/5/23",13
"Chris Olave","NO","WR","W 28-6",14.9,0,0,0,0,0,0,4,28,1,5,0,0,0,12.8,0,0,"Car","Home",26.5,"12/12/23",14
"Chris Olave","NO","WR","L 22-30",16,0,0,0,0,0,0,9,123,0,13,0,0,0,23.3,0,0,"LAR","Away",11,"12/26/23",16
"Chris Olave","NO","WR","W 23-13",16.4,0,0,0,0,0,0,3,26,0,6,0,0,0,5.6,0,0,"TB","Away",65.5,"1/2/24",17
"Chris Olave","NO","WR","W 48-17",14.6,0,0,0,0,0,0,3,56,1,3,0,0,0,14.6,0,0,"Atl","Home",26,"1/9/24",18
"Chris Rodriguez Jr.","Wsh","RB","W 20-16",1.4,0,0,0,3,7,0,0,0,0,0,0,0,0,0.7,0,0,"Ari","Home",79.5,"9/12/23",1
"Chris Rodriguez Jr.","Wsh","RB","W 35-33",0.9,0,0,0,0,0,0,0,0,0,0,0,0,0,0,0,0,"Den","Away",96,"9/19/23",2
"Chris Rodriguez Jr.","Wsh","RB","L 3-37",0,0,0,0,0,0,0,0,0,0,0,0,0,0,0,0,0,"Buf","Home",95.5,"9/26/23",3
"Chris Rodriguez Jr.","Wsh","RB","W 24-16",0,0,0,0,4,23,0,0,0,0,0,0,0,0,2.3,0,0,"Atl","Away",58.5,"10/17/23",6
"Chris Rodriguez Jr.","Wsh","RB","L 7-14",1.8,0,0,0,7,31,0,0,0,0,0,0,0,0,3.1,0,0,"NYG","Away",48,"10/24/23",7
"Chris Rodriguez Jr.","Wsh","RB","L 31-38",1.9,0,0,0,0,0,0,0,0,0,0,0,0,0,0,0,0,"Phi","Home",97,"10/31/23",8
"Chris Rodriguez Jr.","Wsh","RB","W 20-17",1,0,0,0,0,0,0,0,0,0,0,0,0,0,0,0,0,"NE","Away",82.5,"11/7/23",9
"Chris Rodriguez Jr.","Wsh","RB","L 26-29",0.3,0,0,0,0,0,0,0,0,0,0,0,0,0,0,0,0,"Sea","Away",83,"11/14/23",10
"Chris Rodriguez Jr.","Wsh","RB","L 19-31",6.2,0,0,0,6,43,0,1,5,0,1,0,1,0,3.8,0,0,"NYG","Home",44,"11/21/23",11
"Chris Rodriguez Jr.","Wsh","RB","L 10-45",0.8,0,0,0,4,21,0,0,0,0,0,0,0,0,2.1,0,0,"Dal","Away",62.5,"11/28/23",12
"Chris Rodriguez Jr.","Wsh","RB","L 15-45",0.3,0,0,0,7,29,0,0,0,0,0,0,0,0,2.9,0,0,"Mia","Home",43,"12/5/23",13
"Chris Rodriguez Jr.","Wsh","RB","L 20-28",8,0,0,0,10,35,0,0,0,0,0,0,0,0,3.5,0,0,"LAR","Away",56,"12/19/23",15
"Chris Rodriguez Jr.","Wsh","RB","L 28-30",8.2,0,0,0,10,58,2,1,7,0,1,0,0,0,19.5,0,0,"NYJ","Away",8,"12/26/23",16
"Christian Kirk","Jax","WR","W 31-21",12.3,0,0,0,0,0,0,1,9,0,3,0,0,0,1.9,0,0,"Ind","Away",95.5,"9/12/23",1
"Christian Kirk","Jax","WR","L 9-17",10.4,-1,0,0,0,0,0,11,110,0,14,0,0,0,21.96,1,1,"KC","Home",13,"9/19/23",2
"Christian Kirk","Jax","WR","L 17-37",12.1,0,0,0,0,0,0,4,54,1,6,0,0,0,15.4,0,0,"Hou","Home",26,"9/26/23",3
"Christian Kirk","Jax","WR","W 23-7",12,0,0,0,0,0,0,8,84,0,12,0,0,0,16.4,0,0,"Atl","Home",16,"10/3/23",4
"Christian Kirk","Jax","WR","W 25-20",12,0,0,0,1,6,0,6,78,0,8,0,0,0,14.4,0,0,"Buf","Away",21,"10/10/23",5
"Christian Kirk","Jax","WR","W 37-20",13.7,0,0,0,0,0,0,3,49,1,6,0,0,0,13.9,0,0,"Ind","Home",27,"10/17/23",6
"Christian Kirk","Jax","WR","W 31-24",13.3,0,0,0,0,0,0,6,90,1,6,0,1,0,19,0,0,"NO","Away",9,"10/24/23",7
"Christian Kirk","Jax","WR","W 20-10",13.8,0,0,0,0,0,0,4,46,0,5,0,0,0,8.6,0,0,"Pit","Away",56,"10/31/23",8
"Christian Kirk","Jax","WR","L 3-34",13.1,0,0,0,0,0,0,6,104,0,11,0,1,0,14.4,0,1,"SF","Home",23.5,"11/14/23",10
"Christian Kirk","Jax","WR","W 34-14",13.8,0,0,0,0,0,0,3,48,0,6,0,0,0,7.8,0,0,"Ten","Home",46,"11/21/23",11
"Christian Kirk","Jax","WR","W 24-21",13.7,0,0,0,0,0,0,4,89,0,7,0,0,0,12.9,0,0,"Hou","Away",31,"11/28/23",12
"Christian Kirk","Jax","WR","L 31-34",12.8,0,0,0,0,0,0,1,26,0,1,0,0,0,3.6,0,0,"Cin","Home",61.5,"12/5/23",13
"Christian McCaffrey","SF","RB","W 30-7",17.3,0,0,0,22,152,1,3,17,0,5,0,0,0,25.9,0,0,"Pit","Away",3,"9/12/23",1
"Christian McCaffrey","SF","RB","W 30-23",22.3,0,0,0,20,116,1,3,19,0,3,0,0,0,22.5,0,0,"LAR","Away",7,"9/19/23",2
"Christian McCaffrey","SF","RB","W 30-12",21.1,0,0,0,18,85,1,5,34,0,5,0,0,0,22.9,0,0,"NYG","Home",4,"9/26/23",3
"Christian McCaffrey","SF","RB","W 35-16",21.1,0,0,0,20,106,3,7,71,1,8,0,0,0,48.7,0,0,"Ari","Home",1,"10/3/23",4
"Christian McCaffrey","SF","RB","W 42-10",22.2,0,0,0,19,51,1,2,27,0,3,0,1,0,13.8,0,0,"Dal","Home",12,"10/10/23",5
"Christian McCaffrey","SF","RB","L 17-19",22.7,0,0,0,11,43,0,3,9,1,3,0,0,0,14.2,0,0,"Cle","Away",15,"10/17/23",6
"Christian McCaffrey","SF","RB","L 17-22",23.4,0,0,0,15,45,1,3,51,1,3,0,1,0,22.6,0,0,"Min","Away",5,"10/24/23",7
"Christian McCaffrey","SF","RB","L 17-31",22.4,0,0,0,12,54,1,6,64,1,7,0,0,0,29.8,0,0,"Cin","Home",2,"10/31/23",8
"Christian McCaffrey","SF","RB","W 34-3",20.2,0,0,0,16,95,0,6,47,0,10,0,0,0,20.2,0,0,"Jax","Away",6,"11/14/23",10
"Christian McCaffrey","SF","RB","W 27-14",23.1,0,0,0,21,78,0,5,25,1,5,0,0,0,21.3,0,0,"TB","Home",4,"11/21/23",11
"Christian McCaffrey","SF","RB","W 31-13",23.1,0,0,0,19,114,2,5,25,0,6,0,0,0,30.9,0,0,"Sea","Away",2,"11/28/23",12
"Christian McCaffrey","SF","RB","W 42-19",23,0,0,0,17,93,1,3,40,0,4,0,0,0,22.3,0,0,"Phi","Away",7,"12/5/23",13
"Christian McCaffrey","SF","RB","W 28-16",24.6,0,0,0,16,145,0,1,8,0,1,0,0,0,16.3,0,0,"Sea","Home",17,"12/12/23",14
"Christian McCaffrey","SF","RB","W 45-29",25.1,0,0,0,18,115,1,5,72,2,5,0,0,0,41.7,0,0,"Ari","Away",1,"12/19/23",15
"Christian McCaffrey","SF","RB","L 19-33",24,0,0,0,14,103,1,6,28,0,10,0,0,0,25.1,0,0,"Bal","Home",2,"12/26/23",16
"Christian McCaffrey","SF","RB","W 27-10",25.4,0,0,0,14,64,0,4,27,0,5,0,0,0,13.1,0,0,"Wsh","Away",21,"1/2/24",17
"Christian Watson","GB","WR","L 24-25",0,0,0,0,0,0,0,0,0,0,0,0,0,0,0,0,0,"Atl","Away",145,"9/19/23",2
"Christian Watson","GB","WR","L 20-34",11.2,0,0,0,0,0,0,2,25,1,4,0,0,0,10.5,0,0,"Det","Home",36.5,"10/3/23",4
"Christian Watson","GB","WR","L 13-17",12,0,0,0,1,-5,0,3,91,0,7,0,0,0,11.6,0,0,"LV","Away",26,"10/10/23",5
"Christian Watson","GB","WR","L 17-19",12.5,0,0,0,0,0,0,3,27,0,5,0,0,0,5.7,0,0,"Den","Away",57,"10/24/23",7
"Christian Watson","GB","WR","L 10-24",12.1,0,0,0,0,0,0,3,33,0,8,0,0,0,6.3,0,0,"Min","Home",70.5,"10/31/23",8
"Christian Watson","GB","WR","W 20-3",11.1,0,0,0,0,0,0,1,37,0,2,0,0,0,4.7,0,0,"LAR","Home",66,"11/7/23",9
"Christian Watson","GB","WR","L 19-23",10.1,0,0,0,0,0,0,2,23,0,7,0,0,0,4.3,0,0,"Pit","Away",63,"11/14/23",10
"Christian Watson","GB","WR","W 23-20",10.8,0,0,0,1,1,0,2,21,1,4,0,0,0,10.2,0,0,"LAC","Home",32,"11/21/23",11
"Christian Watson","GB","WR","W 29-22",11.4,0,0,0,0,0,0,5,94,1,7,0,0,0,20.4,0,0,"Det","Away",13,"11/28/23",12
"Christian Watson","GB","WR","W 27-19",11.2,0,0,0,2,15,0,7,71,2,9,0,0,0,27.6,0,0,"KC","Home",8,"12/5/23",13
"Chuba Hubbard","Car","RB","L 10-24",5.9,0,0,0,9,60,0,2,9,0,2,0,0,0,8.9,0,0,"Atl","Away",34,"9/12/23",1
"Chuba Hubbard","Car","RB","L 17-20",7.5,0,0,0,2,16,0,5,34,0,5,0,0,0,10,0,0,"NO","Home",24,"9/19/23",2
"Chuba Hubbard","Car","RB","L 27-37",8.7,0,0,0,1,2,0,2,2,0,3,0,0,0,2.4,0,0,"Sea","Away",66,"9/26/23",3
"Chuba Hubbard","Car","RB","L 13-21",6.4,0,0,0,14,41,0,2,12,0,2,0,0,0,7.3,0,0,"Min","Home",33,"10/3/23",4
"Chuba Hubbard","Car","RB","L 24-42",6.5,0,0,0,9,35,0,1,0,0,2,0,0,0,4.5,0,0,"Det","Away",40.5,"10/10/23",5
"Chuba Hubbard","Car","RB","L 21-42",12.1,0,0,0,19,88,1,1,2,0,1,0,0,0,16,0,0,"Mia","Away",13,"10/17/23",6
"Chuba Hubbard","Car","RB","W 15-13",8,0,0,0,15,28,0,2,26,0,2,0,0,0,7.4,0,0,"Hou","Home",37,"10/31/23",8
"Chuba Hubbard","Car","RB","L 13-27",9.9,0,0,0,16,58,0,4,9,0,6,0,0,0,10.7,0,0,"Ind","Home",21,"11/7/23",9
"Chuba Hubbard","Car","RB","L 13-16",9.7,0,0,0,9,23,0,2,16,0,2,0,0,0,5.9,0,0,"Chi","Away",41,"11/14/23",10
"Chuba Hubbard","Car","RB","L 10-33",10,0,0,0,10,57,0,2,8,0,2,0,0,0,8.5,0,0,"Dal","Home",25,"11/21/23",11
"Chuba Hubbard","Car","RB","L 10-17",9.8,0,0,0,14,45,1,5,47,0,5,0,0,0,20.2,0,0,"Ten","Away",11,"11/28/23",12
"Chuba Hubbard","Car","RB","L 18-21",11.3,0,0,0,25,104,2,0,0,0,0,0,0,0,22.4,0,0,"TB","Away",6,"12/5/23",13
"Chuba Hubbard","Car","RB","L 6-28",12.9,0,0,0,23,87,0,2,9,0,2,0,0,0,11.6,0,0,"NO","Away",25,"12/12/23",14
"Chuba Hubbard","Car","RB","W 9-7",12.8,0,0,0,22,87,0,2,16,0,2,0,0,0,12.3,0,0,"Atl","Home",18.5,"12/19/23",15
"Chuba Hubbard","Car","RB","L 30-33",14,0,0,0,16,43,1,1,8,0,1,0,0,0,12.1,0,0,"GB","Home",20,"12/26/23",16
"Chuba Hubbard","Car","RB","L 0-26",13.5,0,0,0,11,45,0,4,26,0,5,0,0,0,11.1,0,0,"Jax","Away",27.5,"1/2/24",17
"Chuba Hubbard","Car","RB","L 0-9",13.5,0,0,0,23,83,0,2,9,0,2,0,0,0,11.2,0,0,"TB","Home",25,"1/9/24",18
"Clayton Tune","Ari","QB","L 10-20",0,4,0,0,0,0,0,0,0,0,0,0,0,0,0.16,1,1,"Sea","Away",28,"10/24/23",7
"Clayton Tune","Ari","QB","L 0-27",11.3,58,0,2,5,28,0,0,0,0,0,0,1,0,-0.88,11,20,"Cle","Away",32,"11/7/23",9
"Clayton Tune","Ari","QB","W 25-23",0,0,0,0,1,1,1,0,0,0,0,0,0,0,6.1,0,0,"Atl","Home",27,"11/14/23",10
"Clayton Tune","Ari","QB","L 14-37",0,0,0,0,0,0,0,0,0,0,0,0,0,0,2,0,0,"LAR","Home",32,"11/28/23",12
"Clayton Tune","Ari","QB","L 29-45",0,0,0,0,1,0,0,0,0,0,0,0,0,0,0,0,0,"SF","Home",38.5,"12/19/23",15
"Clayton Tune","Ari","QB","W 35-31",0,0,0,0,0,0,0,0,0,0,0,0,0,0,0,0,0,"Phi","Away",35.5,"1/2/24",17
"Clayton Tune","Ari","QB","L 20-21",0,0,0,0,1,1,0,0,0,0,0,0,0,0,0.1,0,0,"Sea","Home",37,"1/9/24",18
"Clyde Edwards-Helaire","KC","RB","L 20-21",5.5,0,0,0,6,22,0,1,7,0,1,0,0,0,3.9,0,0,"Det","Home",50.5,"9/12/23",1
"Clyde Edwards-Helaire","KC","RB","W 17-9",3.4,0,0,0,1,0,0,2,17,0,2,0,0,0,3.7,0,0,"Jax","Away",53,"9/19/23",2
"Clyde Edwards-Helaire","KC","RB","W 41-10",4.4,0,0,0,15,55,1,1,2,0,1,0,0,0,12.7,0,0,"Chi","Home",19,"9/26/23",3
"Clyde Edwards-Helaire","KC","RB","W 23-20",4.1,0,0,0,3,12,0,1,1,0,1,0,0,0,2.3,0,0,"NYJ","Away",65,"10/3/23",4
"Clyde Edwards-Helaire","KC","RB","W 27-20",3.9,0,0,0,3,4,0,0,0,0,0,0,0,0,0.4,0,0,"Min","Away",68,"10/10/23",5
"Clyde Edwards-Helaire","KC","RB","W 19-8",3.9,0,0,0,2,7,0,1,9,0,1,0,0,0,2.6,0,0,"Den","Home",53.5,"10/17/23",6
"Clyde Edwards-Helaire","KC","RB","W 31-17",3.2,0,0,0,2,5,0,0,0,0,1,0,0,0,0.5,0,0,"LAC","Home",59,"10/24/23",7
"Clyde Edwards-Helaire","KC","RB","L 9-24",3.9,0,0,0,1,4,0,0,0,0,0,0,0,0,0.4,0,0,"Den","Away",79,"10/31/23",8
"Clyde Edwards-Helaire","KC","RB","L 17-21",2.4,0,0,0,2,20,0,0,0,0,0,0,0,0,2,0,0,"Phi","Home",58.5,"11/21/23",11
"Clyde Edwards-Helaire","KC","RB","W 31-17",6.5,0,0,0,3,5,0,0,0,0,0,0,0,0,0.5,0,0,"LV","Away",75.5,"11/28/23",12
"Clyde Edwards-Helaire","KC","RB","L 19-27",4.8,0,0,0,2,6,0,1,8,0,2,0,0,0,2.4,0,0,"GB","Away",51,"12/5/23",13
"Clyde Edwards-Helaire","KC","RB","L 17-20",12.4,0,0,0,11,39,0,2,29,0,4,0,0,0,8.8,0,0,"Buf","Home",34,"12/12/23",14
"Clyde Edwards-Helaire","KC","RB","W 27-17",11.9,0,0,0,13,37,0,4,64,1,4,0,0,0,20.1,0,0,"NE","Away",9,"12/19/23",15
"Clyde Edwards-Helaire","KC","RB","L 14-20",6.9,0,0,0,4,6,0,3,42,0,3,0,0,0,7.8,0,0,"LV","Home",41,"12/26/23",16
"Clyde Edwards-Helaire","KC","RB","W 13-12",8.3,0,0,0,2,1,0,1,9,0,2,0,0,0,2,0,0,"LAC","Away",57,"1/9/24",18
"Cody Thompson","Sea","WR","L 13-17",0,0,0,0,0,0,0,0,0,0,0,0,0,0,0,0,0,"Cin","Away",128,"10/17/23",6
"Cody Thompson","Sea","WR","L 35-41",0,0,0,0,0,0,0,0,0,0,0,0,0,0,0,0,0,"Dal","Away",113,"12/5/23",13
"Colby Parkinson","Sea","TE","L 13-30",1.8,0,0,0,0,0,0,1,8,0,2,0,0,0,1.8,0,0,"LAR","Home",45,"9/12/23",1
"Colby Parkinson","Sea","TE","W 37-31",3,0,0,0,0,0,0,2,41,0,3,0,0,0,6.1,0,0,"Det","Away",31,"9/19/23",2
"Colby Parkinson","Sea","TE","W 37-27",5,0,0,0,0,0,0,3,38,0,4,0,0,0,6.8,0,0,"Car","Home",22,"9/26/23",3
"Colby Parkinson","Sea","TE","W 24-3",3,0,0,0,0,0,0,0,0,0,1,0,0,0,0,0,0,"NYG","Away",79.5,"10/3/23",4
"Colby Parkinson","Sea","TE","L 13-17",3.6,0,0,0,0,0,0,3,19,0,5,0,0,0,4.9,0,0,"Cin","Away",22,"10/17/23",6
"Colby Parkinson","Sea","TE","W 20-10",5.3,0,0,0,0,0,0,2,26,0,2,0,0,0,4.6,0,0,"Ari","Home",24,"10/24/23",7
"Colby Parkinson","Sea","TE","W 24-20",4.3,0,0,0,0,0,0,0,0,0,0,0,0,0,0,0,0,"Cle","Home",73,"10/31/23",8
"Colby Parkinson","Sea","TE","L 3-37",4,0,0,0,0,0,0,1,6,0,1,0,0,0,1.6,0,0,"Bal","Away",45,"11/7/23",9
"Colby Parkinson","Sea","TE","W 29-26",4,0,0,0,0,0,0,1,3,0,1,0,0,0,1.3,0,0,"Wsh","Home",49,"11/14/23",10
"Colby Parkinson","Sea","TE","L 16-17",3,0,0,0,0,0,0,0,0,0,0,0,0,0,0,0,0,"LAR","Away",67,"11/21/23",11
"Colby Parkinson","Sea","TE","L 13-31",1.8,0,0,0,0,0,0,1,9,0,1,0,0,0,1.9,0,0,"SF","Home",49,"11/28/23",12
"Colby Parkinson","Sea","TE","L 35-41",2.4,0,0,0,0,0,0,0,0,0,0,0,0,0,0,0,0,"Dal","Away",66,"12/5/23",13
"Colby Parkinson","Sea","TE","L 16-28",1.8,0,0,0,0,0,0,2,28,1,2,0,0,0,10.8,0,0,"SF","Away",11,"12/12/23",14
"Colby Parkinson","Sea","TE","W 20-17",2.5,0,0,0,0,0,0,1,6,0,1,0,0,0,1.6,0,0,"Phi","Home",56.5,"12/19/23",15
"Colby Parkinson","Sea","TE","W 20-17",1.8,0,0,0,0,0,0,3,17,1,4,0,0,0,10.7,0,0,"Ten","Away",14,"12/26/23",16
"Colby Parkinson","Sea","TE","L 23-30",2.9,0,0,0,0,0,0,2,38,0,3,0,0,0,5.8,0,0,"Pit","Home",28.5,"1/2/24",17
"Colby Parkinson","Sea","TE","W 21-20",3.8,0,0,0,0,0,0,3,8,0,4,0,0,0,3.8,0,0,"Ari","Away",31.5,"1/9/24",18
"Cole Fotheringham","LV","TE","W 20-14",NA,0,0,0,0,0,0,1,6,0,1,0,0,0,1.6,0,0,"KC","Away",53.5,"12/26/23",16
"Cole Fotheringham","LV","TE","L 20-23",2.1,0,0,0,0,0,0,0,0,0,0,0,0,0,0,0,0,"Ind","Away",76,"1/2/24",17
"Cole Kmet","Chi","TE","L 20-38",8.5,0,0,0,1,0,0,5,44,0,7,0,0,0,9.4,0,0,"GB","Home",6,"9/12/23",1
"Cole Kmet","Chi","TE","L 17-27",8.2,0,0,0,0,0,0,4,38,0,6,0,0,0,7.8,0,0,"TB","Away",21,"9/19/23",2
"Cole Kmet","Chi","TE","L 10-41",9.2,0,0,0,0,0,0,2,22,0,2,0,0,0,4.2,0,0,"KC","Away",27,"9/26/23",3
"Cole Kmet","Chi","TE","L 28-31",7.6,0,0,0,1,1,0,7,85,2,9,0,0,0,27.6,0,0,"Den","Home",1,"10/3/23",4
"Cole Kmet","Chi","TE","W 40-20",9.6,0,0,0,0,0,0,5,42,1,5,0,0,0,15.2,0,0,"Wsh","Away",9,"10/10/23",5
"Cole Kmet","Chi","TE","L 13-19",10.7,0,0,0,0,0,0,2,9,0,3,0,0,0,2.9,0,0,"Min","Home",31,"10/17/23",6
"Cole Kmet","Chi","TE","W 30-12",9.6,0,0,0,0,0,0,0,0,0,0,0,0,0,0,0,0,"LV","Home",62,"10/24/23",7
"Cole Kmet","Chi","TE","L 13-30",8.8,0,0,0,0,0,0,10,79,0,10,0,0,0,17.9,0,0,"LAC","Away",6,"10/31/23",8
"Cole Kmet","Chi","TE","L 17-24",9.1,0,0,0,0,0,0,6,55,2,8,0,0,0,23.5,0,0,"NO","Away",2,"11/7/23",9
"Cole Kmet","Chi","TE","W 16-13",10.5,0,0,0,1,1,0,5,45,0,7,0,0,0,9.6,0,0,"Car","Home",11,"11/14/23",10
"Cole Kmet","Chi","TE","L 26-31",10.8,0,0,0,0,0,0,3,20,0,4,0,0,0,5,0,0,"Det","Away",25,"11/21/23",11
"Cole Kmet","Chi","TE","W 12-10",9.9,0,0,0,0,0,0,7,43,0,7,0,0,0,11.3,0,0,"Min","Away",9,"11/28/23",12
"Cole Kmet","Chi","TE","W 28-13",10.5,0,0,0,0,0,0,5,66,0,6,0,0,0,11.6,0,0,"Det","Home",10,"12/12/23",14
"Cole Kmet","Chi","TE","L 17-20",9.6,0,0,0,0,0,0,5,23,1,7,0,0,0,13.3,0,0,"Cle","Away",9,"12/19/23",15
"Cole Kmet","Chi","TE","W 27-16",10.6,0,0,0,0,0,0,4,107,0,5,0,0,0,14.7,0,0,"Ari","Home",6,"12/26/23",16
"Cole Kmet","Chi","TE","W 37-17",10.2,0,0,0,0,0,0,0,0,0,0,0,0,0,0,0,0,"Atl","Home",76,"1/2/24",17
"Cole Kmet","Chi","TE","L 9-17",10,0,0,0,0,0,0,3,41,0,4,0,0,0,7.1,0,0,"GB","Away",16,"1/9/24",18
"Cole Turner","Wsh","TE","W 20-16",0.5,0,0,0,0,0,0,1,17,0,2,0,0,0,2.7,0,0,"Ari","Home",41,"9/12/23",1
"Cole Turner","Wsh","TE","W 35-33",1.1,0,0,0,0,0,0,2,21,0,2,0,0,0,4.1,0,0,"Den","Away",39,"9/19/23",2
"Cole Turner","Wsh","TE","L 3-37",3.9,0,0,0,0,0,0,4,35,0,7,0,0,0,7.5,0,0,"Buf","Home",20.5,"9/26/23",3
"Cole Turner","Wsh","TE","L 31-34",3.4,0,0,0,0,0,0,0,0,0,0,0,0,0,0,0,0,"Phi","Away",79.5,"10/3/23",4
"Cole Turner","Wsh","TE","L 20-40",2.8,0,0,0,0,0,0,1,9,0,1,0,0,0,1.9,0,0,"Chi","Home",49,"10/10/23",5
"Cole Turner","Wsh","TE","W 24-16",2.3,0,0,0,0,0,0,0,0,0,0,0,0,0,0,0,0,"Atl","Away",72,"10/17/23",6
"Cole Turner","Wsh","TE","L 7-14",2.3,0,0,0,0,0,0,0,0,0,0,0,0,0,0,0,0,"NYG","Away",62,"10/24/23",7
"Cole Turner","Wsh","TE","W 20-17",0,0,0,0,0,0,0,0,0,0,0,0,0,0,0,0,0,"NE","Away",68,"11/7/23",9
"Cole Turner","Wsh","TE","L 19-31",0,0,0,0,0,0,0,1,7,0,1,0,0,0,1.7,0,0,"NYG","Home",40,"11/21/23",11
"Cole Turner","Wsh","TE","L 10-45",1.3,0,0,0,0,0,0,1,29,0,1,0,0,0,3.9,0,0,"Dal","Away",32,"11/28/23",12
"Cole Turner","Wsh","TE","L 15-45",1.3,0,0,0,0,0,0,1,2,0,1,0,0,0,1.2,0,0,"Mia","Home",46,"12/5/23",13
"Cole Turner","Wsh","TE","L 28-30",0,0,0,0,0,0,0,0,0,0,0,0,0,0,0,0,0,"NYJ","Away",78,"12/26/23",16
"Collin Johnson","Chi","WR","W 27-16",0,0,0,0,0,0,0,0,0,0,0,0,0,0,0,0,0,"Ari","Home",144.5,"12/26/23",16
"Collin Johnson","Chi","WR","W 37-17",0,0,0,0,0,0,0,1,11,0,1,0,0,0,2.1,0,0,"Atl","Home",91.5,"1/2/24",17
"Collin Johnson","Chi","WR","L 9-17",0,0,0,0,0,0,0,0,0,0,0,0,0,0,0,0,0,"GB","Away",142.5,"1/9/24",18
"Colton Dowell","Ten","WR","W 27-3",1,0,0,0,0,0,0,0,0,0,1,0,0,0,0,0,0,"Cin","Home",143,"10/3/23",4
"Colton Dowell","Ten","WR","L 16-23",0,0,0,0,0,0,0,0,0,0,0,0,0,0,0,0,0,"Ind","Away",124.5,"10/10/23",5
"Colton Dowell","Ten","WR","L 16-24",0,0,0,0,0,0,0,0,0,0,0,0,0,0,0,0,0,"Bal","Home",128,"10/17/23",6
"Colton Dowell","Ten","WR","L 14-34",0,0,0,0,0,0,0,0,0,0,0,0,0,0,0,0,0,"Jax","Away",126,"11/21/23",11
"Colton Dowell","Ten","WR","W 17-10",0,0,0,0,0,0,0,0,0,0,0,0,0,0,0,0,0,"Car","Home",149,"11/28/23",12
"Colton Dowell","Ten","WR","L 28-31",0.9,0,0,0,0,0,0,0,0,0,0,0,0,0,0,0,0,"Ind","Home",113,"12/5/23",13
"Colton Dowell","Ten","WR","W 28-27",0,0,0,0,0,0,0,0,0,0,0,0,0,0,0,0,0,"Mia","Away",134,"12/12/23",14
"Colton Dowell","Ten","WR","L 16-19",0,0,0,0,0,0,0,0,0,0,0,0,0,0,0,0,0,"Hou","Home",140,"12/19/23",15
"Colton Dowell","Ten","WR","L 17-20",2.5,0,0,0,0,0,0,1,3,0,1,0,0,0,1.3,0,0,"Sea","Home",116,"12/26/23",16
"Colton Dowell","Ten","WR","L 3-26",2,0,0,0,0,0,0,0,0,0,0,0,0,0,0,0,0,"Hou","Away",137.5,"1/2/24",17
"Connor Heyward","Pit","TE","L 7-30",1.8,0,0,0,0,0,0,2,19,0,4,0,0,0,3.9,0,0,"SF","Home",32.5,"9/12/23",1
"Connor Heyward","Pit","TE","W 26-22",2.2,0,0,0,0,0,0,0,0,0,0,0,0,0,0,0,0,"Cle","Home",76,"9/19/23",2
"Connor Heyward","Pit","TE","W 23-18",1.1,0,0,0,1,0,0,0,0,0,2,0,0,0,0,0,0,"LV","Away",79,"9/26/23",3
"Connor Heyward","Pit","TE","L 6-30",2.3,0,0,0,0,0,0,0,0,0,0,0,0,0,0,0,0,"Hou","Away",79.5,"10/3/23",4
"Connor Heyward","Pit","TE","W 17-10",4.4,0,0,0,0,0,0,3,23,0,4,0,0,0,5.3,0,0,"Bal","Home",23,"10/10/23",5
"Connor Heyward","Pit","TE","W 24-17",6.1,0,0,0,0,0,0,2,23,0,3,0,0,0,4.3,0,0,"LAR","Away",25,"10/24/23",7
"Connor Heyward","Pit","TE","L 10-20",5.9,0,0,0,0,0,0,5,24,0,6,0,0,0,7.4,0,0,"Jax","Home",20,"10/31/23",8
"Connor Heyward","Pit","TE","W 20-16",7.2,0,0,0,0,0,0,2,16,0,3,0,0,0,3.6,0,0,"Ten","Home",31,"11/7/23",9
"Connor Heyward","Pit","TE","W 23-19",5.7,0,0,0,0,0,0,3,32,0,4,0,0,0,6.2,0,0,"GB","Home",18,"11/14/23",10
"Connor Heyward","Pit","TE","L 10-13",1.4,0,0,0,0,0,0,0,0,0,0,0,0,0,0,0,0,"Cle","Away",67,"11/21/23",11
"Connor Heyward","Pit","TE","W 16-10",1,0,0,0,0,0,0,2,11,0,2,0,0,0,3.1,0,0,"Cin","Away",36.5,"11/28/23",12
"Connor Heyward","Pit","TE","L 10-24",1,0,0,0,0,0,0,0,0,0,2,0,0,0,0,0,0,"Ari","Home",66,"12/5/23",13
"Connor Heyward","Pit","TE","L 18-21",1.8,0,0,0,0,0,0,2,15,0,2,0,0,0,3.5,0,1,"NE","Home",36,"12/12/23",14
"Connor Heyward","Pit","TE","L 13-30",1.9,0,0,0,0,0,0,0,0,0,0,0,0,0,0,0,0,"Ind","Away",81.5,"12/19/23",15
"Connor Heyward","Pit","TE","W 34-11",1.9,0,0,0,0,0,0,0,0,0,0,0,0,0,0,0,0,"Cin","Home",78,"12/26/23",16
"Connor Heyward","Pit","TE","W 30-23",1.5,0,0,0,0,0,0,0,0,0,0,0,0,0,0,0,0,"Sea","Away",76,"1/2/24",17
"Connor Heyward","Pit","TE","W 17-10",0.8,0,0,0,0,0,0,2,4,0,2,0,0,0,2.4,0,0,"Bal","Away",45,"1/9/24",18
"Cooper Kupp","LAR","WR","L 14-23",17.1,0,0,0,0,0,0,8,118,0,12,0,0,0,19.8,0,0,"Phi","Home",12,"10/10/23",5
"Cooper Kupp","LAR","WR","W 26-9",20.2,0,0,0,0,0,0,7,148,1,9,0,0,0,27.8,0,0,"Ari","Home",4,"10/17/23",6
"Cooper Kupp","LAR","WR","L 17-24",20.7,0,0,0,0,0,0,2,29,0,7,0,0,0,6.9,0,0,"Pit","Home",53,"10/24/23",7
"Cooper Kupp","LAR","WR","L 20-43",19.1,0,0,0,0,0,0,4,21,0,10,0,0,0,6.1,0,0,"Dal","Away",74.5,"10/31/23",8
"Cooper Kupp","LAR","WR","L 3-20",16.6,0,0,0,0,0,0,2,48,0,7,0,0,0,6.8,0,0,"GB","Away",49,"11/7/23",9
"Cooper Kupp","LAR","WR","W 17-16",16.5,0,0,0,0,0,0,1,11,0,1,0,0,0,2.1,0,0,"Sea","Home",86.5,"11/21/23",11
"Cooper Kupp","LAR","WR","W 37-14",15.6,0,0,0,0,0,0,3,18,0,5,0,0,0,4.8,0,0,"Ari","Away",79,"11/28/23",12
"Cooper Kupp","LAR","WR","W 36-19",13.1,0,0,0,0,0,0,6,39,1,8,0,0,0,15.9,0,0,"Cle","Home",18,"12/5/23",13
"Cooper Kupp","LAR","WR","L 31-37",12.6,0,0,0,0,0,0,8,115,1,10,0,0,0,25.5,0,0,"Bal","Away",4,"12/12/23",14
"Cooper Kupp","LAR","WR","W 28-20",14.3,0,0,0,0,0,0,8,111,1,8,0,0,0,25.1,0,0,"Wsh","Home",5,"12/19/23",15
"Cooper Kupp","LAR","WR","W 30-22",14.6,0,0,0,1,-3,0,6,52,0,12,0,0,0,10.9,0,0,"NO","Home",37,"12/26/23",16
"Cooper Kupp","LAR","WR","W 26-25",15,0,0,0,0,0,0,4,27,1,6,0,0,0,12.7,0,0,"NYG","Away",31,"1/2/24",17
"Cooper Rush","Dal","QB","W 40-0",0,0,0,0,0,0,0,0,0,0,0,0,0,0,0,0,1,"NYG","Away",36,"9/12/23",1
"Cooper Rush","Dal","QB","W 38-3",0,20,0,0,3,-2,0,0,0,0,0,0,0,0,0.6,2,2,"NE","Home",37,"10/3/23",4
"Cooper Rush","Dal","QB","L 10-42",0,8,0,0,1,-2,0,0,0,0,0,0,0,0,0.12,2,2,"SF","Away",31,"10/10/23",5
"Cooper Rush","Dal","QB","W 43-20",0,3,0,0,3,-3,0,0,0,0,0,0,0,0,-0.18,2,3,"LAR","Home",39,"10/31/23",8
"Cooper Rush","Dal","QB","W 49-17",0,68,0,1,2,5,0,0,0,0,0,0,0,0,1.22,7,9,"NYG","Home",32,"11/14/23",10
"Cooper Rush","Dal","QB","W 33-10",0,15,0,0,3,-3,0,0,0,0,0,0,0,0,0.3,2,3,"Car","Away",30,"11/21/23",11
"Cooper Rush","Dal","QB","W 38-10",0,30,0,0,0,0,0,0,0,0,0,0,0,0,1.2,3,4,"Wsh","Away",32,"1/9/24",18
"Cordarrelle Patterson","Atl","RB","L 7-23",0,0,0,0,0,0,0,0,0,0,0,0,0,0,0,0,0,"Jax","Away",93.5,"10/3/23",4
"Cordarrelle Patterson","Atl","RB","W 21-19",0,0,0,0,0,0,0,1,7,0,1,0,0,0,1.7,0,0,"Hou","Home",58.5,"10/10/23",5
"Cordarrelle Patterson","Atl","RB","L 16-24",0.8,0,0,0,1,0,0,1,6,0,1,0,0,0,1.6,0,0,"Wsh","Home",67.5,"10/17/23",6
"Cordarrelle Patterson","Atl","RB","W 16-13",1.4,0,0,0,10,56,0,0,0,0,0,0,0,0,5.6,0,0,"TB","Away",39,"10/24/23",7
"Cordarrelle Patterson","Atl","RB","L 23-28",1.5,0,0,0,2,7,0,0,0,0,0,0,0,0,0.7,0,0,"Ten","Away",76,"10/31/23",8
"Cordarrelle Patterson","Atl","RB","L 28-31",1.9,0,0,0,1,0,0,1,3,0,1,0,0,0,1.3,0,0,"Min","Home",63.5,"11/7/23",9
"Cordarrelle Patterson","Atl","RB","L 23-25",2.1,0,0,0,3,13,0,2,7,0,2,0,0,0,4,0,0,"Ari","Away",46,"11/14/23",10
"Cordarrelle Patterson","Atl","RB","W 24-15",2.9,0,0,0,8,43,0,0,0,0,0,0,0,0,4.3,0,0,"NO","Home",50,"11/28/23",12
"Cordarrelle Patterson","Atl","RB","W 13-8",3.7,0,0,0,5,11,0,1,6,0,2,0,0,0,2.7,0,0,"NYJ","Away",45,"12/5/23",13
"Cordarrelle Patterson","Atl","RB","L 25-29",4.6,0,0,0,3,7,0,0,0,0,0,0,0,0,0.7,0,0,"TB","Home",72,"12/12/23",14
"Cordarrelle Patterson","Atl","RB","L 7-9",4.1,0,0,0,5,-2,0,1,2,1,3,0,0,0,7,0,0,"Car","Away",39,"12/19/23",15
"Cordarrelle Patterson","Atl","RB","W 29-10",5,0,0,0,7,26,0,2,7,0,2,0,0,0,5.3,0,0,"Ind","Home",47.5,"12/26/23",16
"Cordarrelle Patterson","Atl","RB","L 17-37",5.6,0,0,0,0,0,0,0,0,0,0,0,0,0,0,0,0,"Chi","Away",92.5,"1/2/24",17
"Cordarrelle Patterson","Atl","RB","L 17-48",4.7,0,0,0,5,20,0,0,0,0,0,0,0,0,2,0,0,"NO","Away",57,"1/9/24",18
"Corey Clement","Ari","RB","L 16-35",0,0,0,0,0,0,0,0,0,0,0,0,0,0,0,0,0,"SF","Away",93.5,"10/3/23",4
"Corey Clement","Ari","RB","L 0-27",2,0,0,0,0,0,0,0,0,0,0,0,0,0,0,0,0,"Cle","Away",82.5,"11/7/23",9
"Courtland Sutton","Den","WR","L 16-17",13.1,0,0,0,0,0,0,4,32,1,5,0,0,0,13.2,0,0,"LV","Home",27,"9/12/23",1
"Courtland Sutton","Den","WR","L 33-35",11.2,0,0,0,0,0,0,5,66,0,7,0,0,0,11.6,0,0,"Wsh","Home",47,"9/19/23",2
"Courtland Sutton","Den","WR","L 20-70",11.4,0,0,0,0,0,0,8,91,1,11,0,2,0,19.1,0,0,"Mia","Away",13.5,"9/26/23",3
"Courtland Sutton","Den","WR","W 31-28",13.8,0,0,0,0,0,0,3,27,1,5,0,0,0,11.7,0,0,"Chi","Away",33,"10/3/23",4
"Courtland Sutton","Den","WR","L 21-31",11.7,0,0,0,0,0,0,1,13,0,3,0,0,0,2.3,0,0,"NYJ","Home",82,"10/10/23",5
"Courtland Sutton","Den","WR","L 8-19",12.5,0,0,0,0,0,0,4,46,1,6,0,0,0,14.6,0,0,"KC","Away",22,"10/17/23",6
"Courtland Sutton","Den","WR","W 19-17",12.2,0,0,0,0,0,0,6,76,1,6,0,0,0,19.6,0,0,"GB","Home",8,"10/24/23",7
"Courtland Sutton","Den","WR","W 24-9",12.5,0,0,0,0,0,0,2,29,1,3,0,0,0,10.9,0,0,"KC","Home",40,"10/31/23",8
"Courtland Sutton","Den","WR","W 24-22",12.5,0,0,0,0,0,0,8,53,1,11,0,1,0,17.3,0,0,"Buf","Away",14,"11/14/23",10
"Courtland Sutton","Den","WR","W 21-20",12.4,0,0,0,0,0,0,4,66,1,5,0,0,0,16.6,0,0,"Min","Home",14,"11/21/23",11
"Courtland Sutton","Den","WR","W 29-12",11.5,0,0,0,0,0,0,3,61,0,6,0,0,0,9.1,0,0,"Cle","Home",45,"11/28/23",12
"Courtland Sutton","Den","WR","L 17-22",13.4,0,0,0,0,0,0,2,77,1,7,0,0,0,15.7,0,0,"Hou","Away",19,"12/5/23",13
"Courtland Sutton","Den","WR","W 24-7",13.1,0,0,0,0,0,0,3,62,1,4,0,0,0,15.2,0,0,"LAC","Away",16,"12/12/23",14
"Courtland Sutton","Den","WR","L 17-42",13.2,0,0,0,0,0,0,5,71,0,6,0,0,0,12.1,0,0,"Det","Away",29,"12/19/23",15
"Courtland Sutton","Den","WR","L 23-26",11.3,0,0,0,0,0,0,0,0,0,1,0,0,0,0,0,0,"NE","Home",144.5,"12/26/23",16
"Courtland Sutton","Den","WR","L 14-27",11.9,0,0,0,0,0,0,1,2,0,4,0,0,0,1.2,0,0,"LV","Away",115.5,"1/9/24",18
"Craig Reynolds","Det","RB","W 21-20",1.2,0,0,0,0,0,0,0,0,0,0,0,0,0,0,0,0,"KC","Away",96,"9/12/23",1
"Craig Reynolds","Det","RB","L 31-37",0,0,0,0,3,7,0,1,-2,0,1,0,0,0,1.5,0,0,"Sea","Home",63.5,"9/19/23",2
"Craig Reynolds","Det","RB","W 20-6",9.2,0,0,0,4,15,0,0,0,0,0,0,0,0,1.5,0,0,"Atl","Home",71.5,"9/26/23",3
"Craig Reynolds","Det","RB","W 34-20",0,0,0,0,0,0,0,0,0,0,0,0,0,0,0,0,0,"GB","Away",93.5,"10/3/23",4
"Craig Reynolds","Det","RB","W 42-24",5.7,0,0,0,7,52,1,0,0,0,0,0,0,0,11.2,0,0,"Car","Home",24,"10/10/23",5
"Craig Reynolds","Det","RB","W 20-6",8.2,0,0,0,10,15,0,2,28,0,2,0,0,0,6.3,0,0,"TB","Away",37.5,"10/17/23",6
"Craig Reynolds","Det","RB","L 6-38",6.4,0,0,0,3,16,0,1,9,0,1,0,0,0,3.5,0,0,"Bal","Away",47,"10/24/23",7
"Craig Reynolds","Det","RB","W 26-14",9.3,0,0,0,14,74,0,1,12,0,1,0,1,0,7.6,0,0,"LV","Home",36,"10/31/23",8
"Craig Reynolds","Det","RB","W 41-38",0,0,0,0,0,0,0,0,0,0,0,0,0,0,0,0,0,"LAC","Away",83,"11/14/23",10
"Craig Reynolds","Det","RB","W 31-26",0,0,0,0,0,0,0,0,0,0,0,0,1,0,-2,0,0,"Chi","Home",93,"11/21/23",11
"Craig Reynolds","Det","RB","L 22-29",0,0,0,0,0,0,0,0,0,0,0,0,0,0,0,0,0,"GB","Home",90,"11/28/23",12
"Craig Reynolds","Det","RB","W 33-28",0,0,0,0,0,0,0,0,0,0,0,0,0,0,0,0,0,"NO","Away",72,"12/5/23",13
"Craig Reynolds","Det","RB","L 13-28",0,0,0,0,0,0,0,0,0,0,0,0,0,0,0,0,0,"Chi","Away",89.5,"12/12/23",14
"Craig Reynolds","Det","RB","W 42-17",0,0,0,0,0,0,0,0,0,0,0,0,0,0,0,0,0,"Den","Home",94,"12/19/23",15
"Craig Reynolds","Det","RB","W 30-24",0,0,0,0,0,0,0,0,0,0,0,0,0,0,0,0,0,"Min","Away",92,"12/26/23",16
"Craig Reynolds","Det","RB","L 19-20",0,0,0,0,0,0,0,0,0,0,0,0,0,0,0,0,0,"Dal","Away",92.5,"1/2/24",17
"Craig Reynolds","Det","RB","W 30-20",0,0,0,0,0,0,0,0,0,0,0,0,0,0,0,0,0,"Min","Home",88.5,"1/9/24",18
"Curtis Samuel","Wsh","WR","W 20-16",8.3,0,0,0,1,6,0,5,54,0,5,0,0,0,11,0,0,"Ari","Home",38,"9/12/23",1
"Curtis Samuel","Wsh","WR","W 35-33",8.9,0,0,0,1,13,0,3,19,0,3,0,0,0,6.2,0,0,"Den","Away",71,"9/19/23",2
"Curtis Samuel","Wsh","WR","L 3-37",8.5,0,0,0,0,0,0,2,54,0,4,0,0,0,7.4,0,0,"Buf","Home",63,"9/26/23",3
"Curtis Samuel","Wsh","WR","L 31-34",7,0,0,0,1,1,1,7,51,0,8,0,0,0,18.2,0,0,"Phi","Away",12,"10/3/23",4
"Curtis Samuel","Wsh","WR","L 20-40",8.8,0,0,0,0,0,0,6,65,1,7,0,0,0,18.5,0,0,"Chi","Home",14,"10/10/23",5
"Curtis Samuel","Wsh","WR","W 24-16",9.4,0,0,0,1,0,0,4,42,1,4,0,0,0,14.2,0,0,"Atl","Away",23.5,"10/17/23",6
"Curtis Samuel","Wsh","WR","L 7-14",10.1,0,0,0,0,0,0,4,25,0,8,0,0,0,6.5,0,0,"NYG","Away",55,"10/24/23",7
"Curtis Samuel","Wsh","WR","L 31-38",10.5,0,0,0,0,0,0,4,22,0,4,0,0,0,6.2,0,0,"Phi","Home",72.5,"10/31/23",8
"Curtis Samuel","Wsh","WR","L 26-29",11.1,0,0,0,0,0,0,2,6,0,6,0,0,0,2.6,0,0,"Sea","Away",83,"11/14/23",10
"Curtis Samuel","Wsh","WR","L 19-31",10.3,0,0,0,0,0,0,1,5,0,2,0,0,0,1.5,0,0,"NYG","Home",100,"11/21/23",11
"Curtis Samuel","Wsh","WR","L 10-45",9.3,0,0,0,0,0,0,9,100,0,12,0,0,0,19,0,0,"Dal","Away",17,"11/28/23",12
"Curtis Samuel","Wsh","WR","L 15-45",11.1,0,0,0,0,0,0,4,65,0,5,0,0,0,10.5,0,0,"Mia","Home",34,"12/5/23",13
"Curtis Samuel","Wsh","WR","L 20-28",11.1,0,0,0,0,0,0,5,41,2,9,0,0,0,21.1,0,0,"LAR","Away",13,"12/19/23",15
"Curtis Samuel","Wsh","WR","L 28-30",11.2,0,0,0,2,4,0,1,16,0,6,0,0,0,3,0,0,"NYJ","Away",87.5,"12/26/23",16
"Curtis Samuel","Wsh","WR","L 10-27",11.2,0,0,0,0,0,0,3,33,0,4,0,0,0,6.3,0,0,"SF","Home",59,"1/2/24",17
"Curtis Samuel","Wsh","WR","L 10-38",9.4,0,0,0,1,15,0,2,15,0,4,0,0,0,5,0,0,"Dal","Home",66,"1/9/24",18
"D'Andre Swift","Phi","RB","W 25-20",11.5,0,0,0,1,3,0,1,0,0,2,0,0,0,1.3,0,0,"NE","Away",71.5,"9/12/23",1
"D'Andre Swift","Phi","RB","W 34-28",12.1,0,0,0,28,175,1,3,6,0,3,0,0,0,27.1,0,0,"Min","Home",4,"9/19/23",2
"D'Andre Swift","Phi","RB","W 25-11",10.4,0,0,0,16,130,0,1,8,0,2,0,0,0,14.8,0,0,"TB","Away",15,"9/26/23",3
"D'Andre Swift","Phi","RB","W 34-31",14.3,0,0,0,14,56,1,4,23,0,4,0,0,0,17.9,0,0,"Wsh","Home",12,"10/3/23",4
"D'Andre Swift","Phi","RB","W 23-14",15.8,0,0,0,17,70,0,6,38,0,6,0,0,0,16.8,0,0,"LAR","Away",10,"10/10/23",5
"D'Andre Swift","Phi","RB","L 14-20",15.9,0,0,0,10,18,0,8,40,1,10,0,1,0,17.8,0,0,"NYJ","Away",9,"10/17/23",6
"D'Andre Swift","Phi","RB","W 31-17",15.8,0,0,0,15,62,0,3,13,0,3,0,0,0,10.5,0,0,"Mia","Home",23,"10/24/23",7
"D'Andre Swift","Phi","RB","W 38-31",15.7,0,0,0,16,57,1,2,7,0,3,0,0,0,14.4,0,0,"Wsh","Away",14.5,"10/31/23",8
"D'Andre Swift","Phi","RB","W 28-23",14.5,0,0,0,18,43,0,2,31,0,2,0,0,0,9.4,0,0,"Dal","Home",25,"11/7/23",9
"D'Andre Swift","Phi","RB","W 21-17",15.1,0,0,0,12,76,1,3,31,0,3,0,0,0,19.7,0,0,"KC","Away",9,"11/21/23",11
"D'Andre Swift","Phi","RB","W 37-34",15.6,0,0,0,14,80,0,1,4,0,1,0,0,0,9.4,0,0,"Buf","Home",31.5,"11/28/23",12
"D'Andre Swift","Phi","RB","L 19-42",14,0,0,0,6,13,0,2,7,0,6,0,0,0,4,0,0,"SF","Home",37,"12/5/23",13
"D'Andre Swift","Phi","RB","L 13-33",13.1,0,0,0,11,39,0,0,0,0,0,0,0,0,3.9,0,0,"Dal","Away",51.5,"12/12/23",14
"D'Andre Swift","Phi","RB","L 17-20",13.6,0,0,0,18,74,0,2,1,0,3,0,0,0,9.5,0,0,"Sea","Away",28,"12/19/23",15
"D'Andre Swift","Phi","RB","W 33-25",13.7,0,0,0,20,92,1,0,0,0,0,0,0,0,15.2,0,0,"NYG","Home",14,"12/26/23",16
"D'Andre Swift","Phi","RB","L 31-35",15,0,0,0,13,61,0,1,5,0,1,0,0,0,7.6,0,0,"Ari","Home",39,"1/2/24",17
"D'Ernest Johnson","Jax","RB","W 31-21",1.1,0,0,0,1,-4,0,0,0,0,0,0,0,0,-0.4,0,0,"Ind","Away",110.5,"9/12/23",1
"D'Ernest Johnson","Jax","RB","L 9-17",0,0,0,0,1,8,0,1,9,0,1,0,0,0,2.7,0,0,"KC","Home",57,"9/19/23",2
"D'Ernest Johnson","Jax","RB","L 17-37",2,0,0,0,3,6,0,2,6,0,2,0,0,0,3.2,0,0,"Hou","Home",59,"9/26/23",3
"D'Ernest Johnson","Jax","RB","W 23-7",2.7,0,0,0,1,-2,0,0,0,0,0,0,0,0,-0.2,0,0,"Atl","Home",108,"10/3/23",4
"D'Ernest Johnson","Jax","RB","W 25-20",1.8,0,0,0,0,0,0,0,0,0,0,0,0,0,0,0,0,"Buf","Away",81,"10/10/23",5
"D'Ernest Johnson","Jax","RB","W 37-20",1.6,0,0,0,1,19,0,0,0,0,0,0,0,0,1.9,0,0,"Ind","Home",64,"10/17/23",6
"D'Ernest Johnson","Jax","RB","W 31-24",1.1,0,0,0,0,0,0,0,0,0,0,0,0,0,0,0,0,"NO","Away",76,"10/24/23",7
"D'Ernest Johnson","Jax","RB","W 20-10",1,0,0,0,2,8,0,0,0,0,0,0,0,0,0.8,0,0,"Pit","Away",74.5,"10/31/23",8
"D'Ernest Johnson","Jax","RB","L 3-34",1.1,0,0,0,3,12,0,2,28,0,2,0,0,0,6,0,0,"SF","Home",40,"11/14/23",10
"D'Ernest Johnson","Jax","RB","W 34-14",2.5,0,0,0,7,20,0,1,34,0,1,0,0,0,6.4,0,0,"Ten","Home",34,"11/21/23",11
"D'Ernest Johnson","Jax","RB","W 24-21",3.3,0,0,0,7,19,0,1,42,0,2,0,0,0,7.1,0,0,"Hou","Away",42,"11/28/23",12
"D'Ernest Johnson","Jax","RB","L 31-34",4.7,0,0,0,5,4,0,1,5,0,1,0,0,0,1.9,0,0,"Cin","Home",53.5,"12/5/23",13
"D'Ernest Johnson","Jax","RB","L 27-31",5.8,0,0,0,3,12,0,2,16,0,3,0,0,0,4.8,0,0,"Cle","Away",45,"12/12/23",14
"D'Ernest Johnson","Jax","RB","L 7-23",4.6,0,0,0,2,5,0,0,0,0,0,0,0,0,0.5,0,0,"Bal","Home",75.5,"12/19/23",15
"D'Ernest Johnson","Jax","RB","L 12-30",3.9,0,0,0,1,2,0,0,0,0,0,0,0,0,0.2,0,0,"TB","Away",77.5,"12/26/23",16
"D'Ernest Johnson","Jax","RB","W 26-0",3.9,0,0,0,3,0,0,0,0,0,0,0,0,0,0,0,0,"Car","Home",92.5,"1/2/24",17
"D'Ernest Johnson","Jax","RB","L 20-28",1.9,0,0,0,1,-1,0,0,0,0,0,0,0,0,-0.1,0,0,"Ten","Away",105,"1/9/24",18
"D'Onta Foreman","Chi","RB","L 20-38",5.2,0,0,0,5,16,0,2,8,0,3,0,0,0,4.4,0,0,"GB","Home",48.5,"9/12/23",1
"D'Onta Foreman","Chi","RB","L 10-41",0,0,0,0,0,0,0,0,0,0,0,0,0,0,0,0,0,"KC","Away",95.5,"9/26/23",3
"D'Onta Foreman","Chi","RB","L 13-19",10.6,0,0,0,15,65,0,1,2,0,1,0,0,0,7.7,0,0,"Min","Home",29,"10/17/23",6
"D'Onta Foreman","Chi","RB","W 30-12",10.6,0,0,0,16,89,2,3,31,1,5,0,0,0,33,0,0,"LV","Home",1,"10/24/23",7
"D'Onta Foreman","Chi","RB","L 13-30",8.9,0,0,0,9,34,0,1,2,0,2,0,0,0,4.6,0,0,"LAC","Away",52.5,"10/31/23",8
"D'Onta Foreman","Chi","RB","L 17-24",8.1,0,0,0,20,83,0,0,0,0,0,0,0,0,8.3,0,0,"NO","Away",30,"11/7/23",9
"D'Onta Foreman","Chi","RB","W 16-13",12.2,0,0,0,21,80,1,2,12,0,2,0,0,0,17.2,0,0,"Car","Home",14,"11/14/23",10
"D'Onta Foreman","Chi","RB","L 26-31",4.6,0,0,0,6,14,1,0,0,0,0,0,0,0,7.4,0,0,"Det","Away",27,"11/21/23",11
"D'Onta Foreman","Chi","RB","W 28-13",5.3,0,0,0,11,50,0,2,22,0,3,0,0,0,9.2,0,0,"Det","Home",33,"12/12/23",14
"D'Onta Foreman","Chi","RB","L 17-20",10.3,0,0,0,6,-6,0,0,0,0,0,0,0,0,-0.6,0,0,"Cle","Away",110,"12/19/23",15
"D.J. Montgomery","Ind","WR","W 27-20",0,0,0,0,0,0,0,0,0,0,0,0,0,0,0,0,0,"TB","Home",149,"11/28/23",12
"D.J. Montgomery","Ind","WR","W 31-28",0,0,0,0,0,0,0,0,0,0,0,0,0,0,0,0,0,"Ten","Away",113,"12/5/23",13
"D.J. Montgomery","Ind","WR","L 14-34",0,0,0,0,0,0,0,0,0,0,0,0,0,0,0,0,0,"Cin","Away",134,"12/12/23",14
"D.J. Montgomery","Ind","WR","W 30-13",0,0,0,0,0,0,0,2,48,1,4,0,0,0,12.8,0,0,"Pit","Home",27.5,"12/19/23",15
"D.J. Montgomery","Ind","WR","L 10-29",7.2,0,0,0,0,0,0,1,8,0,4,0,0,0,1.8,0,0,"Atl","Away",106,"12/26/23",16
"D.J. Montgomery","Ind","WR","W 23-20",1,0,0,0,0,0,0,0,0,0,0,0,0,0,0,0,0,"LV","Home",137.5,"1/2/24",17
"D.J. Montgomery","Ind","WR","L 19-23",0.5,0,0,0,0,0,0,0,0,0,0,0,0,0,0,0,0,"Hou","Home",142.5,"1/9/24",18
"DJ Chark Jr.","Car","WR","L 17-20",8.8,0,0,0,0,0,0,1,15,0,1,0,0,0,2.5,0,0,"NO","Home",98.5,"9/19/23",2
"DJ Chark Jr.","Car","WR","L 27-37",7.8,0,0,0,0,0,0,4,86,1,11,0,0,0,18.6,0,0,"Sea","Away",15,"9/26/23",3
"DJ Chark Jr.","Car","WR","L 13-21",10.2,0,0,0,0,0,0,2,28,0,3,0,0,0,4.8,0,0,"Min","Home",73,"10/3/23",4
"DJ Chark Jr.","Car","WR","L 24-42",7.6,0,0,0,0,0,0,3,42,1,6,0,0,0,13.2,0,0,"Det","Away",24,"10/10/23",5
"DJ Chark Jr.","Car","WR","L 21-42",9.4,0,0,0,0,0,0,3,26,0,6,0,0,0,5.6,0,0,"Mia","Away",62.5,"10/17/23",6
"DJ Chark Jr.","Car","WR","W 15-13",8.9,0,0,0,0,0,0,2,23,0,4,0,0,0,4.3,0,0,"Hou","Home",86,"10/31/23",8
"DJ Chark Jr.","Car","WR","L 13-27",7.6,0,0,0,0,0,0,2,9,1,3,0,0,0,8.9,0,0,"Ind","Home",36,"11/7/23",9
"DJ Chark Jr.","Car","WR","L 10-33",7.6,0,0,0,0,0,0,0,0,0,0,0,0,0,0,0,0,"Dal","Home",126,"11/21/23",11
"DJ Chark Jr.","Car","WR","L 10-17",7.1,0,0,0,0,0,0,3,34,0,4,0,0,0,6.4,0,0,"Ten","Away",67.5,"11/28/23",12
"DJ Chark Jr.","Car","WR","L 18-21",6.8,0,0,0,0,0,0,3,56,0,4,0,0,0,8.6,0,0,"TB","Away",40,"12/5/23",13
"DJ Chark Jr.","Car","WR","L 6-28",6.4,0,0,0,0,0,0,2,26,0,4,0,0,0,4.6,0,0,"NO","Away",67,"12/12/23",14
"DJ Chark Jr.","Car","WR","W 9-7",6.2,0,0,0,0,0,0,1,18,0,2,0,0,0,2.8,0,0,"Atl","Home",87,"12/19/23",15
"DJ Chark Jr.","Car","WR","L 30-33",6.1,0,0,0,0,0,0,6,98,2,8,0,0,0,27.8,0,0,"GB","Home",5,"12/26/23",16
"DJ Chark Jr.","Car","WR","L 0-26",7.1,0,0,0,0,0,0,1,18,0,6,0,0,0,2.8,0,0,"Jax","Away",84,"1/2/24",17
"DJ Chark Jr.","Car","WR","L 0-9",9.5,0,0,0,0,0,0,2,46,0,4,0,1,0,4.6,0,0,"TB","Home",68,"1/9/24",18
"DJ Moore","Chi","WR","L 20-38",12.7,0,0,0,0,0,0,2,25,0,2,0,0,0,4.5,0,0,"GB","Home",74.5,"9/12/23",1
"DJ Moore","Chi","WR","L 17-27",12.2,0,0,0,0,0,0,6,104,0,7,0,0,0,16.4,0,0,"TB","Away",25.5,"9/19/23",2
"DJ Moore","Chi","WR","L 10-41",12.7,0,0,0,0,0,0,3,41,1,6,0,0,0,13.1,0,0,"KC","Away",33.5,"9/26/23",3
"DJ Moore","Chi","WR","L 28-31",12.3,0,0,0,0,0,0,8,131,1,9,0,0,0,27.1,0,0,"Den","Home",5,"10/3/23",4
"DJ Moore","Chi","WR","W 40-20",14.5,0,0,0,0,0,0,8,230,3,10,0,0,0,49,0,0,"Wsh","Away",2,"10/10/23",5
"DJ Moore","Chi","WR","L 13-19",17,0,0,0,0,0,0,5,51,0,8,0,0,0,10.1,0,0,"Min","Home",37,"10/17/23",6
"DJ Moore","Chi","WR","W 30-12",13.7,0,0,0,0,0,0,8,54,0,9,0,0,0,13.4,0,0,"LV","Home",21,"10/24/23",7
"DJ Moore","Chi","WR","L 13-30",16.9,0,0,0,0,0,0,4,55,0,6,0,0,0,9.5,0,0,"LAC","Away",51,"10/31/23",8
"DJ Moore","Chi","WR","L 17-24",14.5,0,0,0,0,0,0,3,44,0,5,0,1,0,5.4,0,0,"NO","Away",58,"11/7/23",9
"DJ Moore","Chi","WR","W 16-13",12.4,0,0,0,1,1,0,5,58,0,9,0,0,0,10.9,0,0,"Car","Home",33.5,"11/14/23",10
"DJ Moore","Chi","WR","L 26-31",14.3,0,0,0,0,0,0,7,96,1,9,0,0,0,22.6,0,0,"Det","Away",6,"11/21/23",11
"DJ Moore","Chi","WR","W 12-10",14.4,0,0,0,0,0,0,11,114,0,13,0,0,0,22.4,0,0,"Min","Away",9.5,"11/28/23",12
"DJ Moore","Chi","WR","W 28-13",15.7,0,0,0,3,20,1,6,68,1,10,0,0,0,26.8,0,0,"Det","Home",3,"12/12/23",14
"DJ Moore","Chi","WR","L 17-20",15.6,0,0,0,0,0,0,4,52,0,8,0,0,0,9.2,0,0,"Cle","Away",42.5,"12/19/23",15
"DJ Moore","Chi","WR","W 27-16",16.3,0,0,0,0,0,0,3,18,0,6,0,0,0,4.8,0,0,"Ari","Home",77,"12/26/23",16
"DJ Moore","Chi","WR","W 37-17",14.2,0,0,0,0,0,0,9,159,1,13,0,0,0,30.9,0,0,"Atl","Home",3,"1/2/24",17
"DJ Moore","Chi","WR","L 9-17",15.8,0,0,0,0,0,0,4,64,0,6,0,0,0,10.4,0,0,"GB","Away",38,"1/9/24",18
"DJ Turner","LV","WR","L 14-26",0,0,0,0,0,0,0,0,0,0,0,0,0,0,0,0,0,"Det","Away",138,"10/31/23",8
"DJ Turner","LV","WR","W 30-6",0,0,0,0,0,0,0,0,0,0,0,0,0,0,0,0,0,"NYG","Home",126.5,"11/7/23",9
"DJ Turner","LV","WR","W 16-12",0,0,0,0,0,0,0,0,0,0,0,0,0,0,0,0,0,"NYJ","Home",123.5,"11/14/23",10
"DJ Turner","LV","WR","L 13-20",0,0,0,0,0,0,0,0,0,0,0,0,0,0,0,0,0,"Mia","Away",126,"11/21/23",11
"DJ Turner","LV","WR","L 17-31",0,0,0,0,0,0,0,0,0,0,0,0,0,0,0,0,0,"KC","Home",149,"11/28/23",12
"DJ Turner","LV","WR","L 0-3",0,0,0,0,0,0,0,0,0,0,0,0,0,0,0,0,0,"Min","Home",134,"12/12/23",14
"DJ Turner","LV","WR","W 63-21",0,0,0,0,0,0,0,0,0,0,0,0,0,0,0,0,0,"LAC","Home",140,"12/19/23",15
"DJ Turner","LV","WR","W 20-14",0,0,0,0,0,0,0,0,0,0,0,0,0,0,0,0,0,"KC","Away",144.5,"12/26/23",16
"DJ Turner","LV","WR","L 20-23",0,0,0,0,0,0,0,0,0,0,0,0,0,0,0,0,0,"Ind","Away",137.5,"1/2/24",17
"DJ Turner","LV","WR","W 27-14",0,0,0,0,0,0,0,0,0,0,0,0,0,0,0,0,0,"Den","Home",142.5,"1/9/24",18
"DK Metcalf","Sea","WR","L 13-30",15.6,0,0,0,0,0,0,3,47,1,5,0,0,0,13.7,0,0,"LAR","Home",25,"9/12/23",1
"DK Metcalf","Sea","WR","W 37-31",15.4,0,0,0,0,0,0,6,75,0,6,0,0,0,13.5,0,0,"Det","Away",39,"9/19/23",2
"DK Metcalf","Sea","WR","W 37-27",14.1,0,0,0,0,0,0,6,112,0,8,0,0,0,17.2,0,0,"Car","Home",18.5,"9/26/23",3
"DK Metcalf","Sea","WR","W 24-3",14.4,0,0,0,0,0,0,3,34,1,4,0,0,0,12.4,0,0,"NYG","Away",29,"10/3/23",4
"DK Metcalf","Sea","WR","L 13-17",13.8,0,0,0,0,0,0,4,69,0,9,0,0,0,10.9,0,0,"Cin","Away",35.5,"10/17/23",6
"DK Metcalf","Sea","WR","W 24-20",13.4,0,0,0,0,0,0,5,67,0,14,0,0,0,11.7,0,0,"Cle","Home",39,"10/31/23",8
"DK Metcalf","Sea","WR","L 3-37",14.7,0,0,0,0,0,0,1,50,0,4,0,0,0,6,0,0,"Bal","Away",56,"11/7/23",9
"DK Metcalf","Sea","WR","W 29-26",14.6,0,0,0,0,0,0,7,98,0,12,0,0,0,16.8,0,0,"Wsh","Home",15,"11/14/23",10
"DK Metcalf","Sea","WR","L 16-17",14.5,0,0,0,0,0,0,5,94,1,9,0,0,0,20.4,0,0,"LAR","Away",10,"11/21/23",11
"DK Metcalf","Sea","WR","L 13-31",15.8,0,0,0,0,0,0,3,32,0,9,0,0,0,6.2,0,0,"SF","Home",70,"11/28/23",12
"DK Metcalf","Sea","WR","L 35-41",15.2,0,0,0,0,0,0,6,134,3,8,0,0,0,37.4,0,0,"Dal","Away",1,"12/5/23",13
"DK Metcalf","Sea","WR","L 16-28",15.9,0,0,0,0,0,0,2,52,1,5,0,0,0,13.2,0,0,"SF","Away",24,"12/12/23",14
"DK Metcalf","Sea","WR","W 20-17",16.1,0,0,0,0,0,0,5,78,0,6,0,0,0,12.8,0,0,"Phi","Home",27.5,"12/19/23",15
"DK Metcalf","Sea","WR","W 20-17",14.8,0,0,0,0,0,0,4,56,1,6,0,0,0,15.6,0,0,"Ten","Away",25,"12/26/23",16
"DK Metcalf","Sea","WR","L 23-30",13.7,0,0,0,0,0,0,5,106,0,8,0,0,0,15.6,0,0,"Pit","Home",23,"1/2/24",17
"DK Metcalf","Sea","WR","W 21-20",15.7,0,0,0,0,0,0,1,10,0,6,0,0,0,2,0,0,"Ari","Away",97,"1/9/24",18
"Dak Prescott","Dal","QB","W 40-0",18.4,143,0,0,1,6,0,0,0,0,0,0,0,0,6.32,13,24,"NYG","Away",28,"9/12/23",1
"Dak Prescott","Dal","QB","W 30-10",15.7,255,2,0,6,14,0,0,0,0,0,0,0,0,19.6,31,38,"NYJ","Home",17,"9/19/23",2
"Dak Prescott","Dal","QB","L 16-28",17.2,249,1,1,3,24,0,0,0,0,0,0,0,0,14.36,25,40,"Ari","Away",18.5,"9/26/23",3
"Dak Prescott","Dal","QB","W 38-3",14.3,261,1,0,1,-1,0,0,0,0,0,0,0,0,14.34,28,34,"NE","Home",17,"10/3/23",4
"Dak Prescott","Dal","QB","L 10-42",15.7,153,1,3,1,2,0,0,0,0,0,0,0,0,4.32,14,24,"SF","Away",29,"10/10/23",5
"Dak Prescott","Dal","QB","W 20-17",16.2,272,1,0,7,40,1,0,0,0,0,0,0,0,24.88,21,30,"LAC","Away",1,"10/17/23",6
"Dak Prescott","Dal","QB","W 43-20",16.6,304,4,1,4,19,0,0,0,0,0,0,0,0,28.06,25,31,"LAR","Home",3,"10/31/23",8
"Dak Prescott","Dal","QB","L 23-28",17.4,374,3,0,6,14,0,0,0,0,0,0,0,0,28.36,29,44,"Phi","Away",2,"11/7/23",9
"Dak Prescott","Dal","QB","W 49-17",18.1,404,4,1,2,17,1,0,0,0,0,0,0,0,37.86,26,35,"NYG","Home",1,"11/14/23",10
"Dak Prescott","Dal","QB","W 33-10",21.2,189,2,0,2,6,0,0,0,0,0,0,0,0,16.16,25,38,"Car","Away",15,"11/21/23",11
"Dak Prescott","Dal","QB","W 45-10",22.8,331,4,0,1,10,0,0,0,0,0,0,0,0,32.24,22,32,"Wsh","Home",3,"11/28/23",12
"Dak Prescott","Dal","QB","W 41-35",22.4,299,3,0,7,23,0,0,0,0,0,0,0,0,28.26,29,41,"Sea","Home",3,"12/5/23",13
"Dak Prescott","Dal","QB","W 33-13",23.9,271,2,0,3,11,0,0,0,0,0,0,1,0,17.94,24,39,"Phi","Home",13,"12/12/23",14
"Dak Prescott","Dal","QB","L 10-31",22,134,0,1,4,27,0,0,0,0,0,0,0,0,6.06,21,34,"Buf","Away",32,"12/19/23",15
"Dak Prescott","Dal","QB","L 20-22",19.4,253,2,0,5,25,0,0,0,0,0,0,1,0,18.62,20,32,"Mia","Away",14,"12/26/23",16
"Dak Prescott","Dal","QB","W 20-19",22,345,2,1,2,5,0,0,0,0,0,0,0,0,20.3,26,38,"Det","Home",8,"1/2/24",17
"Dak Prescott","Dal","QB","W 38-10",21.2,279,4,1,0,0,0,0,0,0,0,0,0,0,25.16,31,36,"Wsh","Away",3,"1/9/24",18
"Dallas Goedert","Phi","TE","W 25-20",9.9,0,0,0,0,0,0,0,0,0,1,0,0,0,0,0,0,"NE","Away",75,"9/12/23",1
"Dallas Goedert","Phi","TE","W 34-28",10.4,0,0,0,0,0,0,6,22,0,7,0,0,0,8.2,0,0,"Min","Home",20,"9/19/23",2
"Dallas Goedert","Phi","TE","W 25-11",9.8,0,0,0,0,0,0,5,41,0,7,0,0,0,9.1,0,0,"TB","Away",13,"9/26/23",3
"Dallas Goedert","Phi","TE","W 34-31",9.7,0,0,0,0,0,0,2,25,0,4,0,0,0,4.5,0,0,"Wsh","Home",28,"10/3/23",4
"Dallas Goedert","Phi","TE","W 23-14",9.4,0,0,0,0,0,0,8,117,1,9,0,0,0,25.7,0,0,"LAR","Away",2,"10/10/23",5
"Dallas Goedert","Phi","TE","L 14-20",10.2,0,0,0,0,0,0,5,42,0,8,0,0,0,9.2,0,0,"NYJ","Away",15,"10/17/23",6
"Dallas Goedert","Phi","TE","W 31-17",12,0,0,0,0,0,0,5,77,1,5,0,0,0,18.7,0,0,"Mia","Home",5,"10/24/23",7
"Dallas Goedert","Phi","TE","W 38-31",10.7,0,0,0,0,0,0,4,36,0,7,0,0,0,7.6,0,0,"Wsh","Away",19,"10/31/23",8
"Dallas Goedert","Phi","TE","W 28-23",10.8,0,0,0,0,0,0,3,50,0,4,0,0,0,8,0,0,"Dal","Home",20,"11/7/23",9
"Dallas Goedert","Phi","TE","L 13-33",10.7,0,0,0,0,0,0,4,30,0,4,0,0,0,7,0,0,"Dal","Away",24,"12/12/23",14
"Dallas Goedert","Phi","TE","L 17-20",9.4,0,0,0,1,1,0,4,30,0,9,0,0,0,7.1,0,0,"Sea","Away",25,"12/19/23",15
"Dallas Goedert","Phi","TE","W 33-25",9.2,0,0,0,0,0,0,7,71,0,9,0,0,0,14.1,0,0,"NYG","Home",8.5,"12/26/23",16
"Dallas Goedert","Phi","TE","L 31-35",10.1,0,0,0,0,0,0,5,47,1,6,0,0,0,15.7,0,0,"Ari","Home",4,"1/2/24",17
"Dallas Goedert","Phi","TE","L 10-27",10.7,0,0,0,0,0,0,1,4,0,3,0,0,0,1.4,0,0,"NYG","Away",53.5,"1/9/24",18
"Dalton Kincaid","Buf","TE","L 16-22",6.7,0,0,0,0,0,0,4,26,0,4,0,0,0,6.6,0,0,"NYJ","Away",19.5,"9/12/23",1
"Dalton Kincaid","Buf","TE","W 38-10",8.3,0,0,0,0,0,0,5,43,0,6,0,0,0,9.3,0,0,"LV","Home",16,"9/19/23",2
"Dalton Kincaid","Buf","TE","W 37-3",7.8,0,0,0,0,0,0,2,3,0,2,0,0,0,2.3,0,0,"Wsh","Away",42,"9/26/23",3
"Dalton Kincaid","Buf","TE","W 48-20",8.1,0,0,0,0,0,0,4,27,0,5,0,0,0,6.7,0,0,"Mia","Home",24,"10/3/23",4
"Dalton Kincaid","Buf","TE","L 20-25",8.2,0,0,0,0,0,0,2,19,0,2,0,0,0,3.9,0,0,"Jax","Home",30.5,"10/10/23",5
"Dalton Kincaid","Buf","TE","L 25-29",6.4,0,0,0,0,0,0,8,75,0,8,0,0,0,15.5,0,0,"NE","Away",7,"10/24/23",7
"Dalton Kincaid","Buf","TE","W 24-18",10.3,0,0,0,0,0,0,5,65,1,7,0,0,0,17.5,0,0,"TB","Home",8,"10/31/23",8
"Dalton Kincaid","Buf","TE","L 18-24",11.4,0,0,0,0,0,0,10,81,0,11,0,1,0,16.1,0,0,"Cin","Away",8,"11/7/23",9
"Dalton Kincaid","Buf","TE","L 22-24",12.3,0,0,0,0,0,0,5,51,1,6,0,0,0,16.1,0,0,"Den","Home",4,"11/14/23",10
"Dalton Kincaid","Buf","TE","W 32-6",11.5,0,0,0,0,0,0,6,46,0,7,0,0,0,10.6,0,0,"NYJ","Home",7,"11/21/23",11
"Dalton Kincaid","Buf","TE","L 34-37",13.6,0,0,0,0,0,0,5,38,0,6,0,0,0,8.8,0,0,"Phi","Away",12,"11/28/23",12
"Dalton Kincaid","Buf","TE","W 20-17",10.3,0,0,0,0,0,0,5,21,0,8,0,0,0,7.1,0,0,"KC","Away",23,"12/12/23",14
"Dalton Kincaid","Buf","TE","W 31-10",11,0,0,0,0,0,0,0,0,0,2,0,0,0,0,0,0,"Dal","Home",81.5,"12/19/23",15
"Dalton Kincaid","Buf","TE","W 24-22",9,0,0,0,0,0,0,1,7,0,2,0,0,0,1.7,0,0,"LAC","Away",50.5,"12/26/23",16
"Dalton Kincaid","Buf","TE","W 27-21",7.2,0,0,0,0,0,0,4,87,0,7,0,0,0,12.7,0,0,"NE","Home",7,"1/2/24",17
"Dalton Kincaid","Buf","TE","W 21-14",9.4,0,0,0,0,0,0,7,84,0,8,0,0,0,15.4,0,0,"Mia","Away",2,"1/9/24",18
"Dalton Schultz","Hou","TE","L 9-25",8.2,0,0,0,0,0,0,2,4,0,4,0,0,0,2.4,0,0,"Bal","Away",42,"9/12/23",1
"Dalton Schultz","Hou","TE","L 20-31",9.1,0,0,0,0,0,0,4,34,0,7,0,0,0,7.4,0,0,"Ind","Home",25,"9/19/23",2
"Dalton Schultz","Hou","TE","W 37-17",8.9,0,0,0,0,0,0,1,9,0,3,0,0,0,1.9,0,0,"Jax","Away",50,"9/26/23",3
"Dalton Schultz","Hou","TE","W 30-6",7.3,0,0,0,0,0,0,3,42,1,3,0,0,0,13.2,0,0,"Pit","Home",6,"10/3/23",4
"Dalton Schultz","Hou","TE","L 19-21",7.4,0,0,0,0,0,0,7,65,1,10,0,0,0,19.5,0,0,"Atl","Away",6,"10/10/23",5
"Dalton Schultz","Hou","TE","W 20-13",9,0,0,0,0,0,0,4,61,1,7,0,0,0,16.1,0,0,"NO","Home",2,"10/17/23",6
"Dalton Schultz","Hou","TE","L 13-15",10.2,0,0,0,0,0,0,2,5,0,5,0,0,0,2.5,0,0,"Car","Away",35,"10/31/23",8
"Dalton Schultz","Hou","TE","W 39-37",10.8,0,0,0,0,0,0,10,130,1,11,0,1,0,27,0,0,"TB","Home",1,"11/7/23",9
"Dalton Schultz","Hou","TE","W 30-27",13.3,0,0,0,0,0,0,4,71,0,6,0,0,0,11.1,0,0,"Cin","Away",8,"11/14/23",10
"Dalton Schultz","Hou","TE","W 21-16",12,0,0,0,0,0,0,2,32,1,3,0,0,0,11.2,0,0,"Ari","Home",6,"11/21/23",11
"Dalton Schultz","Hou","TE","L 21-24",10.8,0,0,0,0,0,0,1,2,0,2,0,0,0,1.2,0,0,"Jax","Home",55,"11/28/23",12
"Dalton Schultz","Hou","TE","W 19-16",10,0,0,0,0,0,0,4,58,0,5,0,0,0,9.8,0,0,"Ten","Away",15,"12/19/23",15
"Dalton Schultz","Hou","TE","L 22-36",8.6,0,0,0,0,0,0,8,61,0,11,0,0,0,14.1,0,0,"Cle","Home",8.5,"12/26/23",16
"Dalton Schultz","Hou","TE","W 26-3",11,0,0,0,0,0,0,2,19,0,4,0,0,0,3.9,0,0,"Ten","Home",37,"1/2/24",17
"Dalton Schultz","Hou","TE","W 23-19",9.6,0,0,0,0,0,0,5,42,0,7,0,0,0,9.2,0,0,"Ind","Away",14,"1/9/24",18
"Dalvin Cook","NYJ","RB","W 22-16",12,0,0,0,13,33,0,3,26,0,3,0,0,0,8.9,0,0,"Buf","Home",34,"9/12/23",1
"Dalvin Cook","NYJ","RB","L 10-30",10.4,0,0,0,4,7,0,1,5,0,1,0,1,0,0.2,0,0,"Dal","Away",79.5,"9/19/23",2
"Dalvin Cook","NYJ","RB","L 10-15",10.1,0,0,0,8,18,0,3,11,0,3,0,0,0,5.9,0,0,"NE","Home",42.5,"9/26/23",3
"Dalvin Cook","NYJ","RB","L 20-23",9,0,0,0,5,16,0,1,2,0,1,0,0,0,2.8,0,0,"KC","Home",60,"10/3/23",4
"Dalvin Cook","NYJ","RB","W 31-21",8.3,0,0,0,6,23,0,0,0,0,0,0,0,0,2.3,0,0,"Den","Away",52,"10/10/23",5
"Dalvin Cook","NYJ","RB","W 20-14",4.7,0,0,0,3,12,0,1,2,0,1,0,0,0,2.4,0,0,"Phi","Home",56,"10/17/23",6
"Dalvin Cook","NYJ","RB","W 13-10",3.8,0,0,0,2,5,0,0,0,0,0,0,0,0,0.5,0,0,"NYG","Away",78,"10/31/23",8
"Dalvin Cook","NYJ","RB","L 6-27",2.8,0,0,0,2,7,0,1,1,0,2,0,0,0,1.8,0,0,"LAC","Home",59.5,"11/7/23",9
"Dalvin Cook","NYJ","RB","L 12-16",3.2,0,0,0,4,26,0,0,0,0,1,0,0,0,2.6,0,0,"LV","Away",50.5,"11/14/23",10
"Dalvin Cook","NYJ","RB","L 6-32",4.5,0,0,0,2,13,0,0,0,0,1,0,0,0,1.3,0,0,"Buf","Away",66.5,"11/21/23",11
"Dalvin Cook","NYJ","RB","L 13-34",4.6,0,0,0,1,2,0,2,19,0,3,0,0,0,4.1,0,0,"Mia","Home",51,"11/28/23",12
"Dameon Pierce","Hou","RB","L 9-25",13.6,0,0,0,11,38,0,2,9,0,3,0,0,0,6.7,0,0,"Bal","Away",41,"9/12/23",1
"Dameon Pierce","Hou","RB","L 20-31",13.3,0,0,0,15,31,0,2,4,0,3,0,0,0,5.5,0,0,"Ind","Home",42,"9/19/23",2
"Dameon Pierce","Hou","RB","W 37-17",10.7,0,0,0,14,31,1,3,28,0,3,0,0,0,14.9,0,0,"Jax","Away",14,"9/26/23",3
"Dameon Pierce","Hou","RB","W 30-6",12.4,0,0,0,24,81,0,1,27,0,2,0,0,0,11.8,0,0,"Pit","Home",17,"10/3/23",4
"Dameon Pierce","Hou","RB","L 19-21",12.4,0,0,0,20,66,0,1,16,0,1,0,0,0,9.2,0,0,"Atl","Away",27.5,"10/10/23",5
"Dameon Pierce","Hou","RB","W 20-13",12.6,0,0,0,13,34,0,0,0,0,0,0,0,0,3.4,0,0,"NO","Home",47,"10/17/23",6
"Dameon Pierce","Hou","RB","L 13-15",10.9,0,0,0,12,46,0,0,0,0,0,0,0,0,4.6,0,0,"Car","Away",52.5,"10/31/23",8
"Dameon Pierce","Hou","RB","L 21-24",6.9,0,0,0,5,14,0,1,4,0,1,0,0,0,2.8,0,0,"Jax","Home",55.5,"11/28/23",12
"Dameon Pierce","Hou","RB","W 22-17",8.8,0,0,0,15,41,1,0,0,0,0,0,0,0,10.1,0,0,"Den","Home",22,"12/5/23",13
"Dameon Pierce","Hou","RB","L 6-30",8.1,0,0,0,4,9,0,1,-2,0,1,0,0,0,1.7,0,0,"NYJ","Away",60,"12/12/23",14
"Dameon Pierce","Hou","RB","W 19-16",5.7,0,0,0,1,3,0,0,0,0,0,0,0,0,0.3,0,0,"Ten","Away",78.5,"12/19/23",15
"Dameon Pierce","Hou","RB","L 22-36",3.7,0,0,0,3,6,0,1,10,0,2,0,0,1,8.6,0,0,"Cle","Home",37.5,"12/26/23",16
"Dameon Pierce","Hou","RB","W 26-3",4.1,0,0,0,8,16,0,1,5,0,1,0,0,0,3.1,0,0,"Ten","Home",61,"1/2/24",17
"Dameon Pierce","Hou","RB","W 23-19",4.3,0,0,0,0,0,0,0,0,0,0,0,0,0,0,0,0,"Ind","Away",88.5,"1/9/24",18
"Damien Harris","Buf","RB","L 16-22",5.8,0,0,0,1,3,0,2,16,0,2,0,0,0,3.9,0,0,"NYJ","Away",50.5,"9/12/23",1
"Damien Harris","Buf","RB","W 38-10",4.6,0,0,0,7,33,1,0,0,0,0,0,0,0,9.3,0,0,"LV","Home",26,"9/19/23",2
"Damien Harris","Buf","RB","W 37-3",3.1,0,0,0,5,15,0,0,0,0,0,0,0,0,1.5,0,0,"Wsh","Away",71.5,"9/26/23",3
"Damien Harris","Buf","RB","W 48-20",2.7,0,0,0,6,29,0,0,0,0,0,0,0,0,2.9,0,0,"Mia","Home",58,"10/3/23",4
"Damien Harris","Buf","RB","L 20-25",2.5,0,0,0,3,13,0,0,0,0,0,0,0,0,1.3,0,0,"Jax","Home",63,"10/10/23",5
"Damien Harris","Buf","RB","W 14-9",5.3,0,0,0,1,1,0,0,0,0,0,0,0,0,0.1,0,0,"NYG","Home",82,"10/17/23",6
"Damien Williams","Ari","RB","L 9-26",0,0,0,0,8,36,0,1,8,0,1,0,0,0,5.4,0,0,"LAR","Away",40,"10/17/23",6
"Damien Williams","Ari","RB","L 10-20",4.1,0,0,0,1,2,0,0,0,0,0,0,0,0,0.2,0,0,"Sea","Away",61.5,"10/24/23",7
"Damien Williams","Ari","RB","L 24-31",3.6,0,0,0,2,5,0,1,4,0,1,0,0,0,1.9,0,0,"Bal","Home",67.5,"10/31/23",8
"Damiere Byrd","Atl","WR","L 28-31",0,0,0,0,0,0,0,0,0,0,2,0,0,0,0,0,0,"Min","Home",126.5,"11/7/23",9
"Dan Chisena","Bal","WR","W 33-19",0,0,0,0,0,0,0,0,0,0,0,0,0,0,0,0,0,"SF","Away",144.5,"12/26/23",16
"Dan Chisena","Bal","WR","W 56-19",0,0,0,0,0,0,0,0,0,0,0,0,0,0,0,0,0,"Mia","Home",137.5,"1/2/24",17
"Dan Chisena","Bal","WR","L 10-17",0,0,0,0,0,0,0,0,0,0,0,0,0,0,0,0,0,"Pit","Home",142.5,"1/9/24",18
"Daniel Bellinger","NYG","TE","L 0-40",2.2,0,0,0,0,0,0,1,1,0,1,0,0,0,1.1,0,0,"Dal","Home",49,"9/12/23",1
"Daniel Bellinger","NYG","TE","W 31-28",2.1,0,0,0,0,0,0,0,0,0,0,0,0,0,0,0,0,"Ari","Away",76,"9/19/23",2
"Daniel Bellinger","NYG","TE","L 12-30",2.1,0,0,0,0,0,0,1,8,0,1,0,0,0,1.8,0,0,"SF","Away",52.5,"9/26/23",3
"Daniel Bellinger","NYG","TE","L 3-24",1.1,0,0,0,0,0,0,1,6,0,1,0,0,0,1.6,0,0,"Sea","Home",50,"10/3/23",4
"Daniel Bellinger","NYG","TE","L 16-31",0,0,0,0,0,0,0,1,7,0,1,0,0,0,1.7,0,0,"Mia","Away",50.5,"10/10/23",5
"Daniel Bellinger","NYG","TE","L 9-14",1.6,0,0,0,0,0,0,0,0,0,0,0,0,0,0,0,0,"Buf","Away",72,"10/17/23",6
"Daniel Bellinger","NYG","TE","W 14-7",0.9,0,0,0,0,0,0,0,0,0,0,0,0,0,0,0,0,"Wsh","Home",62,"10/24/23",7
"Daniel Bellinger","NYG","TE","L 10-13",0.9,0,0,0,0,0,0,0,0,0,1,0,0,0,0,0,0,"NYJ","Home",73,"10/31/23",8
"Daniel Bellinger","NYG","TE","L 6-30",5.3,0,0,0,0,0,0,3,43,0,3,0,0,0,7.3,0,0,"LV","Away",22,"11/7/23",9
"Daniel Bellinger","NYG","TE","L 17-49",5.8,0,0,0,0,0,0,2,34,0,3,0,0,0,5.4,0,0,"Dal","Away",21,"11/14/23",10
"Daniel Bellinger","NYG","TE","W 31-19",5.8,0,0,0,0,0,0,3,38,0,3,0,0,0,6.8,0,0,"Wsh","Away",19,"11/21/23",11
"Daniel Bellinger","NYG","TE","W 10-7",5.9,0,0,0,0,0,0,1,8,0,1,0,0,0,1.8,0,0,"NE","Home",52,"11/28/23",12
"Daniel Bellinger","NYG","TE","W 24-22",6.2,0,0,0,0,0,0,2,15,0,2,0,0,0,3.5,0,0,"GB","Home",36,"12/12/23",14
"Daniel Bellinger","NYG","TE","L 6-24",1.5,0,0,0,0,0,0,2,13,0,2,0,0,0,3.3,0,0,"NO","Away",44,"12/19/23",15
"Daniel Bellinger","NYG","TE","L 25-33",2.1,0,0,0,0,0,0,4,43,0,5,0,0,0,8.3,0,0,"Phi","Away",25,"12/26/23",16
"Daniel Bellinger","NYG","TE","L 25-26",3.4,0,0,0,0,0,0,4,39,0,4,0,0,0,7.9,0,0,"LAR","Home",19,"1/2/24",17
"Daniel Bellinger","NYG","TE","W 27-10",4,0,0,0,0,0,0,0,0,0,0,0,0,0,0,0,0,"Phi","Home",76.5,"1/9/24",18
"Daniel Jones","NYG","QB","L 0-40",17.5,104,0,2,13,43,0,0,0,0,0,0,0,0,4.46,15,28,"Dal","Home",29,"9/12/23",1
"Daniel Jones","NYG","QB","W 31-28",18.1,321,2,1,9,59,1,0,0,0,0,0,0,0,30.74,26,37,"Ari","Away",1,"9/19/23",2
"Daniel Jones","NYG","QB","L 12-30",15.8,137,0,1,2,5,0,0,0,0,0,0,0,0,3.98,22,32,"SF","Away",33,"9/26/23",3
"Daniel Jones","NYG","QB","L 3-24",17.6,203,0,2,10,66,0,0,0,0,0,0,1,0,8.72,27,34,"Sea","Home",25,"10/3/23",4
"Daniel Jones","NYG","QB","L 16-31",15.8,119,0,0,4,24,0,0,0,0,0,0,0,0,7.16,14,20,"Mia","Away",24,"10/10/23",5
"Daniel Jones","NYG","QB","L 6-30",13.9,25,0,0,2,9,0,0,0,0,0,0,0,0,1.9,4,9,"LV","Away",29,"11/7/23",9
"Dare Ogunbowale","Hou","RB","L 20-31",2.3,0,0,0,2,4,0,0,0,0,0,0,0,0,0.4,0,0,"Ind","Home",74,"9/19/23",2
"Dare Ogunbowale","Hou","RB","L 13-15",0,0,0,0,0,0,0,0,0,0,0,0,0,0,0,0,0,"Car","Away",97,"10/31/23",8
"Dare Ogunbowale","Hou","RB","W 39-37",2.6,0,0,0,0,0,0,0,0,0,0,0,0,0,3,0,0,"TB","Home",50,"11/7/23",9
"Dare Ogunbowale","Hou","RB","W 30-27",0,0,0,0,0,0,0,0,0,0,0,0,0,0,0,0,0,"Cin","Away",83,"11/14/23",10
"Dare Ogunbowale","Hou","RB","W 21-16",0,0,0,0,0,0,0,0,0,0,0,0,0,0,0,0,0,"Ari","Home",80,"11/21/23",11
"Dare Ogunbowale","Hou","RB","L 21-24",0.8,0,0,0,0,0,0,0,0,0,0,0,0,0,0,0,0,"Jax","Home",90,"11/28/23",12
"Dare Ogunbowale","Hou","RB","W 22-17",0,0,0,0,1,1,0,1,14,0,1,0,0,0,2.5,0,0,"Den","Home",49.5,"12/5/23",13
"Dare Ogunbowale","Hou","RB","L 6-30",0.6,0,0,0,2,7,0,1,4,0,2,0,0,0,2.1,0,0,"NYJ","Away",57,"12/12/23",14
"Dare Ogunbowale","Hou","RB","W 19-16",1.9,0,0,0,1,17,0,0,0,0,1,0,0,0,1.7,0,0,"Ten","Away",69,"12/19/23",15
"Dare Ogunbowale","Hou","RB","L 22-36",2.2,0,0,0,1,6,0,0,0,0,3,0,0,0,0.6,0,0,"Cle","Home",73.5,"12/26/23",16
"Dare Ogunbowale","Hou","RB","W 26-3",2.9,0,0,0,1,0,0,0,0,0,0,0,0,0,0,0,0,"Ten","Home",92.5,"1/2/24",17
"Dare Ogunbowale","Hou","RB","W 23-19",2.8,0,0,0,0,0,0,0,0,0,0,0,0,0,0,0,0,"Ind","Away",88.5,"1/9/24",18
"Dareke Young","Sea","WR","W 29-26",0,0,0,0,0,0,0,0,0,0,0,0,0,0,0,0,0,"Wsh","Home",123.5,"11/14/23",10
"Dareke Young","Sea","WR","L 16-28",0,0,0,0,0,0,0,0,0,0,0,0,0,0,0,0,0,"SF","Away",134,"12/12/23",14
"Dareke Young","Sea","WR","W 20-17",0,0,0,0,0,0,0,0,0,0,0,0,0,0,0,0,0,"Phi","Home",140,"12/19/23",15
"Dareke Young","Sea","WR","W 20-17",0,0,0,0,0,0,0,0,0,0,0,0,0,0,0,0,0,"Ten","Away",144.5,"12/26/23",16
"Dareke Young","Sea","WR","L 23-30",0,0,0,0,0,0,0,0,0,0,0,0,0,0,0,0,0,"Pit","Home",137.5,"1/2/24",17
"Dareke Young","Sea","WR","W 21-20",0,0,0,0,0,0,0,0,0,0,0,0,0,0,0,0,0,"Ari","Away",142.5,"1/9/24",18
"Darius Slayton","NYG","WR","L 0-40",6.9,0,0,0,0,0,0,3,15,0,5,0,0,0,4.5,0,0,"Dal","Home",74.5,"9/12/23",1
"Darius Slayton","NYG","WR","W 31-28",7,0,0,0,0,0,0,3,62,0,6,0,0,0,9.2,0,0,"Ari","Away",55,"9/19/23",2
"Darius Slayton","NYG","WR","L 12-30",7,0,0,0,0,0,0,3,32,0,6,0,0,0,6.2,0,0,"SF","Away",72,"9/26/23",3
"Darius Slayton","NYG","WR","L 3-24",9.2,0,0,0,0,0,0,2,23,0,3,0,0,0,4.3,0,0,"Sea","Home",78,"10/3/23",4
"Darius Slayton","NYG","WR","L 16-31",7.2,0,0,0,0,0,0,2,35,0,4,0,0,0,5.5,0,0,"Mia","Away",60,"10/10/23",5
"Darius Slayton","NYG","WR","L 9-14",6.4,0,0,0,0,0,0,4,69,0,6,0,0,0,10.9,0,0,"Buf","Away",35.5,"10/17/23",6
"Darius Slayton","NYG","WR","W 14-7",7,0,0,0,0,0,0,1,22,0,2,0,0,0,3.2,0,0,"Wsh","Home",75.5,"10/24/23",7
"Darius Slayton","NYG","WR","L 10-13",6.7,0,0,0,0,0,0,1,-1,0,2,0,0,0,0.9,0,0,"NYJ","Home",111,"10/31/23",8
"Darius Slayton","NYG","WR","L 6-30",6.6,0,0,0,0,0,0,4,59,0,7,0,0,0,9.9,0,0,"LV","Away",31,"11/7/23",9
"Darius Slayton","NYG","WR","L 17-49",8.3,0,0,0,0,0,0,3,21,0,4,0,0,0,5.1,0,0,"Dal","Away",59,"11/14/23",10
"Darius Slayton","NYG","WR","W 31-19",7.7,0,0,0,0,0,0,4,82,1,5,0,0,0,18.2,0,0,"Wsh","Away",13,"11/21/23",11
"Darius Slayton","NYG","WR","W 10-7",7.4,0,0,0,0,0,0,2,16,0,3,0,0,0,3.6,0,0,"NE","Home",87.5,"11/28/23",12
"Darius Slayton","NYG","WR","W 24-22",7.8,0,0,0,0,0,0,2,14,0,2,0,0,0,3.4,0,0,"GB","Home",81,"12/12/23",14
"Darius Slayton","NYG","WR","L 6-24",6.9,0,0,0,0,0,0,4,63,0,8,0,0,0,10.3,0,0,"NO","Away",37,"12/19/23",15
"Darius Slayton","NYG","WR","L 25-33",8.4,0,0,0,0,0,0,3,90,1,3,0,0,0,18,0,0,"Phi","Away",18,"12/26/23",16
"Darius Slayton","NYG","WR","L 25-26",7.6,0,0,0,0,0,0,4,106,1,6,0,0,0,20.6,0,0,"LAR","Home",8,"1/2/24",17
"Darius Slayton","NYG","WR","W 27-10",8.2,0,0,0,0,0,0,5,62,1,7,0,0,0,17.2,0,0,"Phi","Home",15,"1/9/24",18
"Darnell Mooney","Chi","WR","L 20-38",9.2,0,0,0,0,0,0,4,53,1,7,0,0,0,15.3,0,0,"GB","Home",20,"9/12/23",1
"Darnell Mooney","Chi","WR","L 17-27",8.5,0,0,0,0,0,0,0,0,0,0,0,0,0,0,0,0,"TB","Away",145,"9/19/23",2
"Darnell Mooney","Chi","WR","L 10-41",9.1,0,0,0,0,0,0,0,0,0,1,0,0,0,0,0,0,"KC","Away",141,"9/26/23",3
"Darnell Mooney","Chi","WR","L 28-31",7.8,0,0,0,0,0,0,4,51,0,4,0,0,0,9.1,0,0,"Den","Home",45,"10/3/23",4
"Darnell Mooney","Chi","WR","W 40-20",7.6,0,0,0,0,0,0,0,0,0,4,0,0,0,0,0,0,"Wsh","Away",124.5,"10/10/23",5
"Darnell Mooney","Chi","WR","L 13-19",8.1,0,0,0,0,0,0,2,48,0,3,0,0,0,6.8,0,0,"Min","Home",53,"10/17/23",6
"Darnell Mooney","Chi","WR","W 30-12",6.4,0,0,0,1,2,0,4,32,0,5,0,0,0,7.4,0,0,"LV","Home",51,"10/24/23",7
"Darnell Mooney","Chi","WR","L 13-30",7.2,0,0,0,1,3,0,1,41,0,4,0,0,0,5.4,0,0,"LAC","Away",77.5,"10/31/23",8
"Darnell Mooney","Chi","WR","L 17-24",6,0,0,0,0,0,0,5,82,0,6,0,0,0,13.2,0,0,"NO","Away",19,"11/7/23",9
"Darnell Mooney","Chi","WR","W 16-13",6.6,0,0,0,0,0,0,2,14,0,4,0,0,0,3.4,0,0,"Car","Home",74,"11/14/23",10
"Darnell Mooney","Chi","WR","L 26-31",6.9,0,0,0,0,0,0,1,24,0,1,0,0,0,3.4,0,0,"Det","Away",74,"11/21/23",11
"Darnell Mooney","Chi","WR","W 12-10",6.3,0,0,0,0,0,0,2,6,0,3,0,0,0,2.6,0,0,"Min","Away",99.5,"11/28/23",12
"Darnell Mooney","Chi","WR","W 28-13",6.1,0,0,0,0,0,0,2,44,0,7,0,0,0,6.4,0,0,"Det","Home",53,"12/12/23",14
"Darnell Mooney","Chi","WR","L 17-20",6.5,0,0,0,0,0,0,2,14,0,8,0,0,0,3.4,0,0,"Cle","Away",83,"12/19/23",15
"Darnell Mooney","Chi","WR","W 27-16",7.6,0,0,0,0,0,0,2,5,0,4,0,0,0,2.5,0,0,"Ari","Home",93.5,"12/26/23",16
"Darnell Washington","Pit","TE","L 7-30",1.1,0,0,0,0,0,0,0,0,0,0,0,0,0,0,0,0,"SF","Home",75,"9/12/23",1
"Darnell Washington","Pit","TE","W 26-22",0.5,0,0,0,0,0,0,0,0,0,0,0,0,0,0,0,0,"Cle","Home",76,"9/19/23",2
"Darnell Washington","Pit","TE","W 23-18",1.7,0,0,0,0,0,0,0,0,0,0,0,0,0,0,0,0,"LV","Away",79,"9/26/23",3
"Darnell Washington","Pit","TE","L 6-30",0.6,0,0,0,0,0,0,1,10,0,1,0,0,0,2,0,0,"Hou","Away",43.5,"10/3/23",4
"Darnell Washington","Pit","TE","W 17-10",5.6,0,0,0,0,0,0,0,0,0,2,0,0,0,0,0,0,"Bal","Home",71,"10/10/23",5
"Darnell Washington","Pit","TE","W 24-17",5,0,0,0,0,0,0,0,0,0,0,0,0,0,0,0,0,"LAR","Away",62,"10/24/23",7
"Darnell Washington","Pit","TE","L 10-20",2.7,0,0,0,0,0,0,0,0,0,0,0,0,0,0,0,0,"Jax","Home",73,"10/31/23",8
"Darnell Washington","Pit","TE","W 20-16",1.1,0,0,0,0,0,0,1,7,0,1,0,0,0,1.7,0,0,"Ten","Home",43,"11/7/23",9
"Darnell Washington","Pit","TE","W 23-19",1.6,0,0,0,0,0,0,1,6,0,1,0,0,0,1.6,0,0,"GB","Home",43,"11/14/23",10
"Darnell Washington","Pit","TE","L 10-13",0.5,0,0,0,0,0,0,1,8,0,1,0,0,0,1.8,0,0,"Cle","Away",38,"11/21/23",11
"Darnell Washington","Pit","TE","W 16-10",1,0,0,0,0,0,0,1,10,0,1,0,0,0,2,0,0,"Cin","Away",45.5,"11/28/23",12
"Darnell Washington","Pit","TE","L 10-24",1.5,0,0,0,0,0,0,0,0,0,0,0,0,0,0,0,0,"Ari","Home",66,"12/5/23",13
"Darnell Washington","Pit","TE","L 18-21",0.5,0,0,0,0,0,0,1,12,0,2,0,0,0,2.2,0,0,"NE","Home",43,"12/12/23",14
"Darnell Washington","Pit","TE","L 13-30",1,0,0,0,0,0,0,0,0,0,0,0,0,0,0,0,0,"Ind","Away",81.5,"12/19/23",15
"Darnell Washington","Pit","TE","W 34-11",1,0,0,0,0,0,0,1,8,0,1,0,0,0,1.8,0,0,"Cin","Home",49,"12/26/23",16
"Darnell Washington","Pit","TE","W 30-23",1,0,0,0,0,0,0,0,0,0,0,0,0,0,0,0,0,"Sea","Away",76,"1/2/24",17
"Darnell Washington","Pit","TE","W 17-10",0.4,0,0,0,0,0,0,0,0,0,0,0,0,0,0,0,0,"Bal","Away",76.5,"1/9/24",18
"Darrell Daniels","Det","TE","W 34-20",0,0,0,0,0,0,0,0,0,0,0,0,0,0,0,0,0,"GB","Away",79.5,"10/3/23",4
"Darrell Daniels","Det","TE","W 42-24",0,0,0,0,0,0,0,0,0,0,0,0,0,0,0,0,0,"Car","Home",71,"10/10/23",5
"Darrell Daniels","Det","TE","W 20-6",0,0,0,0,0,0,0,0,0,0,0,0,0,0,0,0,0,"TB","Away",72,"10/17/23",6
"Darrell Henderson Jr.","LAR","RB","L 17-24",7.8,0,0,0,18,61,1,1,5,0,2,0,0,0,13.6,0,0,"Pit","Home",17,"10/24/23",7
"Darrell Henderson Jr.","LAR","RB","L 20-43",12.2,0,0,0,12,31,0,3,54,0,3,0,0,0,11.5,0,0,"Dal","Away",19,"10/31/23",8
"Darrell Henderson Jr.","LAR","RB","L 3-20",11.1,0,0,0,10,19,0,2,16,0,2,0,0,0,5.5,0,0,"GB","Away",38,"11/7/23",9
"Darren Waller","NYG","TE","L 0-40",12.1,0,0,0,0,0,0,3,36,0,5,0,0,0,6.6,0,0,"Dal","Home",19.5,"9/12/23",1
"Darren Waller","NYG","TE","W 31-28",11.1,0,0,0,0,0,0,6,76,0,8,0,0,0,13.6,0,0,"Ari","Away",4,"9/19/23",2
"Darren Waller","NYG","TE","L 12-30",11.1,0,0,0,0,0,0,3,20,0,7,0,0,0,5,0,0,"SF","Away",25.5,"9/26/23",3
"Darren Waller","NYG","TE","L 3-24",10.9,0,0,0,0,0,0,3,21,0,3,0,0,0,5.1,0,0,"Sea","Home",26,"10/3/23",4
"Darren Waller","NYG","TE","L 16-31",10.1,0,0,0,0,0,0,8,86,0,11,0,0,0,16.6,0,0,"Mia","Away",7,"10/10/23",5
"Darren Waller","NYG","TE","L 9-14",11.5,0,0,0,0,0,0,5,43,0,7,0,0,0,9.3,0,0,"Buf","Away",14,"10/17/23",6
"Darren Waller","NYG","TE","W 14-7",10.8,0,0,0,0,0,0,7,98,1,8,0,0,0,22.8,0,0,"Wsh","Home",2,"10/24/23",7
"Darren Waller","NYG","TE","L 10-13",11.6,0,0,0,0,0,0,1,4,0,2,0,0,0,1.4,0,0,"NYJ","Home",48.5,"10/31/23",8
"Darren Waller","NYG","TE","L 6-24",10.6,0,0,0,0,0,0,4,40,0,6,0,0,0,8,0,0,"NO","Away",19,"12/19/23",15
"Darren Waller","NYG","TE","L 25-33",12.2,0,0,0,0,0,0,2,32,0,5,0,0,0,5.2,0,0,"Phi","Away",31,"12/26/23",16
"Darren Waller","NYG","TE","L 25-26",10.3,0,0,0,0,0,0,5,51,0,6,0,0,0,10.1,0,0,"LAR","Home",14,"1/2/24",17
"Darren Waller","NYG","TE","W 27-10",9.7,0,0,0,0,0,0,5,45,0,6,0,0,0,9.5,0,0,"Phi","Home",13,"1/9/24",18
"Darrynton Evans","Chi","RB","L 13-19",4.5,0,0,0,9,32,0,1,2,0,1,0,0,0,4.4,0,0,"Min","Home",44,"10/17/23",6
"Darrynton Evans","Chi","RB","W 30-12",4.7,0,0,0,14,48,0,1,6,0,3,0,0,0,6.4,0,0,"LV","Home",33,"10/24/23",7
"Darrynton Evans","Chi","RB","L 13-30",2.4,0,0,0,4,18,1,3,22,0,4,0,0,0,13,0,0,"LAC","Away",17,"10/31/23",8
"Darrynton Evans","Chi","RB","L 17-24",4.3,0,0,0,1,2,0,2,19,0,2,0,0,0,4.1,0,0,"NO","Away",43.5,"11/7/23",9
"Darrynton Evans","Chi","RB","W 16-13",4.6,0,0,0,2,5,0,0,0,0,2,0,0,0,0.5,0,0,"Car","Home",65,"11/14/23",10
"Darrynton Evans","Mia","RB","W 34-13",0,0,0,0,2,16,0,0,0,0,0,0,0,0,1.6,0,0,"NYJ","Away",67,"11/28/23",12
"Darrynton Evans","Mia","RB","W 30-0",0,0,0,0,0,0,0,0,0,0,0,0,0,0,0,0,0,"NYJ","Home",94,"12/19/23",15
"Davante Adams","LV","WR","W 17-16",19,0,0,0,0,0,0,6,66,0,9,0,0,0,12.6,0,0,"Den","Away",29,"9/12/23",1
"Davante Adams","LV","WR","L 10-38",19.2,0,0,0,0,0,0,6,84,1,8,0,0,0,20.4,0,0,"Buf","Away",16.5,"9/19/23",2
"Davante Adams","LV","WR","L 18-23",20.4,0,0,0,0,0,0,13,172,2,20,0,0,0,42.2,0,0,"Pit","Home",2,"9/26/23",3
"Davante Adams","LV","WR","L 17-24",20.6,0,0,0,0,0,0,8,75,0,13,0,0,0,15.5,0,0,"LAC","Away",19,"10/3/23",4
"Davante Adams","LV","WR","W 17-13",22.2,0,0,0,0,0,0,4,45,0,4,0,0,0,8.5,0,0,"GB","Home",45,"10/10/23",5
"Davante Adams","LV","WR","W 21-17",19.6,0,0,0,0,0,0,2,29,0,5,0,0,0,4.9,0,0,"NE","Home",69.5,"10/17/23",6
"Davante Adams","LV","WR","L 12-30",16.2,0,0,0,0,0,0,7,57,0,12,0,0,0,12.7,0,0,"Chi","Away",24.5,"10/24/23",7
"Davante Adams","LV","WR","L 14-26",17.8,0,0,0,0,0,0,1,11,0,7,0,0,0,2.1,0,0,"Det","Away",100.5,"10/31/23",8
"Davante Adams","LV","WR","W 30-6",14,0,0,0,0,0,0,4,34,0,7,0,0,0,7.4,0,0,"NYG","Home",45,"11/7/23",9
"Davante Adams","LV","WR","W 16-12",13.5,0,0,0,0,0,0,6,86,0,13,0,0,0,14.6,0,0,"NYJ","Home",21,"11/14/23",10
"Davante Adams","LV","WR","L 13-20",15.6,0,0,0,0,0,0,7,82,1,13,0,0,0,21.2,0,0,"Mia","Away",8,"11/21/23",11
"Davante Adams","LV","WR","L 17-31",15.4,0,0,0,0,0,0,5,73,0,7,0,0,0,12.3,0,0,"KC","Home",32,"11/28/23",12
"Davante Adams","LV","WR","L 0-3",15.8,0,0,0,0,0,0,7,53,0,10,0,0,0,12.3,0,0,"Min","Home",30,"12/12/23",14
"Davante Adams","LV","WR","W 63-21",16.4,0,0,0,0,0,0,8,101,1,12,0,0,0,24.1,0,0,"LAC","Home",7.5,"12/19/23",15
"Davante Adams","LV","WR","W 20-14",16.8,0,0,0,0,0,0,1,4,0,6,0,0,0,1.4,0,0,"KC","Away",115,"12/26/23",16
"Davante Adams","LV","WR","L 20-23",16.4,0,0,0,0,0,0,13,126,2,21,0,0,0,37.6,0,0,"Ind","Away",2,"1/2/24",17
"Davante Adams","LV","WR","W 27-14",16.8,0,0,0,0,0,0,5,46,1,8,0,0,0,15.6,0,0,"Den","Home",22,"1/9/24",18
"David Bell","Cle","WR","W 24-3",0.5,0,0,0,0,0,0,0,0,0,1,0,0,0,0,0,0,"Cin","Home",135,"9/12/23",1
"David Bell","Cle","WR","L 22-26",2.7,0,0,0,0,0,0,3,27,0,3,0,0,0,5.7,0,0,"Pit","Away",76,"9/19/23",2
"David Bell","Cle","WR","W 27-3",0.9,0,0,0,0,0,0,0,0,0,0,0,0,0,0,0,0,"Ten","Home",141,"9/26/23",3
"David Bell","Cle","WR","L 3-28",0.7,0,0,0,0,0,0,0,0,0,0,0,0,0,0,0,0,"Bal","Home",143,"10/3/23",4
"David Bell","Cle","WR","W 19-17",1.4,0,0,0,0,0,0,1,6,0,3,0,0,0,1.6,0,0,"SF","Home",94,"10/17/23",6
"David Bell","Cle","WR","W 39-38",1.8,0,0,0,0,0,0,0,0,0,0,0,0,0,0,0,0,"Ind","Away",116,"10/24/23",7
"David Bell","Cle","WR","L 20-24",0.8,0,0,0,0,0,0,0,0,0,0,0,0,0,0,0,0,"Sea","Away",138,"10/31/23",8
"David Bell","Cle","WR","W 13-10",3.2,0,0,0,0,0,0,0,0,0,0,0,0,0,0,0,0,"Pit","Home",126,"11/21/23",11
"David Bell","Cle","WR","L 12-29",2.5,0,0,0,0,0,0,0,0,0,2,0,0,0,0,0,0,"Den","Away",149,"11/28/23",12
"David Bell","Cle","WR","L 19-36",1.7,0,0,0,0,0,0,2,12,0,2,0,0,0,3.2,0,0,"LAR","Away",65.5,"12/5/23",13
"David Bell","Cle","WR","W 31-27",0.4,0,0,0,0,0,0,1,41,1,3,0,0,0,11.1,0,0,"Jax","Home",32,"12/12/23",14
"David Bell","Cle","WR","W 20-17",1.4,0,0,0,0,0,0,0,0,0,0,0,0,0,0,0,0,"Chi","Home",140,"12/19/23",15
"David Bell","Cle","WR","W 36-22",0.5,0,0,0,0,0,0,1,6,0,2,0,0,0,1.6,0,0,"Hou","Away",111,"12/26/23",16
"David Bell","Cle","WR","W 37-20",2.9,0,0,0,0,0,0,2,7,0,3,0,0,0,2.7,0,0,"NYJ","Home",86,"1/2/24",17
"David Bell","Cle","WR","L 14-31",6.7,0,0,0,0,0,0,4,68,2,4,0,0,0,22.8,0,0,"Cin","Away",7,"1/9/24",18
"David Montgomery","Det","RB","W 21-20",12.3,0,0,0,21,74,1,0,0,0,0,0,0,0,13.4,0,0,"KC","Away",16.5,"9/12/23",1
"David Montgomery","Det","RB","L 31-37",13.6,0,0,0,16,67,1,1,7,0,1,0,1,0,12.4,0,0,"Sea","Home",21,"9/19/23",2
"David Montgomery","Det","RB","W 34-20",12.7,0,0,0,32,121,3,2,20,0,2,0,0,0,34.1,0,0,"GB","Away",2,"10/3/23",4
"David Montgomery","Det","RB","W 42-24",17.8,0,0,0,19,109,1,2,20,0,6,0,0,0,20.9,0,0,"Car","Home",5,"10/10/23",5
"David Montgomery","Det","RB","W 20-6",19.3,0,0,0,6,14,0,1,19,0,1,0,0,0,4.3,0,0,"TB","Away",45,"10/17/23",6
"David Montgomery","Det","RB","W 41-38",13.8,0,0,0,12,116,1,0,0,0,0,0,0,0,17.6,0,0,"LAC","Away",12.5,"11/14/23",10
"David Montgomery","Det","RB","W 31-26",13.4,0,0,0,12,76,1,2,22,0,2,0,0,0,17.8,0,0,"Chi","Home",13.5,"11/21/23",11
"David Montgomery","Det","RB","L 22-29",14.3,0,0,0,15,71,1,0,0,0,1,0,0,0,15.1,0,0,"GB","Home",15,"11/28/23",12
"David Montgomery","Det","RB","W 33-28",13.2,0,0,0,18,56,1,1,-1,0,2,0,0,0,12.5,0,0,"NO","Away",17,"12/5/23",13
"David Montgomery","Det","RB","L 13-28",12.7,0,0,0,10,66,0,3,19,0,3,0,0,0,11.5,0,0,"Chi","Away",26,"12/12/23",14
"David Montgomery","Det","RB","W 42-17",12.7,0,0,0,17,85,0,2,-3,0,3,0,0,0,10.2,0,0,"Den","Home",23,"12/19/23",15
"David Montgomery","Det","RB","W 30-24",13.2,0,0,0,17,55,1,2,14,0,2,0,0,0,14.9,0,0,"Min","Away",15,"12/26/23",16
"David Montgomery","Det","RB","L 19-20",13,0,0,0,14,65,1,0,0,0,1,0,0,0,12.5,0,0,"Dal","Away",22,"1/2/24",17
"David Montgomery","Det","RB","W 30-20",13.4,0,0,0,10,40,1,0,0,0,0,0,0,0,10,0,0,"Min","Home",28,"1/9/24",18
"David Moore","TB","WR","L 20-27",0,0,0,0,0,0,0,0,0,0,1,0,0,0,0,0,0,"Ind","Away",149,"11/28/23",12
"David Moore","TB","WR","W 21-18",0,0,0,0,0,0,0,0,0,0,0,0,0,0,0,0,0,"Car","Home",113,"12/5/23",13
"David Moore","TB","WR","W 29-25",0,0,0,0,0,0,0,1,11,0,1,0,0,0,2.1,0,0,"Atl","Away",96,"12/12/23",14
"David Moore","TB","WR","W 34-20",1,0,0,0,0,0,0,2,68,1,2,0,0,0,14.8,0,0,"GB","Away",24.5,"12/19/23",15
"David Moore","TB","WR","W 30-12",3.3,0,0,0,0,0,0,1,7,0,1,0,0,0,1.7,0,0,"Jax","Home",108.5,"12/26/23",16
"David Moore","TB","WR","L 13-23",2.2,0,0,0,0,0,0,0,0,0,1,0,0,0,0,0,0,"NO","Home",137.5,"1/2/24",17
"David Moore","TB","WR","W 9-0",1.6,0,0,0,0,0,0,1,8,0,1,0,0,0,1.8,0,0,"Car","Away",100,"1/9/24",18
"David Njoku","Cle","TE","W 24-3",10,0,0,0,0,0,0,2,24,0,3,0,0,0,4.4,0,0,"Cin","Home",28,"9/12/23",1
"David Njoku","Cle","TE","L 22-26",9.5,0,0,0,0,0,0,4,48,0,4,0,1,0,6.8,0,0,"Pit","Away",28.5,"9/19/23",2
"David Njoku","Cle","TE","W 27-3",8.4,0,0,0,0,0,0,4,20,0,4,0,0,0,6,0,0,"Ten","Home",23,"9/26/23",3
"David Njoku","Cle","TE","L 3-28",7.5,0,0,0,0,0,0,6,46,0,7,0,0,0,10.6,0,0,"Bal","Home",11.5,"10/3/23",4
"David Njoku","Cle","TE","W 19-17",8.8,0,0,0,0,0,0,3,24,0,4,0,0,0,5.4,0,0,"SF","Home",20.5,"10/17/23",6
"David Njoku","Cle","TE","W 39-38",7.7,0,0,0,0,0,0,5,54,0,9,0,0,0,10.4,0,0,"Ind","Away",11,"10/24/23",7
"David Njoku","Cle","TE","L 20-24",9.3,0,0,0,0,0,0,4,77,1,8,0,0,0,17.7,0,0,"Sea","Away",7,"10/31/23",8
"David Njoku","Cle","TE","W 27-0",10.4,0,0,0,0,0,0,4,26,1,6,0,0,0,12.6,0,0,"Ari","Home",13.5,"11/7/23",9
"David Njoku","Cle","TE","W 33-31",10.9,0,0,0,0,0,0,6,58,0,9,0,0,0,11.8,0,0,"Bal","Away",7,"11/14/23",10
"David Njoku","Cle","TE","W 13-10",10.7,0,0,0,0,0,0,7,56,0,15,0,0,0,12.6,0,0,"Pit","Home",4,"11/21/23",11
"David Njoku","Cle","TE","L 12-29",11.9,0,0,0,0,0,0,6,59,0,9,0,0,0,11.9,0,0,"Den","Away",8,"11/28/23",12
"David Njoku","Cle","TE","L 19-36",12.9,0,0,0,0,0,0,2,17,0,6,0,0,0,3.7,0,0,"LAR","Away",26,"12/5/23",13
"David Njoku","Cle","TE","W 31-27",10.8,0,0,0,0,0,0,6,91,2,8,0,0,0,27.1,0,0,"Jax","Home",2,"12/12/23",14
"David Njoku","Cle","TE","W 20-17",11.1,0,0,0,0,0,0,10,104,1,14,0,0,0,26.4,0,0,"Chi","Home",2,"12/19/23",15
"David Njoku","Cle","TE","W 36-22",13.2,0,0,0,0,0,0,6,44,1,9,0,0,0,16.4,0,0,"Hou","Away",4,"12/26/23",16
"David Njoku","Cle","TE","W 37-20",13.4,0,0,0,0,0,0,6,134,0,8,0,1,0,17.4,0,0,"NYJ","Home",3,"1/2/24",17
"David Sills V","Den","WR","W 24-22",0,0,0,0,0,0,0,0,0,0,0,0,0,0,0,0,0,"Buf","Away",123.5,"11/14/23",10
"David Sills V","Den","WR","W 21-20",0,0,0,0,0,0,0,0,0,0,0,0,0,0,0,0,0,"Min","Home",126,"11/21/23",11
"David Sills V","Den","WR","W 29-12",0,0,0,0,0,0,0,0,0,0,0,0,0,0,0,0,0,"Cle","Home",149,"11/28/23",12
"David Wells","TB","TE","W 20-17",0.6,0,0,0,0,0,0,0,0,0,0,0,0,0,0,0,0,"Min","Away",75,"9/12/23",1
"David Wells","TB","TE","W 27-17",0,0,0,0,0,0,0,2,-10,0,2,0,0,0,1,0,0,"Chi","Home",54,"9/19/23",2
"David Wells","TB","TE","L 11-25",1.1,0,0,0,0,0,0,0,0,0,0,0,0,0,0,0,0,"Phi","Home",79,"9/26/23",3
"David Wells","TB","TE","W 26-9",1,0,0,0,0,0,0,0,0,0,0,0,0,0,0,0,0,"NO","Away",79.5,"10/3/23",4
"David Wells","TB","TE","L 13-23",0,0,0,0,0,0,0,0,0,0,0,0,0,0,0,0,0,"NO","Home",76,"1/2/24",17
"Davis Allen","LAR","TE","W 30-13",1.9,0,0,0,0,0,0,0,0,0,0,0,0,0,0,0,0,"Sea","Away",75,"9/12/23",1
"Davis Allen","LAR","TE","W 29-23",0,0,0,0,0,0,0,0,0,0,0,0,0,0,0,0,0,"Ind","Away",79.5,"10/3/23",4
"Davis Allen","LAR","TE","L 14-23",0,0,0,0,0,0,0,0,0,0,0,0,0,0,0,0,0,"Phi","Home",71,"10/10/23",5
"Davis Allen","LAR","TE","W 26-9",0,0,0,0,0,0,0,0,0,0,0,0,0,0,0,0,0,"Ari","Home",72,"10/17/23",6
"Davis Allen","LAR","TE","L 17-24",0,0,0,0,0,0,0,0,0,0,0,0,0,0,0,0,0,"Pit","Home",62,"10/24/23",7
"Davis Allen","LAR","TE","L 20-43",0,0,0,0,0,0,0,0,0,0,0,0,0,0,0,0,0,"Dal","Away",73,"10/31/23",8
"Davis Allen","LAR","TE","L 3-20",0,0,0,0,0,0,0,0,0,0,0,0,0,0,0,0,0,"GB","Away",68,"11/7/23",9
"Davis Allen","LAR","TE","W 17-16",0,0,0,0,0,0,0,0,0,0,0,0,0,0,0,0,0,"Sea","Home",67,"11/21/23",11
"Davis Allen","LAR","TE","W 37-14",0,0,0,0,0,0,0,1,6,0,1,0,0,0,1.6,0,0,"Ari","Away",54,"11/28/23",12
"Davis Allen","LAR","TE","W 36-19",0.2,0,0,0,0,0,0,0,0,0,0,0,0,0,0,0,0,"Cle","Home",66,"12/5/23",13
"Davis Allen","LAR","TE","L 31-37",1.6,0,0,0,0,0,0,4,50,1,5,0,0,0,15,0,0,"Bal","Away",6,"12/12/23",14
"Davis Allen","LAR","TE","W 28-20",0,0,0,0,0,0,0,1,14,0,1,0,0,0,2.4,0,0,"Wsh","Home",49,"12/19/23",15
"Davis Allen","LAR","TE","W 30-22",1.1,0,0,0,0,0,0,0,0,0,0,0,0,0,0,0,0,"NO","Home",78,"12/26/23",16
"Davis Allen","LAR","TE","W 26-25",1.1,0,0,0,0,0,0,0,0,0,0,0,0,0,0,0,0,"NYG","Away",76,"1/2/24",17
"Davis Allen","LAR","TE","W 21-20",6.1,0,0,0,0,0,0,4,25,0,4,0,0,0,6.5,0,0,"SF","Away",19,"1/9/24",18
"Davis Mills","Hou","QB","W 21-16",0,2,0,0,0,0,0,0,0,0,0,0,0,0,0.08,1,1,"Ari","Home",31,"11/21/23",11
"Davis Mills","Hou","QB","W 22-17",0,18,0,0,0,0,0,0,0,0,0,0,0,0,0.72,1,1,"Den","Home",31,"12/5/23",13
"Davis Mills","Hou","QB","L 6-30",0,4,0,0,0,0,0,0,0,0,0,0,0,0,0.16,1,5,"NYJ","Away",34,"12/12/23",14
"Davis Mills","Hou","QB","W 19-16",0,0,0,0,0,0,0,0,0,0,0,0,0,0,0,0,0,"Ten","Away",38.5,"12/19/23",15
"Davis Mills","Hou","QB","L 22-36",0,149,2,0,2,9,0,0,0,0,0,0,0,0,16.86,15,32,"Cle","Home",17,"12/26/23",16
"Davis Mills","Hou","QB","W 26-3",0,0,0,0,0,0,0,0,0,0,0,0,0,0,0,0,0,"Ten","Home",35.5,"1/2/24",17
"Dawson Knox","Buf","TE","L 16-22",6.9,0,0,0,0,0,0,3,25,0,4,0,0,0,5.5,0,0,"NYJ","Away",25,"9/12/23",1
"Dawson Knox","Buf","TE","W 38-10",7.3,0,0,0,0,0,0,3,10,1,5,0,0,0,10,0,0,"LV","Home",13.5,"9/19/23",2
"Dawson Knox","Buf","TE","W 37-3",7.5,0,0,0,0,0,0,1,11,0,3,0,0,0,2.1,0,0,"Wsh","Away",44.5,"9/26/23",3
"Dawson Knox","Buf","TE","W 48-20",7.2,0,0,0,0,0,0,1,12,0,1,0,0,0,2.2,0,0,"Mia","Home",40.5,"10/3/23",4
"Dawson Knox","Buf","TE","L 20-25",5.6,0,0,0,0,0,0,3,17,0,6,0,0,0,4.7,0,0,"Jax","Home",25,"10/10/23",5
"Dawson Knox","Buf","TE","W 14-9",7,0,0,0,0,0,0,3,17,0,6,0,0,0,4.7,0,0,"NYG","Home",23,"10/17/23",6
"Dawson Knox","Buf","TE","L 25-29",7.3,0,0,0,0,0,0,1,10,0,3,0,0,0,4,0,0,"NE","Away",26,"10/24/23",7
"Dawson Knox","Buf","TE","W 24-18",0,0,0,0,0,0,0,0,0,0,0,0,0,0,0,0,0,"TB","Home",73,"10/31/23",8
"Dawson Knox","Buf","TE","W 20-17",5.8,0,0,0,0,0,0,3,36,0,3,0,0,0,6.6,0,0,"KC","Away",28,"12/12/23",14
"Dawson Knox","Buf","TE","W 31-10",5.2,0,0,0,0,0,0,0,0,0,0,0,0,0,0,0,0,"Dal","Home",81.5,"12/19/23",15
"Dawson Knox","Buf","TE","W 24-22",4.7,0,0,0,0,0,0,2,26,0,2,0,0,0,4.6,0,0,"LAC","Away",35,"12/26/23",16
"Dawson Knox","Buf","TE","W 27-21",4.3,0,0,0,0,0,0,0,0,0,0,0,0,0,0,0,0,"NE","Home",76,"1/2/24",17
"Dawson Knox","Buf","TE","W 21-14",3.9,0,0,0,0,0,0,2,22,1,3,0,0,0,10.2,0,0,"Mia","Away",12,"1/9/24",18
"De'Von Achane","Mia","RB","W 24-17",4,0,0,0,1,5,0,1,4,0,1,0,0,0,1.9,0,0,"NE","Away",62,"9/19/23",2
"De'Von Achane","Mia","RB","W 70-20",7.3,0,0,0,18,203,2,4,30,2,4,0,0,0,51.3,0,0,"Den","Home",1,"9/26/23",3
"De'Von Achane","Mia","RB","L 20-48",12.6,0,0,0,8,101,2,3,19,0,5,0,0,0,27,0,0,"Buf","Away",5,"10/3/23",4
"De'Von Achane","Mia","RB","W 31-16",16.2,0,0,0,11,151,1,1,14,0,1,0,1,0,21.5,0,0,"NYG","Home",4,"10/10/23",5
"De'Von Achane","Mia","RB","W 20-13",12.7,0,0,0,1,1,0,1,4,0,1,0,0,0,1.5,0,0,"LV","Home",62.5,"11/21/23",11
"De'Von Achane","Mia","RB","W 45-15",13.3,0,0,0,17,73,2,3,30,0,4,0,0,0,25.3,0,0,"Wsh","Away",3,"12/5/23",13
"De'Von Achane","Mia","RB","L 27-28",16.5,0,0,0,7,47,0,5,24,0,9,0,0,0,12.1,0,0,"Ten","Home",24,"12/12/23",14
"De'Von Achane","Mia","RB","W 30-0",15,0,0,0,9,32,0,3,30,0,3,0,0,0,9.2,0,0,"NYJ","Home",29,"12/19/23",15
"De'Von Achane","Mia","RB","W 22-20",14.4,0,0,0,7,24,0,1,7,0,3,0,0,0,4.1,0,0,"Dal","Home",52,"12/26/23",16
"De'Von Achane","Mia","RB","L 19-56",16,0,0,0,14,107,0,4,30,1,5,0,0,0,23.7,0,0,"Bal","Away",8,"1/2/24",17
"De'Von Achane","Mia","RB","L 14-21",18,0,0,0,10,56,1,1,5,0,1,0,0,0,13.1,0,0,"Buf","Home",20,"1/9/24",18
"DeAndre Carter","LV","WR","W 17-16",0.4,0,0,0,0,0,0,1,5,0,1,0,0,0,1.5,0,0,"Den","Away",101,"9/12/23",1
"DeAndre Carter","LV","WR","L 10-38",4.9,0,0,0,0,0,0,0,0,0,1,0,0,0,0,0,0,"Buf","Away",145,"9/19/23",2
"DeAndre Carter","LV","WR","L 18-23",1.3,0,0,0,0,0,0,1,16,0,1,0,0,0,2.6,0,0,"Pit","Home",96.5,"9/26/23",3
"DeAndre Carter","LV","WR","L 17-24",2.4,0,0,0,0,0,0,0,0,0,0,0,0,0,0,0,0,"LAC","Away",143,"10/3/23",4
"DeAndre Carter","LV","WR","W 17-13",1.9,0,0,0,2,3,0,0,0,0,1,0,0,0,0.3,0,0,"GB","Home",106,"10/10/23",5
"DeAndre Carter","LV","WR","W 21-17",1.5,0,0,0,0,0,0,0,0,0,1,0,0,0,0,0,0,"NE","Home",128,"10/17/23",6
"DeAndre Carter","LV","WR","L 12-30",1.2,0,0,0,0,0,0,0,0,0,0,0,0,0,0,0,0,"Chi","Away",116,"10/24/23",7
"DeAndre Carter","LV","WR","L 14-26",0.8,0,0,0,0,0,0,0,0,0,0,0,0,0,0,0,0,"Det","Away",138,"10/31/23",8
"DeAndre Carter","LV","WR","W 30-6",0.1,0,0,0,0,0,0,1,15,0,1,0,0,0,2.5,0,0,"NYG","Home",83.5,"11/7/23",9
"DeAndre Carter","LV","WR","W 16-12",0.6,0,0,0,1,15,0,0,0,0,0,0,0,0,1.5,0,0,"NYJ","Home",101.5,"11/14/23",10
"DeAndre Carter","LV","WR","L 13-20",0.8,0,0,0,0,0,0,0,0,0,0,0,0,0,0,0,0,"Mia","Away",126,"11/21/23",11
"DeAndre Carter","LV","WR","L 17-31",0.3,0,0,0,0,0,0,0,0,0,0,0,0,0,0,0,0,"KC","Home",149,"11/28/23",12
"DeAndre Carter","LV","WR","L 0-3",0.3,0,0,0,0,0,0,0,0,0,0,0,0,0,0,0,0,"Min","Home",134,"12/12/23",14
"DeAndre Carter","LV","WR","W 63-21",0.3,0,0,0,0,0,0,0,0,0,0,0,0,0,0,0,0,"LAC","Home",140,"12/19/23",15
"DeAndre Carter","LV","WR","W 20-14",0.1,0,0,0,0,0,0,0,0,0,0,0,0,0,0,0,0,"KC","Away",144.5,"12/26/23",16
"DeAndre Carter","LV","WR","L 20-23",0.1,0,0,0,0,0,0,0,0,0,0,0,0,0,0,0,0,"Ind","Away",137.5,"1/2/24",17
"DeAndre Carter","LV","WR","W 27-14",0.1,0,0,0,0,0,0,1,3,0,1,0,0,0,1.3,0,0,"Den","Home",113,"1/9/24",18
"DeAndre Hopkins","Ten","WR","L 15-16",13.5,0,0,0,0,0,0,7,65,0,13,0,0,0,13.5,0,0,"NO","Away",26,"9/12/23",1
"DeAndre Hopkins","Ten","WR","W 27-24",12.9,0,0,0,0,0,0,4,40,0,5,0,0,0,8,0,0,"LAC","Home",62,"9/19/23",2
"DeAndre Hopkins","Ten","WR","L 3-27",13.7,0,0,0,0,0,0,3,48,0,7,0,0,0,7.8,0,0,"Cle","Away",61,"9/26/23",3
"DeAndre Hopkins","Ten","WR","W 27-3",13.1,0,0,0,0,0,0,4,63,0,6,0,0,0,10.3,0,0,"Cin","Home",38,"10/3/23",4
"DeAndre Hopkins","Ten","WR","L 16-23",13,0,0,0,0,0,0,8,140,0,11,0,0,0,22,0,0,"Ind","Away",7.5,"10/10/23",5
"DeAndre Hopkins","Ten","WR","L 16-24",14.8,0,0,0,0,0,0,1,20,0,5,0,0,0,3,0,0,"Bal","Home",85.5,"10/17/23",6
"DeAndre Hopkins","Ten","WR","W 28-23",12.7,0,0,0,0,0,0,4,128,3,6,0,0,0,34.8,0,0,"Atl","Home",2,"10/31/23",8
"DeAndre Hopkins","Ten","WR","L 16-20",14.4,0,0,0,1,5,0,4,60,0,11,0,0,0,10.5,0,0,"Pit","Away",27.5,"11/7/23",9
"DeAndre Hopkins","Ten","WR","L 6-20",15,0,0,0,0,0,0,3,27,0,9,0,0,0,5.7,0,0,"TB","Away",57,"11/14/23",10
"DeAndre Hopkins","Ten","WR","L 14-34",13.5,0,0,0,0,0,0,4,59,1,5,0,0,0,15.9,0,0,"Jax","Away",18.5,"11/21/23",11
"DeAndre Hopkins","Ten","WR","W 17-10",13.5,0,0,0,0,0,0,3,49,0,5,0,0,0,7.9,0,0,"Car","Home",52,"11/28/23",12
"DeAndre Hopkins","Ten","WR","L 28-31",13.2,0,0,0,1,4,0,5,75,1,12,0,0,0,18.9,0,0,"Ind","Home",14,"12/5/23",13
"DeAndre Hopkins","Ten","WR","W 28-27",14.5,0,0,0,0,0,0,7,124,1,12,0,0,0,25.4,0,0,"Mia","Away",5,"12/12/23",14
"DeAndre Hopkins","Ten","WR","L 16-19",14.8,0,0,0,0,0,0,2,21,0,9,0,0,0,4.1,0,0,"Hou","Home",78.5,"12/19/23",15
"DeAndre Hopkins","Ten","WR","L 17-20",14.8,0,0,0,0,0,0,2,20,0,4,0,0,0,4,0,0,"Sea","Home",81,"12/26/23",16
"DeAndre Hopkins","Ten","WR","L 3-26",15.1,0,0,0,0,0,0,7,72,0,7,0,0,0,14.2,0,0,"Hou","Away",27,"1/2/24",17
"DeAndre Hopkins","Ten","WR","W 28-20",13.4,0,0,0,0,0,0,7,46,1,10,0,0,0,17.6,0,1,"Jax","Home",14,"1/9/24",18
"DeMario Douglas","NE","WR","L 17-27",11.7,0,0,0,0,0,0,3,33,0,5,0,0,0,6.3,0,0,"KC","Home",60,"12/19/23",15
"DeMario Douglas","NE","WR","W 26-23",10.9,0,0,0,0,0,0,5,74,0,8,0,0,0,12.4,0,0,"Den","Away",32,"12/26/23",16
"DeMario Douglas","NE","WR","L 21-27",11.6,0,0,0,3,12,0,3,31,0,5,0,0,0,7.3,0,0,"Buf","Away",53,"1/2/24",17
"DeMario Douglas","NE","WR","L 3-17",10.7,0,0,0,1,0,0,2,13,0,6,0,0,0,3.3,0,0,"NYJ","Home",84,"1/9/24",18
"DeVante Parker","NE","WR","L 17-24",7.7,0,0,0,0,0,0,6,57,0,8,0,0,0,11.7,0,0,"Mia","Home",46,"9/19/23",2
"DeVante Parker","NE","WR","W 15-10",9.9,0,0,0,0,0,0,2,19,0,3,0,0,0,3.9,0,0,"NYJ","Away",85,"9/26/23",3
"DeVante Parker","NE","WR","L 3-38",10.1,0,0,0,0,0,0,2,33,0,4,0,0,0,5.3,0,0,"Dal","Away",69.5,"10/3/23",4
"DeVante Parker","NE","WR","L 0-34",8.3,0,0,0,0,0,0,2,20,0,4,0,0,0,4,0,0,"NO","Home",67.5,"10/10/23",5
"DeVante Parker","NE","WR","L 17-21",8.3,0,0,0,0,0,0,1,7,0,3,0,0,0,1.7,0,0,"LV","Away",92,"10/17/23",6
"DeVante Parker","NE","WR","W 29-25",6.9,0,0,0,0,0,0,1,8,0,1,0,0,0,1.8,0,0,"Buf","Home",84,"10/24/23",7
"DeVante Parker","NE","WR","L 17-31",6.6,0,0,0,0,0,0,1,14,0,2,0,0,0,2.4,0,0,"Mia","Away",96.5,"10/31/23",8
"DeVante Parker","NE","WR","L 7-10",6.1,0,0,0,0,0,0,3,42,0,5,0,0,0,7.2,0,0,"NYG","Away",58.5,"11/28/23",12
"DeVante Parker","NE","WR","L 0-6",8.3,0,0,0,0,0,0,4,64,0,9,0,0,0,10.4,0,0,"LAC","Home",35,"12/5/23",13
"DeVante Parker","NE","WR","L 17-27",8.6,0,0,0,0,0,0,5,44,0,5,0,0,0,9.4,0,0,"KC","Home",40.5,"12/19/23",15
"DeVante Parker","NE","WR","W 26-23",8.6,0,0,0,0,0,0,4,65,0,5,0,0,0,10.5,0,0,"Den","Away",39.5,"12/26/23",16
"DeVante Parker","NE","WR","L 21-27",9,0,0,0,0,0,0,1,15,0,2,0,0,0,2.5,0,0,"Buf","Away",87,"1/2/24",17
"DeVante Parker","NE","WR","L 3-17",6.7,0,0,0,0,0,0,1,6,0,4,0,0,0,1.6,0,0,"NYJ","Home",104,"1/9/24",18
"DeVonta Smith","Phi","WR","W 25-20",14,0,0,0,0,0,0,7,47,1,10,0,0,0,17.7,0,0,"NE","Away",16.5,"9/12/23",1
"DeVonta Smith","Phi","WR","W 34-28",15,0,0,0,0,0,0,4,131,1,5,0,0,0,23.1,0,0,"Min","Home",10,"9/19/23",2
"DeVonta Smith","Phi","WR","W 25-11",15.2,0,0,0,0,0,0,4,28,0,5,0,0,0,6.8,0,0,"TB","Away",69,"9/26/23",3
"DeVonta Smith","Phi","WR","W 34-31",14.4,0,0,0,0,0,0,7,78,0,9,0,0,0,14.8,0,0,"Wsh","Home",24.5,"10/3/23",4
"DeVonta Smith","Phi","WR","W 23-14",15.1,0,0,0,0,0,0,1,6,0,5,0,0,0,1.6,0,0,"LAR","Away",98.5,"10/10/23",5
"DeVonta Smith","Phi","WR","L 14-20",14.3,0,0,0,0,0,0,5,44,0,11,0,0,0,9.4,0,0,"NYJ","Away",40.5,"10/17/23",6
"DeVonta Smith","Phi","WR","W 31-17",14.7,0,0,0,0,0,0,4,49,0,5,0,0,0,8.9,0,0,"Mia","Home",44,"10/24/23",7
"DeVonta Smith","Phi","WR","W 38-31",12.9,0,0,0,0,0,0,7,99,1,7,0,0,0,22.9,0,0,"Wsh","Away",10,"10/31/23",8
"DeVonta Smith","Phi","WR","W 28-23",13.4,0,0,0,0,0,0,3,51,1,3,0,0,0,14.1,0,0,"Dal","Home",15,"11/7/23",9
"DeVonta Smith","Phi","WR","W 21-17",13.4,0,0,0,0,0,0,6,99,0,8,0,0,0,15.9,0,0,"KC","Away",18.5,"11/21/23",11
"DeVonta Smith","Phi","WR","W 37-34",12.8,0,0,0,0,0,0,7,106,1,8,0,0,0,23.6,0,0,"Buf","Home",4,"11/28/23",12
"DeVonta Smith","Phi","WR","L 19-42",13.3,0,0,0,0,0,0,9,96,1,11,0,0,0,24.6,0,0,"SF","Home",10,"12/5/23",13
"DeVonta Smith","Phi","WR","L 13-33",13.7,0,0,0,0,0,0,5,73,0,10,0,1,0,10.3,0,0,"Dal","Away",33.5,"12/12/23",14
"DeVonta Smith","Phi","WR","L 17-20",13.3,0,0,0,0,0,0,5,50,0,5,0,0,0,10,0,0,"Sea","Away",39,"12/19/23",15
"DeVonta Smith","Phi","WR","W 33-25",12.1,0,0,0,0,0,0,4,79,1,5,0,0,0,17.9,0,0,"NYG","Home",19.5,"12/26/23",16
"DeVonta Smith","Phi","WR","L 31-35",12.7,0,0,0,0,0,0,3,30,0,5,0,0,0,6,0,0,"Ari","Home",60.5,"1/2/24",17
"Dee Eskridge","Sea","WR","W 24-20",0,0,0,0,1,-5,0,0,0,0,0,0,0,0,-0.5,0,0,"Cle","Home",164.5,"10/31/23",8
"Dee Eskridge","Sea","WR","L 3-37",0.2,0,0,0,0,0,0,0,0,0,0,0,0,0,0,0,0,"Bal","Away",126.5,"11/7/23",9
"Dee Eskridge","Sea","WR","L 16-17",0,0,0,0,0,0,0,0,0,0,1,0,0,0,0,0,0,"LAR","Away",126,"11/21/23",11
"Dee Eskridge","Sea","WR","L 13-31",0.6,0,0,0,1,10,0,0,0,0,0,0,0,0,1,0,0,"SF","Home",120.5,"11/28/23",12
"DeeJay Dallas","Sea","RB","L 13-30",2.3,0,0,0,2,4,0,1,14,0,1,0,0,0,2.8,0,0,"LAR","Home",57.5,"9/12/23",1
"DeeJay Dallas","Sea","RB","W 37-31",2.2,0,0,0,1,3,0,0,0,0,0,0,0,0,0.3,0,0,"Det","Away",76,"9/19/23",2
"DeeJay Dallas","Sea","RB","W 37-27",2.1,0,0,0,2,7,0,1,-2,0,1,0,0,0,1.5,0,0,"Car","Home",71.5,"9/26/23",3
"DeeJay Dallas","Sea","RB","W 24-3",2.1,0,0,0,0,0,0,0,0,0,1,0,0,0,0,0,0,"NYG","Away",93.5,"10/3/23",4
"DeeJay Dallas","Sea","RB","L 13-17",2.3,0,0,0,0,0,0,1,-1,0,1,0,0,0,0.9,0,0,"Cin","Away",76.5,"10/17/23",6
"DeeJay Dallas","Sea","RB","W 20-10",6.2,0,0,0,0,0,0,1,0,0,1,0,1,0,-1,0,0,"Ari","Home",92,"10/24/23",7
"DeeJay Dallas","Sea","RB","W 24-20",1.3,0,0,0,0,0,0,0,0,0,0,0,0,0,0,0,0,"Cle","Home",97,"10/31/23",8
"DeeJay Dallas","Sea","RB","L 3-37",0.5,0,0,0,0,0,0,0,0,0,0,0,0,0,0,0,0,"Bal","Away",82.5,"11/7/23",9
"DeeJay Dallas","Sea","RB","W 29-26",0.1,0,0,0,0,0,0,0,0,0,0,0,0,0,0,0,0,"Wsh","Home",83,"11/14/23",10
"DeeJay Dallas","Sea","RB","L 16-17",0.1,0,0,0,1,4,0,1,10,0,1,0,0,0,2.4,0,0,"LAR","Away",54.5,"11/21/23",11
"DeeJay Dallas","Sea","RB","L 13-31",4.9,0,0,0,2,10,0,1,5,0,1,0,1,0,0.5,0,0,"SF","Home",75.5,"11/28/23",12
"DeeJay Dallas","Sea","RB","L 35-41",5.3,0,0,0,1,6,0,0,0,0,2,0,0,0,0.6,0,0,"Dal","Away",61.5,"12/5/23",13
"DeeJay Dallas","Sea","RB","L 16-28",0.6,0,0,0,0,0,0,0,0,0,0,0,0,0,0,0,0,"SF","Away",89.5,"12/12/23",14
"DeeJay Dallas","Sea","RB","W 20-17",0.1,0,0,0,0,0,0,0,0,0,0,0,0,0,0,0,0,"Phi","Home",94,"12/19/23",15
"DeeJay Dallas","Sea","RB","W 20-17",0.1,0,0,0,1,2,0,0,0,0,0,0,0,0,0.2,0,0,"Ten","Away",77.5,"12/26/23",16
"DeeJay Dallas","Sea","RB","L 23-30",0.1,0,0,0,0,0,0,0,0,0,0,0,0,0,0,0,0,"Pit","Home",92.5,"1/2/24",17
"DeeJay Dallas","Sea","RB","W 21-20",0.1,0,0,0,0,0,0,0,0,0,0,0,0,0,0,0,0,"Ari","Away",88.5,"1/9/24",18
"Deebo Samuel","SF","WR","W 30-7",14.2,0,0,0,2,8,0,5,55,0,7,0,0,0,11.3,0,0,"Pit","Away",36,"9/12/23",1
"Deebo Samuel","SF","WR","W 30-23",14.3,0,0,0,5,38,1,6,63,0,9,0,0,0,22.1,0,0,"LAR","Away",12,"9/19/23",2
"Deebo Samuel","SF","WR","W 30-12",18.8,0,0,0,1,2,0,6,129,1,12,0,0,0,25.1,0,0,"NYG","Home",8.5,"9/26/23",3
"Deebo Samuel","SF","WR","W 35-16",16.6,0,0,0,3,6,0,0,0,0,0,0,0,0,0.6,0,0,"Ari","Home",123,"10/3/23",4
"Deebo Samuel","SF","WR","W 42-10",15.9,0,0,0,5,30,0,3,55,0,3,0,0,0,11.5,0,0,"Dal","Home",27,"10/10/23",5
"Deebo Samuel","SF","WR","L 17-19",14.4,0,0,0,2,11,0,0,0,0,1,0,0,0,1.1,0,0,"Cle","Away",100,"10/17/23",6
"Deebo Samuel","SF","WR","W 34-3",14.6,0,0,0,3,29,1,4,30,0,4,0,0,0,15.9,0,0,"Jax","Away",17,"11/14/23",10
"Deebo Samuel","SF","WR","W 27-14",15.2,0,0,0,1,-1,0,3,63,0,4,0,0,0,9.2,0,0,"TB","Home",40,"11/21/23",11
"Deebo Samuel","SF","WR","W 31-13",13.9,0,0,0,4,15,1,7,79,0,9,0,0,0,22.4,0,1,"Sea","Away",9.5,"11/28/23",12
"Deebo Samuel","SF","WR","W 42-19",15.7,0,0,0,3,22,1,4,116,2,4,0,0,0,35.8,0,0,"Phi","Away",2,"12/5/23",13
"Deebo Samuel","SF","WR","W 28-16",15.8,0,0,0,1,1,1,7,149,1,9,0,0,0,34,0,0,"Sea","Home",1,"12/12/23",14
"Deebo Samuel","SF","WR","W 45-29",18.3,0,0,0,1,11,0,4,48,2,7,0,0,0,21.9,0,0,"Ari","Away",11,"12/19/23",15
"Deebo Samuel","SF","WR","L 19-33",17.4,0,0,0,2,7,0,4,47,0,12,0,0,0,9.4,0,0,"Bal","Home",45,"12/26/23",16
"Deebo Samuel","SF","WR","W 27-10",17.3,0,0,0,3,35,0,5,37,1,6,0,0,0,18.2,0,0,"Wsh","Away",13,"1/2/24",17
"Deebo Samuel","SF","WR","L 20-21",3.9,0,0,0,1,11,0,2,21,0,2,0,0,0,5.2,0,0,"LAR","Home",64.5,"1/9/24",18
"Demarcus Robinson","LAR","WR","W 30-13",3.6,0,0,0,0,0,0,0,0,0,0,0,0,0,0,0,0,"Sea","Away",135,"9/12/23",1
"Demarcus Robinson","LAR","WR","L 23-30",1.7,0,0,0,0,0,0,0,0,0,0,0,0,0,0,0,0,"SF","Home",145,"9/19/23",2
"Demarcus Robinson","LAR","WR","L 16-19",0.6,0,0,0,0,0,0,0,0,0,0,0,0,0,0,0,0,"Cin","Away",141,"9/26/23",3
"Demarcus Robinson","LAR","WR","W 29-23",0,0,0,0,0,0,0,0,0,0,0,0,0,0,0,0,0,"Ind","Away",143,"10/3/23",4
"Demarcus Robinson","LAR","WR","W 26-9",0,0,0,0,0,0,0,0,0,0,0,0,0,0,0,0,0,"Ari","Home",128,"10/17/23",6
"Demarcus Robinson","LAR","WR","L 17-24",0,0,0,0,0,0,0,0,0,0,0,0,0,0,0,0,0,"Pit","Home",116,"10/24/23",7
"Demarcus Robinson","LAR","WR","L 20-43",0,0,0,0,0,0,0,0,0,0,0,0,0,0,0,0,0,"Dal","Away",138,"10/31/23",8
"Demarcus Robinson","LAR","WR","L 3-20",0,0,0,0,0,0,0,1,15,0,1,0,0,0,2.5,0,0,"GB","Away",83.5,"11/7/23",9
"Demarcus Robinson","LAR","WR","W 17-16",0,0,0,0,0,0,0,2,24,0,2,0,0,0,4.4,0,0,"Sea","Home",68,"11/21/23",11
"Demarcus Robinson","LAR","WR","W 37-14",0.2,0,0,0,0,0,0,2,13,0,2,0,0,0,3.3,0,0,"Ari","Away",92.5,"11/28/23",12
"Demarcus Robinson","LAR","WR","W 36-19",2.7,0,0,0,0,0,0,4,55,1,5,0,0,0,15.5,0,0,"Cle","Home",21,"12/5/23",13
"Demarcus Robinson","LAR","WR","L 31-37",4.4,0,0,0,0,0,0,3,46,1,10,0,0,0,13.6,0,0,"Bal","Away",22,"12/12/23",14
"Demarcus Robinson","LAR","WR","W 28-20",8.2,0,0,0,1,23,0,2,44,1,3,0,0,0,14.7,0,0,"Wsh","Home",26,"12/19/23",15
"Demarcus Robinson","LAR","WR","W 30-22",7.1,0,0,0,0,0,0,6,82,1,6,0,0,0,20.2,0,0,"NO","Home",15,"12/26/23",16
"Demarcus Robinson","LAR","WR","W 26-25",8.8,0,0,0,0,0,0,6,92,0,10,0,1,0,13.2,0,0,"NYG","Away",29,"1/2/24",17
"Demarcus Robinson","LAR","WR","W 21-20",6.8,0,0,0,0,0,0,0,0,0,0,0,0,0,0,0,0,"SF","Away",142.5,"1/9/24",18
"Demario Douglas","NE","WR","L 20-25",6.9,0,0,0,0,0,0,4,40,0,7,0,0,0,8,0,0,"Phi","Home",51,"9/12/23",1
"Demario Douglas","NE","WR","L 17-24",5.7,0,0,0,0,0,0,2,19,0,2,0,1,0,1.9,0,0,"Mia","Home",103,"9/19/23",2
"Demario Douglas","NE","WR","W 15-10",3.8,0,0,0,1,5,0,1,15,0,3,0,0,0,3,0,0,"NYJ","Away",94.5,"9/26/23",3
"Demario Douglas","NE","WR","L 3-38",4,0,0,0,0,0,0,2,45,0,3,0,0,0,6.5,0,0,"Dal","Away",58,"10/3/23",4
"Demario Douglas","NE","WR","L 0-34",5.4,0,0,0,0,0,0,1,24,0,2,0,0,0,3.4,0,0,"NO","Home",72,"10/10/23",5
"Demario Douglas","NE","WR","W 29-25",5.7,0,0,0,1,20,0,4,54,0,6,0,0,0,11.4,0,0,"Buf","Home",30,"10/24/23",7
"Demario Douglas","NE","WR","L 17-31",7.8,0,0,0,1,4,0,5,25,0,7,0,0,0,7.9,0,0,"Mia","Away",57.5,"10/31/23",8
"Demario Douglas","NE","WR","L 17-20",10.5,0,0,0,1,0,0,5,55,0,7,0,0,0,10.5,0,0,"Wsh","Home",27.5,"11/7/23",9
"Demario Douglas","NE","WR","L 6-10",10.9,0,0,0,0,0,0,6,84,0,9,0,0,0,14.4,0,0,"Ind","Home",23.5,"11/14/23",10
"Demario Douglas","NE","WR","L 7-10",11.1,0,0,0,0,0,0,6,49,0,9,0,0,0,10.9,0,0,"NYG","Away",35,"11/28/23",12
"Deneric Prince","KC","RB","L 17-20",0,0,0,0,0,0,0,0,0,0,0,0,0,0,0,0,0,"Buf","Home",89.5,"12/12/23",14
"Deneric Prince","KC","RB","W 27-17",0,0,0,0,0,0,0,0,0,0,0,0,0,0,0,0,0,"NE","Away",94,"12/19/23",15
"Deon Jackson","NYG","RB","W 14-7",0,0,0,0,0,0,0,0,0,0,0,0,0,0,0,0,0,"Wsh","Home",76,"10/24/23",7
"Deon Jackson","NYG","RB","L 6-30",0,0,0,0,1,2,0,0,0,0,0,0,0,0,0.2,0,0,"LV","Away",72,"11/7/23",9
"Deonte Harty","Buf","WR","L 16-22",5.6,0,0,0,1,4,0,3,9,0,4,0,0,0,4.3,0,0,"NYJ","Away",77,"9/12/23",1
"Deonte Harty","Buf","WR","W 38-10",4.7,0,0,0,0,0,0,2,4,0,3,0,0,0,2.4,0,0,"LV","Home",100.5,"9/19/23",2
"Deonte Harty","Buf","WR","W 37-3",3.2,0,0,0,2,-2,0,2,15,0,3,0,0,0,3.3,0,0,"Wsh","Away",90,"9/26/23",3
"Deonte Harty","Buf","WR","W 48-20",4.9,0,0,0,0,0,0,2,10,0,2,0,0,0,3,0,0,"Mia","Home",90.5,"10/3/23",4
"Deonte Harty","Buf","WR","L 20-25",4.2,0,0,0,0,0,0,2,62,0,2,0,0,0,8.2,0,0,"Jax","Home",48,"10/10/23",5
"Deonte Harty","Buf","WR","W 14-9",4.2,0,0,0,0,0,0,1,3,1,1,0,0,0,7.3,0,0,"NYG","Home",50.5,"10/17/23",6
"Deonte Harty","Buf","WR","L 25-29",4.3,0,0,0,0,0,0,1,10,0,1,0,0,0,2,0,0,"NE","Away",83,"10/24/23",7
"Deonte Harty","Buf","WR","W 24-18",5.1,0,0,0,0,0,0,0,0,0,0,0,0,0,0,0,0,"TB","Home",138,"10/31/23",8
"Deonte Harty","Buf","WR","L 18-24",1.6,0,0,0,0,0,0,0,0,0,1,0,0,0,0,0,0,"Cin","Away",126.5,"11/7/23",9
"Deonte Harty","Buf","WR","L 22-24",2,0,0,0,0,0,0,0,0,0,1,0,0,0,0,0,0,"Den","Home",123.5,"11/14/23",10
"Deonte Harty","Buf","WR","W 32-6",2.2,0,0,0,1,-2,0,0,0,0,1,0,0,0,-0.2,0,0,"NYJ","Home",148,"11/21/23",11
"Deonte Harty","Buf","WR","W 20-17",0,0,0,0,0,0,0,1,25,0,1,0,0,0,3.5,0,0,"KC","Away",79.5,"12/12/23",14
"Deonte Harty","Buf","WR","W 31-10",0.7,0,0,0,0,0,0,0,0,0,0,0,0,0,0,0,0,"Dal","Home",140,"12/19/23",15
"Deonte Harty","Buf","WR","W 24-22",0.6,0,0,0,0,0,0,0,0,0,0,0,1,0,-2,0,0,"LAC","Away",167.5,"12/26/23",16
"Deonte Harty","Buf","WR","W 27-21",0.6,0,0,0,0,0,0,0,0,0,0,0,0,0,0,0,0,"NE","Home",137.5,"1/2/24",17
"Deonte Harty","Buf","WR","W 21-14",0.1,0,0,0,0,0,0,1,12,0,1,0,0,1,8.2,0,0,"Mia","Away",46,"1/9/24",18
"Derek Carr","NO","QB","W 16-15",14.8,305,1,1,3,4,0,0,0,0,0,0,0,0,14.6,23,33,"Ten","Home",15,"9/12/23",1
"Derek Carr","NO","QB","W 20-17",14.6,228,0,1,3,-4,0,0,0,0,0,0,0,0,6.72,21,36,"Car","Away",33,"9/19/23",2
"Derek Carr","NO","QB","L 17-18",14.3,103,1,0,0,0,0,0,0,0,0,0,0,0,8.12,13,18,"GB","Away",27,"9/26/23",3
"Derek Carr","NO","QB","L 9-26",14.5,127,0,0,2,1,0,0,0,0,0,0,1,0,3.18,23,37,"TB","Home",31,"10/3/23",4
"Derek Carr","NO","QB","W 34-0",13.5,183,2,0,2,4,0,0,0,0,0,0,0,0,15.72,18,26,"NE","Away",15,"10/10/23",5
"Derek Carr","NO","QB","L 13-20",14.6,353,1,1,1,2,0,0,0,0,0,0,0,0,16.32,32,50,"Hou","Away",9,"10/17/23",6
"Derek Carr","NO","QB","L 24-31",14.2,301,1,1,3,14,0,0,0,0,0,0,0,0,17.44,33,55,"Jax","Home",10,"10/24/23",7
"Derek Carr","NO","QB","W 38-27",14.2,310,2,0,1,-1,0,0,0,0,0,0,1,0,18.3,19,27,"Ind","Away",12.5,"10/31/23",8
"Derek Carr","NO","QB","W 24-17",14.5,211,2,0,3,3,0,0,0,0,0,0,0,0,16.74,25,34,"Chi","Home",10,"11/7/23",9
"Derek Carr","NO","QB","L 19-27",13.8,110,0,0,1,10,0,0,0,0,0,0,0,0,5.4,13,18,"Min","Away",30,"11/14/23",10
"Derek Carr","NO","QB","L 15-24",15,304,0,1,2,7,0,0,0,0,0,0,0,0,10.86,24,38,"Atl","Away",21,"11/28/23",12
"Derek Carr","NO","QB","L 28-33",15.8,226,1,1,2,-1,0,0,0,0,0,0,1,0,8.94,17,22,"Det","Home",20,"12/5/23",13
"Derek Carr","NO","QB","W 28-6",14.5,119,2,1,0,0,0,0,0,0,0,0,0,0,10.76,18,26,"Car","Home",21,"12/12/23",14
"Derek Carr","NO","QB","W 24-6",13.1,218,3,0,3,-4,0,0,0,0,0,0,0,0,20.32,23,28,"NYG","Home",7,"12/19/23",15
"Derek Carr","NO","QB","L 22-30",14.2,319,3,1,2,2,0,0,0,0,0,0,0,0,24.96,27,40,"LAR","Away",2,"12/26/23",16
"Derek Carr","NO","QB","W 23-13",14.8,197,2,0,3,-3,0,0,0,0,0,0,0,0,15.58,24,32,"TB","Away",15,"1/2/24",17
"Derek Carr","NO","QB","W 48-17",14.7,264,4,0,1,6,0,0,0,0,0,0,0,0,27.16,22,28,"Atl","Home",1,"1/9/24",18
"Derius Davis","LAC","WR","L 34-36",0.2,0,0,0,0,0,0,1,5,0,1,0,0,0,1.5,0,0,"Mia","Home",101,"9/12/23",1
"Derius Davis","LAC","WR","L 24-27",0.2,0,0,0,1,10,0,0,0,0,0,0,0,0,1,0,0,"Ten","Away",122,"9/19/23",2
"Derius Davis","LAC","WR","W 28-24",0.9,0,0,0,0,0,0,1,3,0,1,0,0,0,1.3,0,0,"Min","Away",114,"9/26/23",3
"Derius Davis","LAC","WR","W 24-17",3.7,0,0,0,3,51,0,2,16,0,2,0,0,0,8.7,0,0,"LV","Home",46,"10/3/23",4
"Derius Davis","LAC","WR","L 17-20",3.9,0,0,0,0,0,0,0,0,0,0,0,0,0,0,0,0,"Dal","Home",128,"10/17/23",6
"Derius Davis","LAC","WR","L 17-31",1.9,0,0,0,3,14,0,1,10,0,2,0,0,0,3.4,0,0,"KC","Away",70.5,"10/24/23",7
"Derius Davis","LAC","WR","W 30-13",3.6,0,0,0,0,0,0,2,4,0,2,0,0,0,2.4,0,0,"Chi","Home",96.5,"10/31/23",8
"Derius Davis","LAC","WR","W 27-6",6.3,0,0,0,0,0,0,1,0,0,1,0,0,1,7,0,0,"NYJ","Away",46.5,"11/7/23",9
"Derius Davis","LAC","WR","L 38-41",4.5,0,0,0,0,0,0,2,7,0,2,0,0,0,2.7,0,0,"Det","Home",80,"11/14/23",10
"Derius Davis","LAC","WR","L 20-23",5.3,0,0,0,0,0,0,1,-3,0,1,0,0,0,0.7,0,0,"GB","Away",104,"11/21/23",11
"Derius Davis","LAC","WR","L 10-20",2.4,0,0,0,2,-1,0,1,2,0,1,0,0,0,1.1,0,0,"Bal","Home",119,"11/28/23",12
"Derius Davis","LAC","WR","W 6-0",2.1,0,0,0,0,0,0,0,0,0,0,0,0,0,0,0,0,"NE","Away",113,"12/5/23",13
"Derius Davis","LAC","WR","L 7-24",0.8,0,0,0,0,0,0,0,0,0,0,0,0,0,0,0,0,"Den","Home",134,"12/12/23",14
"Derius Davis","LAC","WR","L 21-63",1.7,0,0,0,0,0,0,1,-2,0,2,0,1,0,-1.2,0,0,"LV","Away",167,"12/19/23",15
"Derius Davis","LAC","WR","L 22-24",2.9,0,0,0,1,8,0,1,6,0,1,0,0,0,2.4,0,0,"Buf","Home",96,"12/26/23",16
"Derius Davis","LAC","WR","L 9-16",4.9,0,0,0,1,2,0,0,0,0,0,0,0,0,0.2,0,0,"Den","Away",106.5,"1/2/24",17
"Derius Davis","LAC","WR","L 12-13",3.6,0,0,0,3,17,0,1,18,0,1,0,0,0,4.5,0,0,"KC","Home",69.5,"1/9/24",18
"Derrick Gore","Wsh","RB","L 31-34",0,0,0,0,0,0,0,0,0,0,0,0,0,0,0,0,0,"Phi","Away",93.5,"10/3/23",4
"Derrick Gore","Wsh","RB","L 20-40",0,0,0,0,0,0,0,0,0,0,0,0,0,0,0,0,0,"Chi","Home",81,"10/10/23",5
"Derrick Gore","Wsh","RB","L 19-31",0,0,0,0,2,23,0,0,0,0,0,0,0,0,2.3,0,0,"NYG","Home",56,"11/21/23",11
"Derrick Gore","Wsh","RB","L 28-30",0.4,0,0,0,0,0,0,0,0,0,0,0,0,0,0,0,0,"NYJ","Away",92,"12/26/23",16
"Derrick Gore","Wsh","RB","L 10-27",0,0,0,0,0,0,0,0,0,0,0,0,0,0,0,0,0,"SF","Home",92.5,"1/2/24",17
"Derrick Gore","Wsh","RB","L 10-38",0,0,0,0,1,3,0,0,0,0,0,0,0,0,0.3,0,0,"Dal","Home",70.5,"1/9/24",18
"Derrick Henry","Ten","RB","L 15-16",17.1,0,0,0,15,63,0,2,56,0,3,0,0,0,13.9,0,0,"NO","Away",14,"9/12/23",1
"Derrick Henry","Ten","RB","W 27-24",17.8,0,0,0,25,80,1,3,15,0,4,0,0,0,18.5,0,0,"LAC","Home",13,"9/19/23",2
"Derrick Henry","Ten","RB","L 3-27",16.8,0,0,0,11,20,0,0,0,0,0,0,0,0,2,0,0,"Cle","Away",68,"9/26/23",3
"Derrick Henry","Ten","RB","W 27-3",16.9,2,1,0,22,122,1,1,11,0,1,0,0,0,24.38,1,1,"Cin","Home",7,"10/3/23",4
"Derrick Henry","Ten","RB","L 16-23",14.8,0,0,0,13,43,0,3,19,0,3,0,0,0,9.2,0,1,"Ind","Away",27.5,"10/10/23",5
"Derrick Henry","Ten","RB","L 16-24",13.8,0,0,0,12,97,1,2,16,0,2,0,0,0,19.3,0,0,"Bal","Home",5,"10/17/23",6
"Derrick Henry","Ten","RB","W 28-23",13.7,0,0,0,22,101,0,4,21,0,4,0,0,0,16.2,0,0,"Atl","Home",12,"10/31/23",8
"Derrick Henry","Ten","RB","L 16-20",16,0,0,0,17,75,1,3,27,0,4,0,0,0,19.2,0,0,"Pit","Away",6,"11/7/23",9
"Derrick Henry","Ten","RB","L 6-20",16.1,0,0,0,11,24,0,1,-4,0,1,0,0,0,3,0,0,"TB","Away",48.5,"11/14/23",10
"Derrick Henry","Ten","RB","L 14-34",14,0,0,0,10,38,0,1,6,0,2,0,0,0,5.4,0,0,"Jax","Away",38,"11/21/23",11
"Derrick Henry","Ten","RB","W 17-10",14.8,0,0,0,18,76,2,1,0,0,2,0,0,0,20.6,0,0,"Car","Home",10,"11/28/23",12
"Derrick Henry","Ten","RB","L 28-31",15.1,0,0,0,21,102,2,1,18,0,2,0,0,0,25,0,0,"Ind","Home",4,"12/5/23",13
"Derrick Henry","Ten","RB","W 28-27",13.5,0,0,0,17,34,2,1,17,0,2,0,0,0,18.1,0,0,"Mia","Away",11.5,"12/12/23",14
"Derrick Henry","Ten","RB","L 16-19",15.2,0,0,0,16,9,0,4,1,0,4,0,0,0,5,0,0,"Hou","Home",46.5,"12/19/23",15
"Derrick Henry","Ten","RB","L 17-20",15.3,12,1,0,19,88,1,1,11,0,1,0,0,0,21.38,1,1,"Sea","Home",5,"12/26/23",16
"Derrick Henry","Ten","RB","L 3-26",13.4,0,0,0,12,42,0,0,0,0,1,0,0,0,4.2,0,0,"Hou","Away",56.5,"1/2/24",17
"Derrick Henry","Ten","RB","W 28-20",12.6,0,0,0,19,153,1,0,0,0,0,0,0,0,21.3,0,0,"Jax","Home",9,"1/9/24",18
"Deshaun Watson","Cle","QB","W 24-3",18.5,154,1,1,5,45,1,0,0,0,0,0,0,0,20.66,16,29,"Cin","Home",6,"9/12/23",1
"Deshaun Watson","Cle","QB","L 22-26",17,235,1,1,6,22,0,0,0,0,0,0,2,0,11.6,22,40,"Pit","Away",27,"9/19/23",2
"Deshaun Watson","Cle","QB","W 27-3",17.4,289,2,0,4,16,0,0,0,0,0,0,0,0,21.16,27,33,"Ten","Home",9,"9/26/23",3
"Deshaun Watson","Cle","QB","W 39-38",16.3,5,0,1,0,0,0,0,0,0,0,0,0,0,-1.8,1,5,"Ind","Away",31,"10/24/23",7
"Deshaun Watson","Cle","QB","W 27-0",15.4,219,2,0,3,22,0,0,0,0,0,0,0,0,18.96,19,30,"Ari","Home",8,"11/7/23",9
"Deshaun Watson","Cle","QB","W 33-31",13.3,213,1,1,8,37,0,0,0,0,0,0,0,0,16.22,20,34,"Bal","Away",14,"11/14/23",10
"Desmond Ridder","Atl","QB","W 24-10",12.8,115,1,0,1,-1,0,1,-6,0,1,0,0,0,8.9,15,18,"Car","Home",24,"9/12/23",1
"Desmond Ridder","Atl","QB","W 25-24",12.4,237,1,1,10,39,1,0,0,0,0,0,0,0,21.38,19,32,"GB","Home",12,"9/19/23",2
"Desmond Ridder","Atl","QB","L 6-20",14.3,201,0,0,2,3,0,0,0,0,0,0,1,0,6.34,21,38,"Det","Away",30,"9/26/23",3
"Desmond Ridder","Atl","QB","L 7-23",13.4,191,1,2,1,6,0,0,0,0,0,0,1,0,6.24,19,31,"Jax","Away",27,"10/3/23",4
"Desmond Ridder","Atl","QB","W 21-19",13.4,329,1,0,4,10,1,0,0,0,0,0,0,0,26.16,28,37,"Hou","Home",5,"10/10/23",5
"Desmond Ridder","Atl","QB","L 16-24",14.6,307,2,3,2,18,0,0,0,0,0,0,0,0,16.08,28,47,"Wsh","Home",10,"10/17/23",6
"Desmond Ridder","Atl","QB","W 16-13",13.3,250,0,0,6,38,1,0,0,0,0,0,3,0,13.8,19,25,"TB","Away",17,"10/24/23",7
"Desmond Ridder","Atl","QB","L 23-28",13.9,71,0,0,3,26,0,0,0,0,0,0,1,0,3.44,8,12,"Ten","Away",35,"10/31/23",8
"Desmond Ridder","Atl","QB","L 28-31",0,0,0,0,0,0,0,0,0,0,0,0,0,0,0,0,0,"Min","Home",30.5,"11/7/23",9
"Desmond Ridder","Atl","QB","L 23-25",0,39,0,0,3,11,1,0,0,0,0,0,0,0,8.66,4,6,"Ari","Away",22,"11/14/23",10
"Desmond Ridder","Atl","QB","W 24-15",13.6,168,1,2,7,30,0,0,0,0,0,0,0,0,9.72,13,21,"NO","Home",25,"11/28/23",12
"Desmond Ridder","Atl","QB","W 13-8",12.4,121,1,0,3,0,0,0,0,0,0,0,0,0,8.84,12,27,"NYJ","Away",21,"12/5/23",13
"Desmond Ridder","Atl","QB","L 25-29",13.5,347,1,1,4,15,1,0,0,0,0,0,0,0,25.38,26,40,"TB","Home",2,"12/12/23",14
"Desmond Ridder","Atl","QB","L 7-9",12.7,152,1,1,5,-2,0,0,0,0,0,0,0,0,7.88,12,20,"Car","Away",30,"12/19/23",15
"Desmond Ridder","Atl","QB","L 17-37",0,17,0,1,0,0,0,0,0,0,0,0,0,0,-1.32,3,4,"Chi","Away",41,"1/2/24",17
"Desmond Ridder","Atl","QB","L 17-48",12.4,291,2,1,2,0,0,0,0,0,0,0,1,0,15.64,22,30,"NO","Away",17,"1/9/24",18
"Deuce Vaughn","Dal","RB","W 40-0",3.3,0,0,0,6,8,0,0,0,0,0,0,0,0,0.8,0,0,"NYG","Away",77.5,"9/12/23",1
"Deuce Vaughn","Dal","RB","W 30-10",1.2,0,0,0,3,16,0,3,16,0,3,0,0,0,6.2,0,0,"NYJ","Home",39,"9/19/23",2
"Deuce Vaughn","Dal","RB","L 16-28",3.6,0,0,0,0,0,0,0,0,0,0,0,0,0,0,0,0,"Ari","Away",95.5,"9/26/23",3
"Deuce Vaughn","Dal","RB","W 38-3",2,0,0,0,8,9,0,1,2,0,1,0,0,0,2.1,0,0,"NE","Home",68,"10/3/23",4
"Deuce Vaughn","Dal","RB","L 10-42",2.2,0,0,0,3,7,0,1,1,0,1,0,0,0,1.8,0,0,"SF","Away",56.5,"10/10/23",5
"Deuce Vaughn","Dal","RB","W 49-17",0.1,0,0,0,1,-2,0,1,11,0,1,0,0,0,1.9,0,0,"NYG","Home",55,"11/14/23",10
"Deuce Vaughn","Dal","RB","W 20-19",2.8,0,0,0,2,2,0,1,10,0,1,0,0,0,2.2,0,0,"Det","Home",67.5,"1/2/24",17
"Deven Thompkins","TB","WR","W 20-17",3.9,0,0,0,0,0,0,2,10,0,3,0,0,0,3,0,0,"Min","Away",88.5,"9/12/23",1
"Deven Thompkins","TB","WR","W 27-17",3.2,0,0,0,1,11,0,0,0,0,0,0,0,0,1.1,0,0,"Chi","Home",121,"9/19/23",2
"Deven Thompkins","TB","WR","L 11-25",3.3,0,0,0,0,0,0,2,6,0,4,0,0,0,2.6,0,0,"Phi","Home",96.5,"9/26/23",3
"Deven Thompkins","TB","WR","W 26-9",4.6,0,0,0,1,11,0,4,45,1,4,0,0,0,15.6,0,0,"NO","Away",18,"10/3/23",4
"Deven Thompkins","TB","WR","L 6-20",5.2,0,0,0,1,5,0,2,-2,0,4,0,0,0,2.3,0,0,"Det","Home",87.5,"10/17/23",6
"Deven Thompkins","TB","WR","L 13-16",5.8,0,0,0,0,0,0,3,14,0,3,0,1,0,2.4,0,0,"Atl","Home",80,"10/24/23",7
"Deven Thompkins","TB","WR","L 18-24",5.4,0,0,0,0,0,0,0,0,0,0,0,0,0,0,0,0,"Buf","Away",138,"10/31/23",8
"Deven Thompkins","TB","WR","L 37-39",3.7,0,0,0,0,0,0,0,0,0,0,0,0,0,0,0,0,"Hou","Away",126.5,"11/7/23",9
"Deven Thompkins","TB","WR","W 20-6",2.1,0,0,0,1,6,0,1,5,0,2,0,0,0,2.1,0,0,"Ten","Home",90,"11/14/23",10
"Deven Thompkins","TB","WR","L 14-27",3.2,0,0,0,1,17,0,0,0,0,1,0,0,0,1.7,0,0,"SF","Away",94.5,"11/21/23",11
"Deven Thompkins","TB","WR","L 20-27",4.3,0,0,0,0,0,0,0,0,0,0,0,0,0,0,0,0,"Ind","Away",149,"11/28/23",12
"Deven Thompkins","TB","WR","W 21-18",3.6,0,0,0,2,7,0,1,4,0,1,0,0,0,2.1,0,0,"Car","Home",76,"12/5/23",13
"Deven Thompkins","TB","WR","W 29-25",2.7,0,0,0,0,0,0,0,0,0,0,0,0,0,0,0,0,"Atl","Away",134,"12/12/23",14
"Deven Thompkins","TB","WR","W 34-20",2.3,0,0,0,1,-1,0,0,0,0,0,0,0,0,-0.1,0,0,"GB","Away",166,"12/19/23",15
"Deven Thompkins","TB","WR","W 30-12",1.1,0,0,0,0,0,0,0,0,0,0,0,0,0,0,0,0,"Jax","Home",144.5,"12/26/23",16
"Deven Thompkins","TB","WR","L 13-23",1.1,0,0,0,0,0,0,1,0,0,2,0,0,0,1,0,0,"NO","Home",105,"1/2/24",17
"Deven Thompkins","TB","WR","W 9-0",1.6,0,0,0,0,0,0,1,1,0,1,0,0,0,1.1,0,0,"Car","Away",117.5,"1/9/24",18
"Devin Duvernay","Bal","WR","W 25-9",1.2,0,0,0,0,0,0,0,0,0,0,0,0,0,0,0,0,"Hou","Home",135,"9/12/23",1
"Devin Duvernay","Bal","WR","W 27-24",0.2,0,0,0,3,15,0,0,0,0,3,0,0,0,1.5,0,0,"Cin","Away",113,"9/19/23",2
"Devin Duvernay","Bal","WR","L 19-22",3.1,0,0,0,0,0,0,0,0,0,1,0,0,0,0,0,0,"Ind","Home",141,"9/26/23",3
"Devin Duvernay","Bal","WR","W 28-3",6.1,0,0,0,0,0,0,2,8,0,2,0,0,0,2.8,0,0,"Cle","Away",94,"10/3/23",4
"Devin Duvernay","Bal","WR","L 10-17",0.6,0,0,0,0,0,0,0,0,0,1,0,0,0,0,0,0,"Pit","Away",124.5,"10/10/23",5
"Devin Duvernay","Bal","WR","W 24-16",0.7,0,0,0,0,0,0,0,0,0,0,0,0,0,0,0,0,"Ten","Away",128,"10/17/23",6
"Devin Duvernay","Bal","WR","W 38-6",0.7,0,0,0,0,0,0,0,0,0,0,0,0,0,0,0,0,"Det","Home",116,"10/24/23",7
"Devin Duvernay","Bal","WR","W 31-24",0.7,0,0,0,0,0,0,0,0,0,0,0,0,0,0,0,0,"Ari","Away",138,"10/31/23",8
"Devin Duvernay","Bal","WR","W 37-3",0.7,0,0,0,0,0,0,2,10,0,2,0,0,0,3,0,0,"Sea","Home",81,"11/7/23",9
"Devin Duvernay","Bal","WR","L 31-33",1.1,0,0,0,0,0,0,0,0,0,0,0,0,0,0,0,0,"Cle","Home",123.5,"11/14/23",10
"Devin Duvernay","Bal","WR","W 34-20",0.7,0,0,0,0,0,0,0,0,0,0,0,0,0,0,0,0,"Cin","Home",126,"11/21/23",11
"Devin Duvernay","Bal","WR","W 20-10",0.2,0,0,0,1,0,0,0,0,0,0,0,0,0,0,0,0,"LAC","Away",149,"11/28/23",12
"Devin Duvernay","Bal","WR","W 37-31",0.2,0,0,0,0,0,0,0,0,0,0,0,0,0,0,0,0,"LAR","Home",134,"12/12/23",14
"Devin Singletary","Hou","RB","L 9-25",7.5,0,0,0,7,15,0,0,0,0,0,0,0,0,1.5,0,0,"Bal","Away",70,"9/12/23",1
"Devin Singletary","Hou","RB","L 20-31",7.7,0,0,0,4,14,0,1,10,0,1,0,0,0,3.4,0,0,"Ind","Home",54,"9/19/23",2
"Devin Singletary","Hou","RB","W 37-17",5.7,0,0,0,9,41,0,2,4,0,2,0,0,0,6.5,0,0,"Jax","Away",38.5,"9/26/23",3
"Devin Singletary","Hou","RB","W 30-6",6.7,6,1,0,7,25,0,1,11,0,1,0,0,0,8.84,1,1,"Pit","Home",28,"10/3/23",4
"Devin Singletary","Hou","RB","L 19-21",6.4,0,0,0,0,0,0,0,0,0,1,0,0,0,0,0,0,"Atl","Away",81,"10/10/23",5
"Devin Singletary","Hou","RB","W 20-13",5,0,0,0,12,58,0,1,4,0,2,0,0,0,7.2,0,0,"NO","Home",31.5,"10/17/23",6
"Devin Singletary","Hou","RB","L 13-15",8.8,0,0,0,10,30,0,2,13,0,2,0,0,0,6.3,0,0,"Car","Away",42,"10/31/23",8
"Devin Singletary","Hou","RB","W 39-37",11,0,0,0,13,26,0,2,0,0,2,0,0,0,4.6,0,0,"TB","Home",40,"11/7/23",9
"Devin Singletary","Hou","RB","W 30-27",12.1,0,0,0,30,150,1,1,11,0,2,0,0,0,23.1,0,0,"Cin","Away",3,"11/14/23",10
"Devin Singletary","Hou","RB","W 21-16",13.7,0,0,0,22,112,1,2,6,0,2,0,0,0,19.8,0,0,"Ari","Home",8,"11/21/23",11
"Devin Singletary","Hou","RB","L 21-24",10.1,0,0,0,6,18,0,6,54,0,7,0,0,0,13.2,0,0,"Jax","Home",18,"11/28/23",12
"Devin Singletary","Hou","RB","W 22-17",11.1,0,0,0,8,36,0,1,4,0,1,0,0,0,5,0,0,"Den","Home",33,"12/5/23",13
"Devin Singletary","Hou","RB","L 6-30",9,0,0,0,13,65,1,0,0,0,3,0,0,0,12.5,0,0,"NYJ","Away",22,"12/12/23",14
"Devin Singletary","Hou","RB","W 19-16",9.7,0,0,0,26,121,0,4,49,0,5,0,0,0,21,0,0,"Ten","Away",7,"12/19/23",15
"Devin Singletary","Hou","RB","L 22-36",13.3,0,0,0,9,44,0,3,19,0,3,0,0,0,9.3,0,0,"Cle","Home",33.5,"12/26/23",16
"Devin Singletary","Hou","RB","W 26-3",12.7,0,0,0,16,80,0,3,6,0,3,0,0,0,11.6,0,0,"Ten","Home",24,"1/2/24",17
"Devin Singletary","Hou","RB","W 23-19",12.9,0,0,0,24,63,1,1,2,0,1,0,0,0,13.5,0,0,"Ind","Away",17,"1/9/24",18
"Devine Ozigbo","Det","RB","W 20-6",0,0,0,0,3,5,0,1,8,0,1,0,0,0,2.3,0,0,"TB","Away",58.5,"10/17/23",6
"Devine Ozigbo","Det","RB","L 6-38",1.6,0,0,0,0,0,0,0,0,0,0,0,0,0,0,0,0,"Bal","Away",76,"10/24/23",7
"Devine Ozigbo","Det","RB","W 26-14",0,0,0,0,0,0,0,0,0,0,0,0,0,0,0,0,0,"LV","Home",97,"10/31/23",8
"Devon Allen","Phi","WR","W 25-11",0,0,0,0,0,0,0,0,0,0,0,0,0,0,0,0,0,"TB","Away",141,"9/26/23",3
"Devon Allen","Phi","WR","L 14-20",0,0,0,0,0,0,0,0,0,0,0,0,0,0,0,0,0,"NYJ","Away",128,"10/17/23",6
"Diontae Johnson","Pit","WR","L 7-30",13.2,0,0,0,0,0,0,3,48,0,6,0,0,0,7.8,0,0,"SF","Home",52,"9/12/23",1
"Diontae Johnson","Pit","WR","W 26-22",0,0,0,0,0,0,0,0,0,0,0,0,0,0,0,0,0,"Cle","Home",145,"9/19/23",2
"Diontae Johnson","Pit","WR","W 24-17",12.6,0,0,0,0,0,0,5,79,0,6,0,0,0,12.9,0,0,"LAR","Away",23,"10/24/23",7
"Diontae Johnson","Pit","WR","L 10-20",12.7,0,0,0,0,0,0,8,85,0,14,0,0,0,16.5,0,0,"Jax","Home",20,"10/31/23",8
"Diontae Johnson","Pit","WR","W 20-16",13.9,0,0,0,0,0,0,7,90,1,9,0,0,0,22,0,0,"Ten","Home",6,"11/7/23",9
"Diontae Johnson","Pit","WR","W 23-19",13.4,0,0,0,0,0,0,1,17,0,4,0,0,0,2.7,0,0,"GB","Home",80,"11/14/23",10
"Diontae Johnson","Pit","WR","L 10-13",11.7,0,0,0,0,0,0,2,16,0,8,0,0,0,3.6,0,0,"Cle","Away",73,"11/21/23",11
"Diontae Johnson","Pit","WR","W 16-10",11.6,0,0,0,0,0,0,4,50,0,8,0,0,0,9,0,0,"Cin","Away",46.5,"11/28/23",12
"Diontae Johnson","Pit","WR","L 10-24",11.9,0,0,0,0,0,0,4,33,1,5,0,0,0,13.3,0,0,"Ari","Home",24,"12/5/23",13
"Diontae Johnson","Pit","WR","L 18-21",10.7,0,0,0,0,0,0,3,57,1,7,0,0,0,14.7,0,0,"NE","Home",18,"12/12/23",14
"Diontae Johnson","Pit","WR","L 13-30",11.1,0,0,0,0,0,0,4,62,1,6,0,0,0,16.2,0,0,"Ind","Away",18,"12/19/23",15
"Diontae Johnson","Pit","WR","W 34-11",11.1,0,0,0,0,0,0,2,15,0,5,0,0,0,3.5,0,0,"Cin","Home",84,"12/26/23",16
"Diontae Johnson","Pit","WR","W 30-23",11.2,0,0,0,0,0,0,4,76,0,4,0,0,0,11.6,0,0,"Sea","Away",32.5,"1/2/24",17
"Diontae Johnson","Pit","WR","W 17-10",9.6,0,0,0,0,0,0,4,89,1,5,0,0,0,18.9,0,0,"Bal","Away",13,"1/9/24",18
"Donald Parham Jr.","LAC","TE","L 34-36",3.3,0,0,0,0,0,0,3,22,1,3,0,0,0,11.2,0,0,"Mia","Home",4,"9/12/23",1
"Donald Parham Jr.","LAC","TE","L 24-27",4.7,0,0,0,0,0,0,1,7,0,2,0,0,0,1.7,0,0,"Ten","Away",50,"9/19/23",2
"Donald Parham Jr.","LAC","TE","W 28-24",4.9,0,0,0,0,0,0,2,4,2,2,0,0,0,14.4,0,0,"Min","Away",5,"9/26/23",3
"Donald Parham Jr.","LAC","TE","W 24-17",5.1,0,0,0,0,0,0,0,0,0,1,0,0,0,0,0,0,"LV","Home",79.5,"10/3/23",4
"Donald Parham Jr.","LAC","TE","L 17-20",2.8,0,0,0,0,0,0,2,19,0,3,0,0,0,3.9,0,0,"Dal","Home",26.5,"10/17/23",6
"Donald Parham Jr.","LAC","TE","L 17-31",4.3,0,0,0,0,0,0,1,9,0,3,0,0,0,1.9,0,0,"KC","Away",33,"10/24/23",7
"Donald Parham Jr.","LAC","TE","W 30-13",7.4,0,0,0,0,0,0,4,43,1,5,0,0,0,14.3,0,0,"Chi","Home",12,"10/31/23",8
"Donald Parham Jr.","LAC","TE","W 27-6",4.7,0,0,0,0,0,0,0,0,0,2,0,0,0,0,0,0,"NYJ","Away",68,"11/7/23",9
"Donald Parham Jr.","LAC","TE","L 38-41",5.5,0,0,0,0,0,0,2,18,0,2,0,0,0,3.8,0,0,"Det","Home",29,"11/14/23",10
"Donald Parham Jr.","LAC","TE","L 20-23",8.1,0,0,0,0,0,0,4,57,0,6,0,0,0,9.7,0,0,"GB","Away",9,"11/21/23",11
"Donald Parham Jr.","LAC","TE","L 10-20",4.7,0,0,0,0,0,0,0,0,0,0,0,0,0,0,0,0,"Bal","Home",78,"11/28/23",12
"Donald Parham Jr.","LAC","TE","W 6-0",4,0,0,0,0,0,0,2,12,0,4,0,0,0,3.2,0,0,"NE","Away",28,"12/5/23",13
"Donald Parham Jr.","LAC","TE","L 7-24",4.8,0,0,0,0,0,0,1,11,0,2,0,0,0,2.1,0,0,"Den","Home",44,"12/12/23",14
"Donald Parham Jr.","LAC","TE","L 12-13",0,0,0,0,0,0,0,5,83,0,6,0,0,0,13.3,0,0,"KC","Home",5,"1/9/24",18
"Donovan Peoples-Jones","Cle","WR","W 24-3",7,0,0,0,0,0,0,1,12,0,2,0,0,0,2.2,0,0,"Cin","Home",93,"9/12/23",1
"Donovan Peoples-Jones","Cle","WR","L 22-26",9.6,0,0,0,0,0,0,1,7,0,4,0,0,0,1.7,0,0,"Pit","Away",107.5,"9/19/23",2
"Donovan Peoples-Jones","Cle","WR","W 27-3",5.4,0,0,0,0,0,0,3,49,0,4,0,0,0,7.9,0,0,"Ten","Home",59.5,"9/26/23",3
"Donovan Peoples-Jones","Cle","WR","L 3-28",5,0,0,0,0,0,0,1,7,0,4,0,0,0,1.7,0,0,"Bal","Home",110.5,"10/3/23",4
"Donovan Peoples-Jones","Cle","WR","W 19-17",6.6,0,0,0,0,0,0,0,0,0,1,0,0,0,0,0,0,"SF","Home",128,"10/17/23",6
"Donovan Peoples-Jones","Det","WR","L 6-38",5.5,0,0,0,0,0,0,2,22,0,3,0,0,0,4.2,0,0,"Bal","Away",63.5,"10/24/23",7
"Donovan Peoples-Jones","Det","WR","W 26-14",4,0,0,0,0,0,0,0,0,0,0,0,0,0,0,0,0,"LV","Home",138,"10/31/23",8
"Donovan Peoples-Jones","Det","WR","W 31-26",2.3,0,0,0,0,0,0,0,0,0,1,0,0,0,0,0,0,"Chi","Home",126,"11/21/23",11
"Donovan Peoples-Jones","Det","WR","L 22-29",2.2,0,0,0,0,0,0,0,0,0,0,0,0,0,0,0,0,"GB","Home",149,"11/28/23",12
"Donovan Peoples-Jones","Det","WR","W 33-28",1.1,0,0,0,0,0,0,0,0,0,1,0,0,0,0,0,0,"NO","Away",113,"12/5/23",13
"Donovan Peoples-Jones","Det","WR","L 13-28",1.6,0,0,0,0,0,0,1,17,0,1,0,0,0,2.7,0,0,"Chi","Away",90,"12/12/23",14
"Donovan Peoples-Jones","Det","WR","W 42-17",1.6,0,0,0,0,0,0,1,5,0,1,0,0,0,1.5,0,0,"Den","Home",106,"12/19/23",15
"Donovan Peoples-Jones","Det","WR","W 30-24",1.1,0,0,0,0,0,0,1,11,0,1,0,0,0,2.1,0,0,"Min","Away",101,"12/26/23",16
"Donovan Peoples-Jones","Det","WR","L 19-20",1.1,0,0,0,0,0,0,0,0,0,0,0,0,0,0,0,0,"Dal","Away",137.5,"1/2/24",17
"Donovan Peoples-Jones","Det","WR","W 30-20",1,0,0,0,0,0,0,2,25,0,2,0,0,0,4.5,0,0,"Min","Home",69.5,"1/9/24",18
"Dontayvion Wicks","GB","WR","W 38-20",4.8,0,0,0,0,0,0,0,0,0,2,0,0,0,0,0,0,"Chi","Away",135,"9/12/23",1
"Dontayvion Wicks","GB","WR","L 24-25",7.1,0,0,0,0,0,0,2,40,1,4,0,0,0,12,0,0,"Atl","Away",45,"9/19/23",2
"Dontayvion Wicks","GB","WR","W 18-17",6.8,0,0,0,0,0,0,4,45,0,6,0,0,0,8.5,0,0,"NO","Home",53.5,"9/26/23",3
"Dontayvion Wicks","GB","WR","L 20-34",4.4,0,0,0,0,0,0,0,0,0,1,0,0,0,0,0,0,"Det","Home",143,"10/3/23",4
"Dontayvion Wicks","GB","WR","L 13-17",3.9,0,0,0,0,0,0,1,10,0,1,0,0,0,2,0,0,"LV","Away",90,"10/10/23",5
"Dontayvion Wicks","GB","WR","L 17-19",3.2,14,0,0,1,1,0,1,17,0,1,0,0,0,3.36,1,1,"Den","Away",72,"10/24/23",7
"Dontayvion Wicks","GB","WR","L 10-24",2.6,0,0,0,0,0,0,2,28,0,4,0,0,0,4.8,0,0,"Min","Home",83,"10/31/23",8
"Dontayvion Wicks","GB","WR","W 20-3",3.4,0,0,0,0,0,0,4,49,0,4,0,1,0,6.9,0,0,"LAR","Home",48,"11/7/23",9
"Dontayvion Wicks","GB","WR","L 19-23",4.9,0,0,0,0,0,0,3,51,0,4,0,0,0,8.1,0,0,"Pit","Away",41,"11/14/23",10
"Dontayvion Wicks","GB","WR","W 23-20",5.8,0,0,0,0,0,0,3,91,0,5,0,0,0,12.1,0,0,"LAC","Home",27,"11/21/23",11
"Dontayvion Wicks","GB","WR","W 27-19",8.3,0,0,0,0,0,0,3,43,0,4,0,0,0,7.3,0,0,"KC","Home",44.5,"12/5/23",13
"Dontayvion Wicks","GB","WR","L 22-24",8.4,0,0,0,0,0,0,2,20,0,6,0,0,0,4,0,0,"NYG","Away",76,"12/12/23",14
"Dontayvion Wicks","GB","WR","L 20-34",9.4,0,0,0,0,0,0,6,97,0,7,0,0,0,15.7,0,0,"TB","Home",19.5,"12/19/23",15
"Dontayvion Wicks","GB","WR","W 33-30",9.5,0,0,0,0,0,0,2,29,1,2,0,0,0,10.9,0,0,"Car","Away",37,"12/26/23",16
"Dontayvion Wicks","GB","WR","W 17-9",7.9,0,0,0,0,0,0,6,61,2,7,0,0,0,24.1,0,0,"Chi","Home",5,"1/9/24",18
"Dorian Thompson-Robinson","Cle","QB","W 27-3",0,0,0,0,0,0,0,0,0,0,0,0,0,0,0,0,0,"Ten","Home",38,"9/26/23",3
"Dorian Thompson-Robinson","Cle","QB","L 3-28",12.8,121,0,3,4,24,0,0,0,0,0,0,0,0,1.24,19,36,"Bal","Home",33,"10/3/23",4
"Dorian Thompson-Robinson","Cle","QB","W 19-17",0,0,0,0,0,0,0,0,0,0,0,0,0,0,0,0,0,"SF","Home",35.5,"10/17/23",6
"Dorian Thompson-Robinson","Cle","QB","L 20-24",0,9,0,0,0,0,0,0,0,0,0,0,0,0,0.36,1,1,"Sea","Away",37,"10/31/23",8
"Dorian Thompson-Robinson","Cle","QB","W 13-10",11.9,165,0,1,3,20,0,0,0,0,0,0,0,0,6.6,24,43,"Pit","Home",27,"11/21/23",11
"Dorian Thompson-Robinson","Cle","QB","L 12-29",11.7,134,1,0,5,21,0,0,0,0,0,0,0,0,11.46,14,29,"Den","Away",20,"11/28/23",12
"Dorian Thompson-Robinson","Cle","QB","W 31-27",0,0,0,0,1,5,0,0,0,0,0,0,0,0,0.5,0,0,"Jax","Home",33,"12/12/23",14
"Dorian Thompson-Robinson","Cle","QB","W 20-17",0.3,5,0,0,0,0,0,0,0,0,0,0,0,0,0.2,1,1,"Chi","Home",35,"12/19/23",15
"Dorian Thompson-Robinson","Cle","QB","W 36-22",0.3,6,0,0,1,-5,0,0,0,0,0,0,0,0,1.74,1,2,"Hou","Away",36,"12/26/23",16
"Drake London","Atl","WR","W 24-10",12.4,0,0,0,0,0,0,0,0,0,1,0,0,0,0,0,0,"Car","Home",135,"9/12/23",1
"Drake London","Atl","WR","W 25-24",11,0,0,0,0,0,0,6,67,1,8,0,0,0,18.7,0,0,"GB","Home",21,"9/19/23",2
"Drake London","Atl","WR","L 6-20",11,0,0,0,0,0,0,2,31,0,6,0,0,0,5.1,0,0,"Det","Away",80,"9/26/23",3
"Drake London","Atl","WR","L 7-23",9.4,0,0,0,0,0,0,3,28,1,7,0,0,0,11.8,0,0,"Jax","Away",31.5,"10/3/23",4
"Drake London","Atl","WR","W 21-19",9.6,22,0,0,0,0,0,6,78,0,9,0,0,0,14.68,1,1,"Hou","Home",19,"10/10/23",5
"Drake London","Atl","WR","L 16-24",10.2,0,0,0,0,0,0,9,125,0,12,0,0,0,21.5,0,0,"Wsh","Home",5.5,"10/17/23",6
"Drake London","Atl","WR","W 16-13",12.4,0,0,0,0,0,0,6,54,0,7,0,0,0,11.4,0,0,"TB","Away",30,"10/24/23",7
"Drake London","Atl","WR","L 23-28",11.7,0,0,0,0,0,0,5,55,0,7,0,0,0,10.5,0,0,"Ten","Away",43.5,"10/31/23",8
"Drake London","Atl","WR","L 23-25",11.9,0,0,0,0,0,0,3,36,0,4,0,0,0,6.6,0,0,"Ari","Away",50.5,"11/14/23",10
"Drake London","Atl","WR","W 24-15",11.1,0,0,0,0,0,0,5,91,0,7,0,0,0,14.1,0,0,"NO","Home",29,"11/28/23",12
"Drake London","Atl","WR","W 13-8",10.4,0,0,0,0,0,0,1,8,0,5,0,0,0,1.8,0,0,"NYJ","Away",83,"12/5/23",13
"Drake London","Atl","WR","L 25-29",10.5,0,0,0,0,0,0,10,172,0,11,0,0,0,29.2,0,0,"TB","Home",2,"12/12/23",14
"Drake London","Atl","WR","L 7-9",9.6,0,0,0,0,0,0,2,24,0,3,0,0,0,4.4,0,0,"Car","Away",76,"12/19/23",15
"Drake London","Atl","WR","W 29-10",10.2,0,0,0,0,0,0,3,39,0,4,0,0,0,6.9,0,0,"Ind","Home",64,"12/26/23",16
"Drake London","Atl","WR","L 17-37",9.7,0,0,0,0,0,0,4,56,0,10,0,0,0,9.6,0,0,"Chi","Away",41.5,"1/2/24",17
"Drake London","Atl","WR","L 17-48",10.7,0,0,0,0,0,0,4,41,0,9,0,0,0,8.1,0,0,"NO","Away",47,"1/9/24",18
"Drew Lock","Sea","QB","W 24-3",0,63,0,0,1,11,0,0,0,0,0,0,0,0,3.62,2,6,"NYG","Away",29,"10/3/23",4
"Drew Lock","Sea","QB","L 16-17",0,3,0,1,0,0,0,0,0,0,0,0,0,0,-1.88,2,6,"LAR","Away",35,"11/21/23",11
"Drew Lock","Sea","QB","L 16-28",14.3,269,2,2,3,5,0,0,0,0,0,0,0,0,15.26,22,31,"SF","Away",18,"12/12/23",14
"Drew Lock","Sea","QB","W 20-17",0,208,1,0,1,-2,0,0,0,0,0,0,0,0,12.12,22,33,"Phi","Home",24,"12/19/23",15
"Drew Ogletree","Ind","TE","L 21-31",3.3,0,0,0,0,0,0,1,20,0,2,0,0,0,3,0,0,"Jax","Home",39.5,"9/12/23",1
"Drew Ogletree","Ind","TE","W 22-19",3.5,0,0,0,0,0,0,1,11,0,2,0,0,0,2.1,0,0,"Bal","Away",44.5,"9/26/23",3
"Drew Ogletree","Ind","TE","L 23-29",2.7,0,0,0,0,0,0,3,48,1,4,0,0,0,13.8,0,0,"LAR","Home",5,"10/3/23",4
"Drew Ogletree","Ind","TE","W 23-16",4.1,0,0,0,0,0,0,2,16,0,2,0,0,0,3.6,0,0,"Ten","Home",35,"10/10/23",5
"Drew Ogletree","Ind","TE","L 20-37",4.3,0,0,0,0,0,0,0,0,0,1,0,0,0,0,0,0,"Jax","Away",72,"10/17/23",6
"Drew Ogletree","Ind","TE","L 38-39",5.2,0,0,0,0,0,0,0,0,0,0,0,0,0,0,0,0,"Cle","Home",62,"10/24/23",7
"Drew Ogletree","Ind","TE","L 27-38",4.4,0,0,0,0,0,0,1,33,1,3,0,0,0,10.3,0,0,"NO","Home",15,"10/31/23",8
"Drew Ogletree","Ind","TE","W 27-13",2.1,0,0,0,0,0,0,1,19,0,3,0,0,0,2.9,0,0,"Car","Away",36,"11/7/23",9
"Drew Ogletree","Ind","TE","W 31-28",3.6,0,0,0,0,0,0,0,0,0,1,0,0,0,0,0,0,"Ten","Away",66,"12/5/23",13
"Drew Ogletree","Ind","TE","L 14-34",2.7,0,0,0,0,0,0,0,0,0,2,0,0,0,0,0,0,"Cin","Away",73,"12/12/23",14
"Drew Ogletree","Ind","TE","W 30-13",2.6,0,0,0,0,0,0,0,0,0,1,0,0,0,0,0,0,"Pit","Home",81.5,"12/19/23",15
"Drew Ogletree","Ind","TE","L 10-29",3.7,0,0,0,0,0,0,0,0,0,0,0,0,0,0,0,0,"Atl","Away",78,"12/26/23",16
"Drew Sample","Cin","TE","L 3-24",1.2,0,0,0,0,0,0,0,0,0,0,0,0,0,0,0,0,"Cle","Away",75,"9/12/23",1
"Drew Sample","Cin","TE","L 24-27",0.5,0,0,0,0,0,0,0,0,0,0,0,0,0,0,0,0,"Bal","Home",76,"9/19/23",2
"Drew Sample","Cin","TE","W 19-16",4.8,0,0,0,0,0,0,1,7,0,1,0,0,0,1.7,0,0,"LAR","Home",54,"9/26/23",3
"Drew Sample","Cin","TE","L 3-27",1.8,0,0,0,0,0,0,1,-1,0,1,0,0,0,0.9,0,0,"Ten","Away",56,"10/3/23",4
"Drew Sample","Cin","TE","W 34-20",1.2,0,0,0,0,0,0,0,0,0,0,0,0,0,0,0,0,"Ari","Away",71,"10/10/23",5
"Drew Sample","Cin","TE","W 17-13",1.2,0,0,0,0,0,0,1,4,0,1,0,0,0,1.4,0,0,"Sea","Home",47,"10/17/23",6
"Drew Sample","Cin","TE","W 31-17",1.2,0,0,0,0,0,0,0,0,0,1,0,0,0,0,0,0,"SF","Away",73,"10/31/23",8
"Drew Sample","Cin","TE","W 24-18",1.2,0,0,0,0,0,0,3,30,1,4,0,0,0,12,0,0,"Buf","Home",15,"11/7/23",9
"Drew Sample","Cin","TE","L 27-30",1.2,0,0,0,0,0,0,2,12,0,3,0,0,0,3.2,0,0,"Hou","Home",34,"11/14/23",10
"Drew Sample","Cin","TE","L 20-34",2.5,0,0,0,0,0,0,2,19,0,2,0,0,0,3.9,0,0,"Bal","Away",28,"11/21/23",11
"Drew Sample","Cin","TE","L 10-16",1.5,0,0,0,0,0,0,1,11,1,1,0,0,0,8.1,0,0,"Pit","Home",17.5,"11/28/23",12
"Drew Sample","Cin","TE","W 34-31",2,0,0,0,0,0,0,1,11,0,1,0,0,0,2.1,0,0,"Jax","Away",38,"12/5/23",13
"Drew Sample","Cin","TE","W 34-14",1.5,0,0,0,0,0,0,2,4,0,2,0,0,0,2.4,0,0,"Ind","Home",41.5,"12/12/23",14
"Drew Sample","Cin","TE","W 27-24",2.3,0,0,0,0,0,0,0,0,0,1,0,0,0,0,0,0,"Min","Home",81.5,"12/19/23",15
"Drew Sample","Cin","TE","L 11-34",3.1,0,0,0,0,0,0,3,38,0,3,0,0,0,6.8,0,0,"Pit","Away",29,"12/26/23",16
"Drew Sample","Cin","TE","L 17-25",3.2,0,0,0,0,0,0,3,21,0,4,0,0,0,5.1,0,0,"KC","Away",30,"1/2/24",17
"Drew Sample","Cin","TE","W 31-14",3.4,0,0,0,0,0,0,2,7,0,2,0,0,0,2.7,0,0,"Cle","Home",43.5,"1/9/24",18
"Durham Smythe","Mia","TE","W 36-34",4.8,0,0,0,0,0,0,3,44,0,7,0,0,0,7.4,0,0,"LAC","Away",16,"9/12/23",1
"Durham Smythe","Mia","TE","W 24-17",7.4,0,0,0,0,0,0,3,23,0,3,0,0,0,5.3,0,0,"NE","Away",33,"9/19/23",2
"Durham Smythe","Mia","TE","W 70-20",7.1,0,0,0,0,0,0,1,15,0,1,0,0,0,2.5,0,0,"Den","Home",40.5,"9/26/23",3
"Durham Smythe","Mia","TE","L 20-48",5.5,0,0,0,0,0,0,4,41,0,4,0,0,0,8.1,0,0,"Buf","Away",20,"10/3/23",4
"Durham Smythe","Mia","TE","W 31-16",6.5,0,0,0,0,0,0,0,0,0,0,0,0,0,0,0,0,"NYG","Home",71,"10/10/23",5
"Durham Smythe","Mia","TE","W 42-21",5.5,0,0,0,0,0,0,0,0,0,1,0,0,0,0,0,0,"Car","Home",72,"10/17/23",6
"Durham Smythe","Mia","TE","L 17-31",4.5,0,0,0,0,0,0,0,0,0,0,0,0,0,0,0,0,"Phi","Away",62,"10/24/23",7
"Durham Smythe","Mia","TE","W 31-17",3.6,0,0,0,0,0,0,3,28,0,3,0,0,0,5.8,0,0,"NE","Home",23.5,"10/31/23",8
"Durham Smythe","Mia","TE","L 14-21",3.8,0,0,0,0,0,0,3,17,0,3,0,0,0,4.7,0,0,"KC","Away",28,"11/7/23",9
"Durham Smythe","Mia","TE","W 34-13",4,0,0,0,0,0,0,1,10,0,3,0,0,0,2,0,0,"NYJ","Away",45.5,"11/28/23",12
"Durham Smythe","Mia","TE","W 45-15",4.1,0,0,0,0,0,0,0,0,0,0,0,0,0,0,0,0,"Wsh","Away",66,"12/5/23",13
"Durham Smythe","Mia","TE","L 27-28",3.5,0,0,0,0,0,0,2,16,0,3,0,0,0,3.6,0,0,"Ten","Home",34,"12/12/23",14
"Durham Smythe","Mia","TE","W 30-0",4.7,0,0,0,0,0,0,4,32,0,4,0,0,0,7.2,0,0,"NYJ","Home",23.5,"12/19/23",15
"Durham Smythe","Mia","TE","W 22-20",4,0,0,0,0,0,0,5,56,0,5,0,0,0,10.6,0,0,"Dal","Home",15,"12/26/23",16
"Durham Smythe","Mia","TE","L 19-56",6.2,0,0,0,0,0,0,3,54,0,3,0,0,0,8.4,0,0,"Bal","Away",18,"1/2/24",17
"Durham Smythe","Mia","TE","L 14-21",5.7,0,0,0,0,0,0,3,30,0,3,0,0,0,6,0,0,"Buf","Home",21,"1/9/24",18
"Dwayne Washington","Den","RB","L 33-35",0,0,0,0,0,0,0,0,0,0,0,0,0,0,0,0,0,"Wsh","Home",96,"9/19/23",2
"Dwayne Washington","Den","RB","L 20-70",0,0,0,0,0,0,0,0,0,0,0,0,0,0,0,0,0,"Mia","Away",95.5,"9/26/23",3
"Dwayne Washington","Den","RB","W 31-28",0,0,0,0,0,0,0,0,0,0,0,0,0,0,0,0,0,"Chi","Away",93.5,"10/3/23",4
"Dwayne Washington","Den","RB","L 21-31",0,0,0,0,0,0,0,0,0,0,0,0,0,0,0,0,0,"NYJ","Home",81,"10/10/23",5
"Dwayne Washington","Den","RB","L 8-19",0,0,0,0,0,0,0,0,0,0,0,0,0,0,0,0,0,"KC","Away",93,"10/17/23",6
"Dwayne Washington","Den","RB","W 19-17",0,0,0,0,0,0,0,0,0,0,0,0,0,0,0,0,0,"GB","Home",76,"10/24/23",7
"Dwayne Washington","Den","RB","W 24-9",0,0,0,0,0,0,0,0,0,0,0,0,0,0,0,0,0,"KC","Home",97,"10/31/23",8
"Dwayne Washington","Den","RB","W 24-22",0,0,0,0,0,0,0,0,0,0,0,0,0,0,0,0,0,"Buf","Away",83,"11/14/23",10
"Dwayne Washington","Den","RB","W 21-20",0,0,0,0,0,0,0,0,0,0,0,0,0,0,0,0,0,"Min","Home",80,"11/21/23",11
"Dwayne Washington","Den","RB","L 17-22",0,0,0,0,0,0,0,0,0,0,0,0,0,0,0,0,0,"Hou","Away",72,"12/5/23",13
"Dwayne Washington","Den","RB","W 24-7",0,0,0,0,0,0,0,0,0,0,0,0,0,0,0,0,0,"LAC","Away",89.5,"12/12/23",14
"Dwayne Washington","Den","RB","L 17-42",0,0,0,0,0,0,0,0,0,0,0,0,0,0,0,0,0,"Det","Away",94,"12/19/23",15
"Dwayne Washington","Den","RB","L 23-26",0,0,0,0,0,0,0,0,0,0,0,0,0,0,0,0,0,"NE","Home",92,"12/26/23",16
"Dyami Brown","Wsh","WR","W 20-16",1,0,0,0,0,0,0,0,0,0,0,0,0,0,0,0,0,"Ari","Home",135,"9/12/23",1
"Dyami Brown","Wsh","WR","W 35-33",1,0,0,0,0,0,0,3,25,0,3,0,0,0,5.5,0,0,"Den","Away",78.5,"9/19/23",2
"Dyami Brown","Wsh","WR","L 3-37",3.2,0,0,0,0,0,0,0,0,0,1,0,0,0,0,0,0,"Buf","Home",141,"9/26/23",3
"Dyami Brown","Wsh","WR","L 31-34",1.6,0,0,0,0,0,0,2,51,0,3,0,0,0,7.1,0,0,"Phi","Away",53,"10/3/23",4
"Dyami Brown","Wsh","WR","L 20-40",2.7,0,0,0,0,0,0,1,11,0,3,0,0,0,2.1,0,0,"Chi","Home",87,"10/10/23",5
"Dyami Brown","Wsh","WR","W 24-16",2.2,0,0,0,0,0,0,0,0,0,1,0,0,0,0,0,0,"Atl","Away",128,"10/17/23",6
"Dyami Brown","Wsh","WR","L 7-14",3.3,0,0,0,0,0,0,0,0,0,0,0,0,0,0,0,0,"NYG","Away",116,"10/24/23",7
"Dyami Brown","Wsh","WR","L 31-38",2.9,0,0,0,1,0,0,0,0,0,0,0,0,0,0,0,0,"Phi","Home",138,"10/31/23",8
"Dyami Brown","Wsh","WR","W 20-17",4.5,0,0,0,0,0,0,2,33,0,4,0,0,0,5.3,0,0,"NE","Away",60,"11/7/23",9
"Dyami Brown","Wsh","WR","L 26-29",2.6,0,0,0,0,0,0,2,41,1,2,0,0,0,12.1,0,0,"Sea","Away",29.5,"11/14/23",10
"Dyami Brown","Wsh","WR","L 19-31",3.3,0,0,0,0,0,0,1,7,0,3,0,0,0,1.7,0,0,"NYG","Home",94.5,"11/21/23",11
"Dyami Brown","Wsh","WR","L 10-45",3.2,0,0,0,0,0,0,0,0,0,1,0,0,0,0,0,0,"Dal","Away",149,"11/28/23",12
"Dyami Brown","Wsh","WR","L 15-45",2.5,0,0,0,0,0,0,1,0,0,1,0,0,0,1,0,0,"Mia","Home",87,"12/5/23",13
"Dyami Brown","Wsh","WR","L 20-28",3,0,0,0,0,0,0,0,0,0,1,0,0,0,0,0,0,"LAR","Away",140,"12/19/23",15
"Dyami Brown","Wsh","WR","L 28-30",2.6,0,0,0,0,0,0,0,0,0,0,0,0,0,0,0,0,"NYJ","Away",144.5,"12/26/23",16
"Dyami Brown","Wsh","WR","L 10-27",2.2,0,0,0,0,0,0,0,0,0,0,0,0,0,0,0,0,"SF","Home",137.5,"1/2/24",17
"Dyami Brown","Wsh","WR","L 10-38",0,4,0,0,0,0,0,0,0,0,0,0,0,0,0.16,1,1,"Dal","Home",122,"1/9/24",18
"Dylan Drummond","Det","WR","W 42-24",NA,0,0,0,0,0,0,0,0,0,0,0,0,0,0,0,0,"Car","Home",124.5,"10/10/23",5
"Easop Winston Jr.","Sea","WR","W 20-10",0,0,0,0,0,0,0,0,0,0,0,0,0,0,0,0,0,"Ari","Home",116,"10/24/23",7
"Easton Stick","LAC","QB","L 7-24",0,179,0,0,0,0,0,0,0,0,0,0,1,0,5.16,13,24,"Den","Home",26,"12/12/23",14
"Easton Stick","LAC","QB","L 21-63",13.7,257,3,1,2,11,0,0,0,0,0,0,2,0,17.38,23,32,"LV","Away",13,"12/19/23",15
"Easton Stick","LAC","QB","L 22-24",13.7,215,0,0,7,25,1,0,0,0,0,0,0,0,17.1,23,33,"Buf","Home",16,"12/26/23",16
"Easton Stick","LAC","QB","L 9-16",15.6,220,0,0,5,31,0,0,0,0,0,0,0,0,11.9,24,38,"Den","Away",25,"1/2/24",17
"Easton Stick","LAC","QB","L 12-13",15.5,258,0,0,13,77,0,0,0,0,0,0,1,0,16.02,28,47,"KC","Home",16,"1/9/24",18
"Elijah Cooks","Jax","WR","W 37-20",0,0,0,0,0,0,0,0,0,0,0,0,0,0,0,0,0,"Ind","Home",128,"10/17/23",6
"Elijah Cooks","Jax","WR","W 31-24",0,0,0,0,0,0,0,0,0,0,0,0,0,0,0,0,0,"NO","Away",116,"10/24/23",7
"Elijah Cooks","Jax","WR","W 20-10",0,0,0,0,0,0,0,0,0,0,0,0,0,0,0,0,0,"Pit","Away",138,"10/31/23",8
"Elijah Cooks","Jax","WR","L 3-34",0,0,0,0,0,0,0,0,0,0,0,0,0,0,0,0,0,"SF","Home",123.5,"11/14/23",10
"Elijah Cooks","Jax","WR","L 27-31",0,0,0,0,0,0,0,0,0,0,0,0,0,0,0,0,0,"Cle","Away",134,"12/12/23",14
"Elijah Cooks","Jax","WR","L 7-23",0,0,0,0,0,0,0,0,0,0,1,0,0,0,0,0,0,"Bal","Home",140,"12/19/23",15
"Elijah Cooks","Jax","WR","L 12-30",2.4,0,0,0,0,0,0,3,38,0,3,0,0,0,6.8,0,0,"TB","Away",65.5,"12/26/23",16
"Elijah Cooks","Jax","WR","W 26-0",2.7,0,0,0,0,0,0,0,0,0,0,0,0,0,0,0,0,"Car","Home",137.5,"1/2/24",17
"Elijah Cooks","Jax","WR","L 20-28",1.1,0,0,0,0,0,0,0,0,0,0,0,0,0,0,0,0,"Ten","Away",142.5,"1/9/24",18
"Elijah Dotson","LAC","RB","L 34-36",1.2,0,0,0,0,0,0,0,0,0,0,0,0,0,0,0,0,"Mia","Home",96,"9/12/23",1
"Elijah Dotson","LAC","RB","L 24-27",7.1,0,0,0,4,6,0,2,13,0,2,0,0,0,3.9,0,0,"Ten","Away",51.5,"9/19/23",2
"Elijah Dotson","LAC","RB","W 28-24",7.4,0,0,0,0,0,0,0,0,0,0,0,0,0,0,0,0,"Min","Away",95.5,"9/26/23",3
"Elijah Dotson","LAC","RB","W 24-17",3,0,0,0,0,0,0,0,0,0,0,0,0,0,0,0,0,"LV","Home",93.5,"10/3/23",4
"Elijah Higgins","Ari","TE","L 10-20",0,0,0,0,0,0,0,1,0,0,1,0,0,0,1,0,0,"Sea","Away",43,"10/24/23",7
"Elijah Higgins","Ari","TE","L 24-31",2,0,0,0,0,0,0,0,0,0,0,0,0,0,0,0,0,"Bal","Home",73,"10/31/23",8
"Elijah Higgins","Ari","TE","L 0-27",1.9,0,0,0,0,0,0,0,0,0,0,0,0,0,0,0,0,"Cle","Away",68,"11/7/23",9
"Elijah Higgins","Ari","TE","W 25-23",1.5,0,0,0,0,0,0,0,0,0,1,0,0,0,0,0,0,"Atl","Home",69.5,"11/14/23",10
"Elijah Higgins","Ari","TE","L 16-21",1.1,0,0,0,0,0,0,1,2,0,2,0,0,0,1.2,0,0,"Hou","Away",45,"11/21/23",11
"Elijah Higgins","Ari","TE","L 14-37",1.5,0,0,0,0,0,0,1,26,0,2,0,0,0,3.6,0,0,"LAR","Home",34,"11/28/23",12
"Elijah Higgins","Ari","TE","W 24-10",1.5,0,0,0,0,0,0,1,21,0,2,0,0,0,3.1,0,0,"Pit","Away",29,"12/5/23",13
"Elijah Higgins","Ari","TE","L 29-45",2.1,0,0,0,0,0,0,4,44,1,4,0,0,0,14.4,0,0,"SF","Home",7,"12/19/23",15
"Elijah Higgins","Ari","TE","L 16-27",4,0,0,0,0,0,0,2,17,0,3,0,0,0,3.7,0,0,"Chi","Away",41,"12/26/23",16
"Elijah Higgins","Ari","TE","W 35-31",4.3,0,0,0,0,0,0,2,21,0,2,0,0,0,4.1,0,0,"Phi","Away",36,"1/2/24",17
"Elijah Higgins","Ari","TE","L 20-21",3.7,0,0,0,0,0,0,2,32,0,2,0,0,0,5.2,0,0,"Sea","Home",26,"1/9/24",18
"Elijah Mitchell","SF","RB","W 30-7",6,0,0,0,5,10,0,0,0,0,1,0,0,0,1,0,0,"Pit","Away",75,"9/12/23",1
"Elijah Mitchell","SF","RB","W 30-12",3.7,0,0,0,11,42,0,3,2,0,3,0,0,0,7.4,0,0,"NYG","Home",31,"9/26/23",3
"Elijah Mitchell","SF","RB","L 17-19",0,0,0,0,2,-3,0,0,0,0,0,0,0,0,-0.3,0,0,"Cle","Away",104,"10/17/23",6
"Elijah Mitchell","SF","RB","L 17-22",3.2,0,0,0,1,-1,0,0,0,0,0,0,0,0,-0.1,0,0,"Min","Away",90,"10/24/23",7
"Elijah Mitchell","SF","RB","L 17-31",4.5,0,0,0,3,2,0,0,0,0,1,0,0,0,0.2,0,0,"Cin","Home",80.5,"10/31/23",8
"Elijah Mitchell","SF","RB","W 34-3",3.7,0,0,0,8,23,0,0,0,0,0,0,0,0,2.3,0,0,"Jax","Away",52.5,"11/14/23",10
"Elijah Mitchell","SF","RB","W 27-14",4.7,0,0,0,4,24,0,0,0,0,0,0,0,0,2.4,0,0,"TB","Home",54.5,"11/21/23",11
"Elijah Mitchell","SF","RB","W 31-13",4.2,0,0,0,7,39,0,1,-3,0,1,0,0,0,4.6,0,0,"Sea","Away",49,"11/28/23",12
"Elijah Mitchell","SF","RB","W 42-19",4.2,0,0,0,3,13,0,0,0,0,0,0,0,0,1.3,0,0,"Phi","Away",56,"12/5/23",13
"Elijah Mitchell","SF","RB","W 27-10",3.9,0,0,0,17,80,1,0,0,0,0,0,0,0,14,0,0,"Wsh","Away",18.5,"1/2/24",17
"Elijah Mitchell","SF","RB","L 20-21",6.8,0,0,0,14,52,1,2,15,0,2,0,0,0,14.7,0,0,"LAR","Home",14,"1/9/24",18
"Elijah Moore","Cle","WR","W 24-3",8.5,0,0,0,2,19,0,3,43,0,7,0,0,0,9.2,0,0,"Cin","Home",43,"9/12/23",1
"Elijah Moore","Cle","WR","L 22-26",9.7,0,0,0,1,5,0,3,36,0,9,0,0,0,7.1,0,0,"Pit","Away",67.5,"9/19/23",2
"Elijah Moore","Cle","WR","W 27-3",10.5,0,0,0,3,-1,0,9,49,0,9,0,1,0,11.8,0,0,"Ten","Home",37,"9/26/23",3
"Elijah Moore","Cle","WR","L 3-28",9.9,0,0,0,1,-20,0,2,20,0,4,0,0,0,2,0,0,"Bal","Home",105,"10/3/23",4
"Elijah Moore","Cle","WR","W 19-17",11.1,0,0,0,1,8,0,4,19,0,7,0,0,0,6.7,0,0,"SF","Home",54.5,"10/17/23",6
"Elijah Moore","Cle","WR","W 39-38",10.8,0,0,0,0,0,0,4,59,0,7,0,0,0,9.9,0,0,"Ind","Away",38.5,"10/24/23",7
"Elijah Moore","Cle","WR","L 20-24",9.2,0,0,0,0,0,0,2,30,0,5,0,0,0,5,0,0,"Sea","Away",81,"10/31/23",8
"Elijah Moore","Cle","WR","W 27-0",9,0,0,0,0,0,0,2,14,0,2,0,0,0,3.4,0,0,"Ari","Home",78,"11/7/23",9
"Elijah Moore","Cle","WR","W 33-31",8.3,0,0,0,0,0,0,5,44,1,7,0,0,0,15.4,0,0,"Bal","Away",19,"11/14/23",10
"Elijah Moore","Cle","WR","W 13-10",8.7,0,0,0,0,0,0,6,60,0,7,0,0,0,12,0,0,"Pit","Home",28,"11/21/23",11
"Elijah Moore","Cle","WR","L 12-29",7.4,0,0,0,1,0,0,3,44,0,9,0,1,0,5.4,0,0,"Den","Away",77,"11/28/23",12
"Elijah Moore","Cle","WR","L 19-36",8.8,0,0,0,0,0,0,4,83,0,12,0,0,0,12.3,0,0,"LAR","Away",31,"12/5/23",13
"Elijah Moore","Cle","WR","W 31-27",9.4,0,0,0,0,0,0,3,42,0,6,0,0,0,7.2,0,0,"Jax","Home",46.5,"12/12/23",14
"Elijah Moore","Cle","WR","W 20-17",9.3,0,0,0,0,0,0,2,17,0,3,0,0,0,3.7,0,0,"Chi","Home",82,"12/19/23",15
"Elijah Moore","Cle","WR","W 36-22",9,0,0,0,0,0,0,2,19,0,4,0,0,0,3.9,0,0,"Hou","Away",82.5,"12/26/23",16
"Elijah Moore","Cle","WR","W 37-20",11,0,0,0,0,0,0,5,61,1,6,0,0,0,17.1,0,0,"NYJ","Home",16.5,"1/2/24",17
"Elijah Moore","Cle","WR","L 14-31",7.1,0,0,0,0,0,0,0,0,0,0,0,0,0,0,0,0,"Cin","Away",142.5,"1/9/24",18
"Emanuel Wilson","GB","RB","L 24-25",2.8,0,0,0,3,5,0,0,0,0,0,0,0,0,0.5,0,0,"Atl","Away",72.5,"9/19/23",2
"Emanuel Wilson","GB","RB","W 18-17",3.6,0,0,0,2,6,0,1,6,0,1,0,0,0,2.2,0,0,"NO","Home",67,"9/26/23",3
"Emanuel Wilson","GB","RB","L 17-19",0,0,0,0,2,19,0,2,8,0,2,0,0,0,4.7,0,0,"Den","Away",45,"10/24/23",7
"Emanuel Wilson","GB","RB","W 20-3",0,0,0,0,4,43,0,0,0,0,0,0,0,0,4.3,0,0,"LAR","Home",42,"11/7/23",9
"Emanuel Wilson","GB","RB","L 19-23",0.3,0,0,0,0,0,0,0,0,0,0,0,0,0,0,0,0,"Pit","Away",83,"11/14/23",10
"Emanuel Wilson","GB","RB","W 23-20",0.3,0,0,0,3,12,0,1,9,0,2,0,0,0,3.1,0,0,"LAC","Home",47.5,"11/21/23",11
"Emari Demercado","Ari","RB","L 16-20",1.6,0,0,0,0,0,0,0,0,0,0,0,0,0,0,0,0,"Wsh","Away",96,"9/12/23",1
"Emari Demercado","Ari","RB","L 28-31",1,0,0,0,1,-2,0,2,7,0,2,0,0,0,2.5,0,0,"NYG","Home",58,"9/19/23",2
"Emari Demercado","Ari","RB","W 28-16",1.5,0,0,0,2,2,0,0,0,0,0,0,0,0,0.2,0,0,"Dal","Home",80,"9/26/23",3
"Emari Demercado","Ari","RB","L 16-35",1.6,0,0,0,1,3,0,3,21,0,4,0,0,0,5.4,0,0,"SF","Away",44.5,"10/3/23",4
"Emari Demercado","Ari","RB","L 20-34",5.1,0,0,0,10,45,1,1,12,0,3,0,0,0,12.7,0,0,"Cin","Home",18,"10/10/23",5
"Emari Demercado","Ari","RB","L 9-26",10,0,0,0,2,11,0,1,6,0,1,0,0,0,2.7,0,0,"LAR","Away",51.5,"10/17/23",6
"Emari Demercado","Ari","RB","L 10-20",3.4,0,0,0,13,58,0,4,17,0,5,0,0,0,11.5,0,0,"Sea","Away",21.5,"10/24/23",7
"Emari Demercado","Ari","RB","L 24-31",11.5,0,0,0,20,78,0,1,1,0,1,0,0,0,8.9,0,0,"Bal","Home",30,"10/31/23",8
"Emari Demercado","Ari","RB","L 14-37",3.1,0,0,0,3,15,0,0,0,0,0,0,0,0,1.5,0,0,"LAR","Home",69,"11/28/23",12
"Emari Demercado","Ari","RB","W 24-10",3,0,0,0,0,0,0,0,0,0,0,0,0,0,0,0,0,"Pit","Away",72,"12/5/23",13
"Emari Demercado","Ari","RB","L 29-45",2.5,0,0,0,4,64,1,1,6,0,3,0,0,0,14,0,0,"SF","Home",16,"12/19/23",15
"Emari Demercado","Ari","RB","L 16-27",2.8,0,0,0,2,10,0,7,40,0,8,0,0,0,12,0,0,"Chi","Away",21.5,"12/26/23",16
"Emari Demercado","Ari","RB","W 35-31",5.5,0,0,0,0,0,0,1,9,0,3,0,0,0,1.9,0,0,"Phi","Away",69,"1/2/24",17
"Emari Demercado","Ari","RB","L 20-21",4,0,0,0,0,0,0,0,0,0,0,0,0,0,0,0,0,"Sea","Home",88.5,"1/9/24",18
"Equanimeous St. Brown","Chi","WR","L 28-31",2.4,0,0,0,0,0,0,1,21,0,1,0,0,0,3.1,0,0,"Den","Home",89,"10/3/23",4
"Equanimeous St. Brown","Chi","WR","W 40-20",3.2,0,0,0,0,0,0,0,0,0,1,0,0,0,0,0,0,"Wsh","Away",124.5,"10/10/23",5
"Equanimeous St. Brown","Chi","WR","W 16-13",2.4,0,0,0,0,0,0,1,4,0,1,0,0,0,1.4,0,0,"Car","Home",103,"11/14/23",10
"Equanimeous St. Brown","Chi","WR","L 26-31",2.3,0,0,0,0,0,0,2,19,0,2,0,0,0,3.9,0,0,"Det","Away",72,"11/21/23",11
"Equanimeous St. Brown","Chi","WR","W 12-10",2.6,0,0,0,0,0,0,0,0,0,0,0,0,0,0,0,0,"Min","Away",149,"11/28/23",12
"Equanimeous St. Brown","Chi","WR","W 37-17",4.2,0,0,0,0,0,0,0,0,0,0,0,0,0,0,0,0,"Atl","Home",137.5,"1/2/24",17
"Equanimeous St. Brown","Chi","WR","L 9-17",2.2,0,0,0,0,0,0,1,18,0,1,0,0,0,2.8,0,0,"GB","Away",90.5,"1/9/24",18
"Eric Gray","NYG","RB","L 0-40",0,0,0,0,0,0,0,0,0,0,0,0,0,0,0,0,0,"Dal","Home",96,"9/12/23",1
"Eric Gray","NYG","RB","W 31-28",0.1,0,0,0,0,0,0,0,0,0,0,0,0,0,0,0,0,"Ari","Away",96,"9/19/23",2
"Eric Gray","NYG","RB","L 12-30",3.6,0,0,0,0,0,0,0,0,0,0,0,0,0,0,0,0,"SF","Away",95.5,"9/26/23",3
"Eric Gray","NYG","RB","L 3-24",2.1,0,0,0,0,0,0,0,0,0,0,0,0,0,0,0,0,"Sea","Home",93.5,"10/3/23",4
"Eric Gray","NYG","RB","L 16-31",0.2,0,0,0,12,25,0,1,1,0,1,0,0,0,3.6,0,0,"Mia","Away",45,"10/10/23",5
"Eric Gray","NYG","RB","L 9-14",1.6,0,0,0,1,2,0,0,0,0,0,0,0,0,0.2,0,0,"Buf","Away",80,"10/17/23",6
"Eric Gray","NYG","RB","W 14-7",1.1,0,0,0,0,0,0,0,0,0,0,0,0,0,0,0,0,"Wsh","Home",76,"10/24/23",7
"Eric Gray","NYG","RB","W 10-7",0,0,0,0,0,0,0,0,0,0,0,0,0,0,0,0,0,"NE","Home",90,"11/28/23",12
"Eric Gray","NYG","RB","W 24-22",0,0,0,0,0,0,0,0,0,0,0,0,0,0,0,0,0,"GB","Home",89.5,"12/12/23",14
"Eric Gray","NYG","RB","L 6-24",0,0,0,0,0,0,0,3,6,0,4,0,0,0,3.6,0,0,"NO","Away",54.5,"12/19/23",15
"Eric Gray","NYG","RB","L 25-33",0.5,0,0,0,0,0,0,0,0,0,0,0,0,0,0,0,0,"Phi","Away",92,"12/26/23",16
"Eric Gray","NYG","RB","L 25-26",0,0,0,0,1,2,0,1,6,0,1,0,0,0,1.8,0,0,"LAR","Home",70.5,"1/2/24",17
"Eric Gray","NYG","RB","W 27-10",1.9,0,0,0,3,19,0,1,9,0,1,0,0,0,3.8,0,0,"Phi","Home",48,"1/9/24",18
"Eric Saubert","Hou","TE","L 13-15",0,0,0,0,0,0,0,0,0,0,0,0,0,0,0,0,0,"Car","Away",73,"10/31/23",8
"Eric Saubert","Hou","TE","W 39-37",1.3,0,0,0,0,0,0,0,0,0,0,0,0,0,0,0,0,"TB","Home",68,"11/7/23",9
"Eric Saubert","Hou","TE","W 30-27",2,0,0,0,0,0,0,0,0,0,0,0,0,0,0,0,0,"Cin","Away",69.5,"11/14/23",10
"Eric Saubert","Hou","TE","L 21-24",0,0,0,0,0,0,0,0,0,0,0,0,0,0,0,0,0,"Jax","Home",78,"11/28/23",12
"Eric Saubert","Hou","TE","W 22-17",3.1,0,0,0,0,0,0,1,5,0,1,0,0,0,1.5,0,0,"Den","Home",45,"12/5/23",13
"Eric Saubert","Hou","TE","L 6-30",2.7,0,0,0,0,0,0,0,0,0,0,0,0,0,0,0,0,"NYJ","Away",73,"12/12/23",14
"Eric Saubert","Hou","TE","W 19-16",0,0,0,0,0,0,0,0,0,0,0,0,0,0,0,0,0,"Ten","Away",81.5,"12/19/23",15
"Eric Saubert","Hou","TE","L 22-36",0,0,0,0,0,0,0,0,0,0,0,0,0,0,0,0,0,"Cle","Home",78,"12/26/23",16
"Eric Saubert","Hou","TE","W 26-3",1.2,0,0,0,0,0,0,1,2,0,1,0,0,0,1.2,0,0,"Ten","Home",58,"1/2/24",17
"Eric Saubert","Hou","TE","W 23-19",0.6,0,0,0,0,0,0,1,5,0,1,0,0,0,1.5,0,0,"Ind","Away",51,"1/9/24",18
"Erik Ezukanma","Mia","WR","W 36-34",3,0,0,0,2,17,0,0,0,0,0,0,0,0,1.7,0,0,"LAC","Away",97,"9/12/23",1
"Erik Ezukanma","Mia","WR","W 24-17",1.6,0,0,0,3,5,0,0,0,0,1,0,0,0,0.5,0,0,"NE","Away",124,"9/19/23",2
"Ethan Fernea","Ind","WR","W 30-13",0,0,0,0,0,0,0,0,0,0,0,0,0,0,0,0,0,"Pit","Home",140,"12/19/23",15
"Ethan Fernea","Ind","WR","L 10-29",3.1,0,0,0,0,0,0,0,0,0,0,0,0,0,0,0,0,"Atl","Away",144.5,"12/26/23",16
"Ethan Fernea","Ind","WR","W 23-20",0,0,0,0,0,0,0,0,0,0,0,0,0,0,0,0,0,"LV","Home",137.5,"1/2/24",17
"Evan Engram","Jax","TE","W 31-21",9.9,0,0,0,0,0,0,5,49,0,5,0,0,0,9.9,0,0,"Ind","Away",5,"9/12/23",1
"Evan Engram","Jax","TE","L 9-17",9.8,0,0,0,0,0,0,6,57,0,8,0,0,0,11.7,0,0,"KC","Home",6,"9/19/23",2
"Evan Engram","Jax","TE","L 17-37",9.4,0,0,0,0,0,0,7,67,0,8,0,0,0,13.7,0,0,"Hou","Home",7,"9/26/23",3
"Evan Engram","Jax","TE","W 23-7",10.4,0,0,0,0,0,0,7,59,0,8,0,0,0,12.9,0,0,"Atl","Home",7,"10/3/23",4
"Evan Engram","Jax","TE","W 25-20",10.2,0,0,0,0,0,0,4,28,0,8,0,0,0,6.8,0,0,"Buf","Away",20,"10/10/23",5
"Evan Engram","Jax","TE","W 37-20",10.6,0,0,0,0,0,0,7,41,0,7,0,0,0,11.1,0,0,"Ind","Home",7,"10/17/23",6
"Evan Engram","Jax","TE","W 31-24",10.6,0,0,0,0,0,0,5,45,0,7,0,0,0,9.5,0,0,"NO","Away",12,"10/24/23",7
"Evan Engram","Jax","TE","W 20-10",10.8,0,0,0,0,0,0,10,88,0,10,0,1,0,16.8,0,0,"Pit","Away",9,"10/31/23",8
"Evan Engram","Jax","TE","L 3-34",12.4,0,0,0,0,0,0,4,12,0,7,0,0,0,5.2,0,0,"SF","Home",22,"11/14/23",10
"Evan Engram","Jax","TE","W 34-14",11.5,0,0,0,0,0,0,4,29,0,6,0,0,0,6.9,0,0,"Ten","Home",17,"11/21/23",11
"Evan Engram","Jax","TE","W 24-21",11.6,0,0,0,0,0,0,5,49,0,8,0,0,0,9.9,0,0,"Hou","Away",10,"11/28/23",12
"Evan Engram","Jax","TE","L 31-34",11.8,0,0,0,0,0,0,9,82,1,9,0,0,0,23.2,0,0,"Cin","Home",2,"12/5/23",13
"Evan Engram","Jax","TE","L 27-31",11.5,0,0,0,0,0,0,11,95,2,12,0,0,0,32.5,0,0,"Cle","Away",1,"12/12/23",14
"Evan Engram","Jax","TE","L 7-23",13,0,0,0,0,0,0,4,28,0,6,0,0,0,6.8,0,0,"Bal","Home",26,"12/19/23",15
"Evan Engram","Jax","TE","L 12-30",12.9,0,0,0,0,0,0,10,95,0,15,0,1,0,17.5,0,0,"TB","Away",3,"12/26/23",16
"Evan Engram","Jax","TE","W 26-0",12.2,0,0,0,0,0,0,6,60,0,6,0,0,0,12,0,0,"Car","Home",9,"1/2/24",17
"Evan Engram","Jax","TE","L 20-28",12.9,0,0,0,0,0,0,10,79,1,13,0,0,0,23.9,0,0,"Ten","Away",1,"1/9/24",18
"Evan Hull","Ind","RB","L 21-31",9,0,0,0,1,1,0,1,6,0,1,0,0,0,1.7,0,0,"Jax","Home",66.5,"9/12/23",1
"Ezekiel Elliott","NE","RB","L 20-25",7.6,0,0,0,7,29,0,5,14,0,7,0,1,0,7.3,0,0,"Phi","Home",37,"9/12/23",1
"Ezekiel Elliott","NE","RB","L 17-24",7,0,0,0,5,13,0,0,0,0,0,0,0,0,1.3,0,0,"Mia","Home",66.5,"9/19/23",2
"Ezekiel Elliott","NE","RB","W 15-10",6.5,0,0,0,16,80,0,1,7,0,1,0,0,0,9.7,0,0,"NYJ","Away",23,"9/26/23",3
"Ezekiel Elliott","NE","RB","L 3-38",6.8,0,0,0,6,16,0,2,6,0,3,0,0,0,4.2,0,0,"Dal","Away",49,"10/3/23",4
"Ezekiel Elliott","NE","RB","L 0-34",6.9,0,0,0,8,21,0,4,17,0,4,0,0,0,7.8,0,0,"NO","Home",31,"10/10/23",5
"Ezekiel Elliott","NE","RB","L 17-21",7.8,0,0,0,7,34,1,1,15,0,1,0,0,0,11.9,0,0,"LV","Away",20,"10/17/23",6
"Ezekiel Elliott","NE","RB","W 29-25",7.5,0,0,0,11,31,1,0,0,0,1,0,0,0,9.1,0,0,"Buf","Home",25,"10/24/23",7
"Ezekiel Elliott","NE","RB","L 17-31",7.3,0,0,0,7,36,0,0,0,0,0,0,0,0,3.6,0,0,"Mia","Away",58,"10/31/23",8
"Ezekiel Elliott","NE","RB","L 17-20",7.5,0,0,0,6,17,0,3,15,0,5,0,0,0,6.2,0,0,"Wsh","Home",35.5,"11/7/23",9
"Ezekiel Elliott","NE","RB","L 6-10",7.4,0,0,0,13,54,0,2,34,0,2,0,0,0,10.8,0,0,"Ind","Home",25,"11/14/23",10
"Ezekiel Elliott","NE","RB","L 7-10",8.1,0,0,0,9,46,0,2,6,0,2,0,0,0,7.2,0,0,"NYG","Away",40,"11/28/23",12
"Ezekiel Elliott","NE","RB","L 0-6",7.4,0,0,0,17,52,0,4,40,0,5,0,0,0,13.2,0,0,"LAC","Home",15,"12/5/23",13
"Ezekiel Elliott","NE","RB","W 21-18",13.4,0,0,0,22,68,0,7,72,1,8,0,0,0,27,0,0,"Pit","Away",1,"12/12/23",14
"Ezekiel Elliott","NE","RB","L 17-27",15.8,0,0,0,11,25,0,5,21,0,6,0,0,0,9.6,0,0,"KC","Home",27,"12/19/23",15
"Ezekiel Elliott","NE","RB","W 26-23",15.8,0,0,0,12,27,0,9,33,1,11,0,0,0,21,0,0,"Den","Away",6,"12/26/23",16
"Ezekiel Elliott","NE","RB","L 21-27",14.9,0,0,0,14,39,1,1,6,0,2,0,0,0,11.5,0,0,"Buf","Away",26,"1/2/24",17
"Ezekiel Elliott","NE","RB","L 3-17",13.6,0,0,0,13,54,0,5,27,0,7,0,0,0,13.1,0,0,"NYJ","Home",20,"1/9/24",18
"Foster Moreau","NO","TE","W 16-15",2.4,0,0,0,0,0,0,0,0,0,0,0,0,0,0,0,0,"Ten","Home",75,"9/12/23",1
"Foster Moreau","NO","TE","W 20-17",1.5,0,0,0,0,0,0,2,20,0,2,0,0,0,4,0,0,"Car","Away",40.5,"9/19/23",2
"Foster Moreau","NO","TE","W 34-0",4.9,0,0,0,0,0,0,1,6,1,1,0,0,0,7.6,0,0,"NE","Away",18,"10/10/23",5
"Foster Moreau","NO","TE","L 13-20",3.8,0,0,0,0,0,0,4,33,0,4,0,0,0,7.3,0,0,"Hou","Away",18,"10/17/23",6
"Foster Moreau","NO","TE","L 24-31",3.2,0,0,0,0,0,0,3,33,0,4,0,0,0,6.3,0,0,"Jax","Home",19,"10/24/23",7
"Foster Moreau","NO","TE","W 38-27",1.3,0,0,0,0,0,0,0,0,0,0,0,0,0,0,0,0,"Ind","Away",73,"10/31/23",8
"Foster Moreau","NO","TE","W 24-17",1.8,0,0,0,0,0,0,1,23,0,1,0,0,0,3.3,0,0,"Chi","Home",32,"11/7/23",9
"Foster Moreau","NO","TE","L 19-27",1.9,0,0,0,0,0,0,0,0,0,0,0,0,0,0,0,0,"Min","Away",69.5,"11/14/23",10
"Foster Moreau","NO","TE","L 15-24",1.3,0,0,0,0,0,0,0,0,0,0,0,0,0,0,0,0,"Atl","Away",78,"11/28/23",12
"Foster Moreau","NO","TE","L 28-33",1.3,0,0,0,0,0,0,2,28,0,2,0,0,0,4.8,0,0,"Det","Home",24,"12/5/23",13
"Foster Moreau","NO","TE","W 28-6",3.5,0,0,0,0,0,0,2,8,0,2,0,0,0,2.8,0,0,"Car","Home",39,"12/12/23",14
"Foster Moreau","NO","TE","W 24-6",2.9,0,0,0,0,0,0,3,13,0,5,0,0,0,4.3,0,0,"NYG","Home",36,"12/19/23",15
"Foster Moreau","NO","TE","L 22-30",3.6,0,0,0,0,0,0,1,13,0,2,0,0,0,2.3,0,0,"LAR","Away",48,"12/26/23",16
"Foster Moreau","NO","TE","W 23-13",3.1,0,0,0,0,0,0,1,13,0,1,0,0,0,2.3,0,0,"TB","Away",46.5,"1/2/24",17
"Foster Moreau","NO","TE","W 48-17",2.4,0,0,0,0,0,0,1,3,0,1,0,0,0,1.3,0,0,"Atl","Home",56,"1/9/24",18
"Frank Darby","Atl","WR","L 23-25",0,0,0,0,0,0,0,0,0,0,0,0,0,0,0,0,0,"Ari","Away",123.5,"11/14/23",10
"Gabe Davis","Buf","WR","L 16-22",10.1,0,0,0,0,0,0,2,32,0,4,0,0,0,5.2,0,0,"NYJ","Away",69,"9/12/23",1
"Gabe Davis","Buf","WR","W 38-10",11.6,0,0,0,0,0,0,6,92,1,7,0,0,0,21.2,0,0,"LV","Home",14,"9/19/23",2
"Gabe Davis","Buf","WR","W 37-3",11.5,0,0,0,1,-2,0,1,35,1,4,0,0,0,10.3,0,0,"Wsh","Away",45,"9/26/23",3
"Gabe Davis","Buf","WR","W 48-20",10.6,0,0,0,0,0,0,3,61,1,3,0,0,0,15.1,0,0,"Mia","Home",21.5,"10/3/23",4
"Gabe Davis","Buf","WR","L 20-25",9.6,0,0,0,0,0,0,6,100,1,8,0,0,0,22,0,0,"Jax","Home",7.5,"10/10/23",5
"Gabe Davis","Buf","WR","W 14-9",10.9,0,0,0,0,0,0,3,21,0,4,0,1,0,3.1,0,0,"NYG","Home",84,"10/17/23",6
"Gabe Davis","Buf","WR","L 25-29",9.7,0,0,0,0,0,0,1,6,0,5,0,0,0,1.6,0,0,"NE","Away",88.5,"10/24/23",7
"Gabe Davis","Buf","WR","W 24-18",9.9,0,0,0,0,0,0,9,87,1,12,0,0,0,23.7,0,0,"TB","Home",9,"10/31/23",8
"Gabe Davis","Buf","WR","L 18-24",12.9,0,0,0,0,0,0,0,0,0,2,0,0,0,0,0,0,"Cin","Away",126.5,"11/7/23",9
"Gabe Davis","Buf","WR","L 22-24",11.8,0,0,0,0,0,0,2,56,0,6,0,0,0,9.6,0,0,"Den","Home",36,"11/14/23",10
"Gabe Davis","Buf","WR","W 32-6",9.9,0,0,0,0,0,0,0,0,0,0,0,0,0,0,0,0,"NYJ","Home",126,"11/21/23",11
"Gabe Davis","Buf","WR","L 34-37",9.9,0,0,0,0,0,0,6,105,1,12,0,0,0,22.5,0,0,"Phi","Away",8,"11/28/23",12
"Gabe Davis","Buf","WR","W 20-17",11.4,0,0,0,0,0,0,0,0,0,2,0,0,0,0,0,0,"KC","Away",134,"12/12/23",14
"Gabe Davis","Buf","WR","W 31-10",9.5,0,0,0,0,0,0,0,0,0,1,0,0,0,0,0,0,"Dal","Home",140,"12/19/23",15
"Gabe Davis","Buf","WR","W 24-22",7.9,0,0,0,0,0,0,4,130,1,6,0,0,0,23,0,0,"LAC","Away",12,"12/26/23",16
"Gabe Davis","Buf","WR","W 27-21",8.4,0,0,0,0,0,0,2,21,0,3,0,0,0,4.1,0,0,"NE","Home",76,"1/2/24",17
"Gabe Davis","Buf","WR","W 21-14",9.3,0,0,0,0,0,0,0,0,0,2,0,0,0,0,0,0,"Mia","Away",142.5,"1/9/24",18
"Gardner Minshew","Ind","QB","L 21-31",0,0,0,0,0,0,0,0,0,0,0,0,0,0,0,0,2,"Jax","Home",36,"9/12/23",1
"Gardner Minshew","Ind","QB","W 31-20",0,171,1,0,2,3,0,0,0,0,0,0,0,0,11.14,19,23,"Hou","Away",28,"9/19/23",2
"Gardner Minshew","Ind","QB","W 22-19",15.2,227,1,0,0,0,0,0,0,0,0,0,0,0,13.08,27,44,"Bal","Away",22,"9/26/23",3
"Gardner Minshew","Ind","QB","L 23-29",0,0,0,0,0,0,0,0,0,0,0,0,0,0,0,0,0,"LAR","Home",38.5,"10/3/23",4
"Gardner Minshew","Ind","QB","W 23-16",0,155,0,0,2,1,0,0,0,0,0,0,0,0,6.3,11,14,"Ten","Home",25,"10/10/23",5
"Gardner Minshew","Ind","QB","L 20-37",13.9,329,1,3,2,4,0,0,0,0,0,0,1,0,9.56,33,55,"Jax","Away",21,"10/17/23",6
"Gardner Minshew","Ind","QB","L 38-39",11.5,305,2,1,3,29,2,0,0,0,0,0,3,0,27.1,15,23,"Cle","Home",3,"10/24/23",7
"Gardner Minshew","Ind","QB","L 27-38",13.1,213,2,1,1,3,0,0,0,0,0,0,0,0,14.82,23,41,"NO","Home",15,"10/31/23",8
"Gardner Minshew","Ind","QB","W 27-13",14.2,127,1,0,5,5,0,0,0,0,0,0,0,0,9.58,17,26,"Car","Away",19,"11/7/23",9
"Gardner Minshew","Ind","QB","W 10-6",13.2,194,0,1,2,-1,0,0,0,0,0,0,0,0,5.66,18,28,"NE","Away",29,"11/14/23",10
"Gardner Minshew","Ind","QB","W 27-20",13.3,251,0,1,3,6,1,0,0,0,0,0,0,0,14.64,24,41,"TB","Home",14,"11/28/23",12
"Gardner Minshew","Ind","QB","W 31-28",13.7,312,2,0,3,2,0,0,0,0,0,0,1,0,18.68,26,42,"Ten","Away",11,"12/5/23",13
"Gardner Minshew","Ind","QB","L 14-34",14.6,240,1,1,2,5,0,0,0,0,0,0,0,0,14.1,26,39,"Cin","Away",19,"12/12/23",14
"Gardner Minshew","Ind","QB","W 30-13",13.4,215,3,0,2,0,0,0,0,0,0,0,0,0,20.6,18,28,"Pit","Home",6,"12/19/23",15
"Gardner Minshew","Ind","QB","L 10-29",13.7,201,0,1,4,31,0,0,0,0,0,0,0,0,9.14,20,37,"Atl","Away",29,"12/26/23",16
"Gardner Minshew","Ind","QB","W 23-20",13.2,224,1,0,2,3,0,0,0,0,0,0,0,0,13.26,15,23,"LV","Home",20,"1/2/24",17
"Gardner Minshew","Ind","QB","L 19-23",14.1,141,0,0,1,9,0,0,0,0,0,0,0,0,8.54,13,24,"Hou","Home",25,"1/9/24",18
"Garrett Wilson","NYJ","WR","W 22-16",16.4,0,0,0,0,0,0,5,34,1,5,0,0,0,14.4,0,0,"Buf","Home",22,"9/12/23",1
"Garrett Wilson","NYJ","WR","L 10-30",14,0,0,0,0,0,0,2,83,1,8,0,0,0,16.3,0,0,"Dal","Away",27,"9/19/23",2
"Garrett Wilson","NYJ","WR","L 10-15",14.3,0,0,0,0,0,0,5,48,0,9,0,0,0,9.8,0,0,"NE","Home",48,"9/26/23",3
"Garrett Wilson","NYJ","WR","L 20-23",13.9,0,0,0,0,0,0,9,60,0,14,0,0,0,15,0,0,"KC","Home",23,"10/3/23",4
"Garrett Wilson","NYJ","WR","W 31-21",17.1,0,0,0,0,0,0,3,54,0,7,0,0,0,8.4,0,0,"Den","Away",46,"10/10/23",5
"Garrett Wilson","NYJ","WR","W 20-14",14.8,0,0,0,0,0,0,8,90,0,12,0,0,0,17,0,0,"Phi","Home",16,"10/17/23",6
"Garrett Wilson","NYJ","WR","W 13-10",14.5,0,0,0,1,6,0,7,100,0,13,0,0,0,17.6,0,0,"NYG","Away",17,"10/31/23",8
"Garrett Wilson","NYJ","WR","L 6-27",16.1,0,0,0,0,0,0,7,80,0,13,0,1,0,13,0,0,"LAC","Home",20,"11/7/23",9
"Garrett Wilson","NYJ","WR","L 12-16",13.6,0,0,0,0,0,0,9,93,0,14,0,0,0,18.3,0,1,"LV","Away",13,"11/14/23",10
"Garrett Wilson","NYJ","WR","L 6-32",16.4,0,0,0,0,0,0,2,9,0,8,0,1,0,0.9,0,0,"Buf","Away",103,"11/21/23",11
"Garrett Wilson","NYJ","WR","L 13-34",15.2,0,0,0,0,0,0,7,44,1,10,0,0,0,17.4,0,0,"Mia","Home",20,"11/28/23",12
"Garrett Wilson","NYJ","WR","L 8-13",15,0,0,0,0,0,0,3,50,0,7,0,0,0,8,0,0,"Atl","Home",42,"12/5/23",13
"Garrett Wilson","NYJ","WR","W 30-6",13.4,0,0,0,1,3,0,9,108,0,14,0,0,0,20.1,0,0,"Hou","Home",7,"12/12/23",14
"Garrett Wilson","NYJ","WR","L 0-30",15.1,0,0,0,0,0,0,3,29,0,4,0,0,0,5.9,0,0,"Mia","Away",65.5,"12/19/23",15
"Garrett Wilson","NYJ","WR","W 30-28",15.4,0,0,0,1,-8,0,9,76,0,15,0,0,0,15.8,0,0,"Wsh","Home",23,"12/26/23",16
"Garrett Wilson","NYJ","WR","L 20-37",15,0,0,0,1,-1,0,5,50,0,10,0,0,0,9.9,0,0,"Cle","Away",38,"1/2/24",17
"Garrett Wilson","NYJ","WR","W 17-3",14.3,0,0,0,0,0,0,2,34,0,5,0,0,0,5.4,0,0,"NE","Away",62,"1/9/24",18
"Gary Brightwell","NYG","RB","L 0-40",1.2,0,0,0,1,5,0,2,6,0,2,0,0,0,3.1,0,0,"Dal","Home",55.5,"9/12/23",1
"Gary Brightwell","NYG","RB","W 31-28",1.4,0,0,0,0,0,0,0,0,0,0,0,0,0,0,0,0,"Ari","Away",96,"9/19/23",2
"Gary Brightwell","NYG","RB","L 12-30",5.6,0,0,0,4,5,0,2,31,0,3,0,0,0,5.6,0,0,"SF","Away",45,"9/26/23",3
"Gary Brightwell","NYG","RB","L 3-24",8,0,0,0,4,9,0,1,10,0,2,0,0,0,2.9,0,0,"Sea","Home",58,"10/3/23",4
"Gary Brightwell","NYG","RB","L 16-31",7,0,0,0,0,0,0,0,0,0,0,0,0,0,0,0,0,"Mia","Away",81,"10/10/23",5
"Gary Brightwell","NYG","RB","L 9-14",0,0,0,0,0,0,0,0,0,0,0,0,0,0,0,0,0,"Buf","Away",93,"10/17/23",6
"Gary Brightwell","NYG","RB","W 14-7",0,0,0,0,0,0,0,0,0,0,0,0,0,0,0,0,0,"Wsh","Home",76,"10/24/23",7
"Geno Smith","Sea","QB","L 13-30",19.2,112,1,0,1,6,0,0,0,0,0,0,0,0,9.08,16,26,"LAR","Home",22,"9/12/23",1
"Geno Smith","Sea","QB","W 37-31",17.6,328,2,0,3,20,0,0,0,0,0,0,0,0,23.12,32,41,"Det","Away",7,"9/19/23",2
"Geno Smith","Sea","QB","W 37-27",16.5,296,1,1,4,-4,0,0,0,0,0,0,0,0,15.44,23,36,"Car","Home",17,"9/26/23",3
"Geno Smith","Sea","QB","W 24-3",17.4,110,1,0,0,0,0,1,-2,0,1,0,0,0,9.2,13,20,"NYG","Away",24,"10/3/23",4
"Geno Smith","Sea","QB","L 13-17",16.3,326,0,2,4,20,0,0,0,0,0,0,0,0,11.04,27,41,"Cin","Away",17,"10/17/23",6
"Geno Smith","Sea","QB","W 20-10",16.8,219,2,1,6,10,0,0,0,0,0,0,1,0,13.76,18,24,"Ari","Home",18,"10/24/23",7
"Geno Smith","Sea","QB","W 24-20",13.8,254,2,2,2,-3,0,0,0,0,0,0,0,0,13.86,23,37,"Cle","Home",19,"10/31/23",8
"Geno Smith","Sea","QB","L 3-37",14,157,0,1,2,4,0,0,0,0,0,0,1,0,2.68,13,28,"Bal","Away",28,"11/7/23",9
"Geno Smith","Sea","QB","W 29-26",15.8,369,2,0,1,13,0,0,0,0,0,0,0,0,24.06,31,47,"Wsh","Home",5,"11/14/23",10
"Geno Smith","Sea","QB","L 16-17",16.1,233,1,0,1,-1,0,0,0,0,0,0,0,0,13.22,22,34,"LAR","Away",19,"11/21/23",11
"Geno Smith","Sea","QB","L 13-31",15.9,180,0,1,4,21,0,0,0,0,0,0,0,0,7.3,18,27,"SF","Home",29,"11/28/23",12
"Geno Smith","Sea","QB","L 35-41",14.8,334,3,1,2,6,1,0,0,0,0,0,0,0,29.96,23,41,"Dal","Away",1,"12/5/23",13
"Geno Smith","Sea","QB","W 20-17",16.1,227,2,0,1,2,0,0,0,0,0,0,0,0,17.28,25,36,"Ten","Away",15,"12/26/23",16
"Geno Smith","Sea","QB","L 23-30",15.9,290,1,0,3,33,0,0,0,0,0,0,1,0,16.9,23,33,"Pit","Home",13,"1/2/24",17
"Geno Smith","Sea","QB","W 21-20",18.2,189,2,0,3,28,0,0,0,0,0,0,0,0,20.36,16,28,"Ari","Away",8,"1/9/24",18
"Geoff Swaim","Ari","TE","L 16-20",1,0,0,0,0,0,0,0,0,0,0,0,0,0,0,0,0,"Wsh","Away",75,"9/12/23",1
"Geoff Swaim","Ari","TE","L 28-31",0.4,0,0,0,0,0,0,0,0,0,0,0,0,0,0,0,0,"NYG","Home",76,"9/19/23",2
"Geoff Swaim","Ari","TE","W 28-16",0.4,0,0,0,0,0,0,0,0,0,0,0,0,0,0,0,0,"Dal","Home",79,"9/26/23",3
"Geoff Swaim","Ari","TE","L 16-35",0.4,0,0,0,0,0,0,0,0,0,1,0,0,0,0,0,0,"SF","Away",79.5,"10/3/23",4
"Geoff Swaim","Ari","TE","L 20-34",1.1,0,0,0,0,0,0,2,22,0,2,0,0,0,4.2,0,0,"Cin","Home",27,"10/10/23",5
"Geoff Swaim","Ari","TE","L 9-26",1.6,0,0,0,0,0,0,0,0,0,0,0,0,0,0,0,0,"LAR","Away",72,"10/17/23",6
"Geoff Swaim","Ari","TE","L 10-20",1.1,0,0,0,0,0,0,1,8,0,1,0,0,0,1.8,0,0,"Sea","Away",34.5,"10/24/23",7
"Geoff Swaim","Ari","TE","L 24-31",2.5,0,0,0,0,0,0,0,0,0,0,0,0,0,0,0,0,"Bal","Home",73,"10/31/23",8
"Geoff Swaim","Ari","TE","L 0-27",1.9,0,0,0,0,0,0,0,0,0,0,0,0,0,0,0,0,"Cle","Away",68,"11/7/23",9
"Geoff Swaim","Ari","TE","W 25-23",1.5,0,0,0,0,0,0,2,13,0,2,0,0,0,3.3,0,0,"Atl","Home",33,"11/14/23",10
"Geoff Swaim","Ari","TE","L 16-21",1.6,0,0,0,0,0,0,2,15,0,2,0,0,0,3.5,0,0,"Hou","Away",30.5,"11/21/23",11
"Geoff Swaim","Ari","TE","L 14-37",2,0,0,0,0,0,0,0,0,0,0,0,0,0,0,0,0,"LAR","Home",78,"11/28/23",12
"Geoff Swaim","Ari","TE","W 24-10",1.5,0,0,0,0,0,0,2,10,0,2,0,0,0,3,0,0,"Pit","Away",30.5,"12/5/23",13
"Geoff Swaim","Ari","TE","L 29-45",2.1,0,0,0,0,0,0,1,26,0,1,0,0,0,3.6,0,0,"SF","Home",40.5,"12/19/23",15
"George Kittle","SF","TE","W 30-7",10.5,0,0,0,0,0,0,3,19,0,6,0,0,0,4.9,0,0,"Pit","Away",26,"9/12/23",1
"George Kittle","SF","TE","W 30-23",11.4,0,0,0,0,0,0,3,30,0,3,0,0,0,6,0,0,"LAR","Away",32,"9/19/23",2
"George Kittle","SF","TE","W 30-12",12,0,0,0,0,0,0,7,90,0,9,0,0,0,16,0,0,"NYG","Home",3,"9/26/23",3
"George Kittle","SF","TE","W 35-16",11.2,0,0,0,0,0,0,1,9,0,1,0,0,0,1.9,0,0,"Ari","Home",45,"10/3/23",4
"George Kittle","SF","TE","W 42-10",10.3,0,0,0,0,0,0,3,67,3,4,0,0,0,27.7,0,0,"Dal","Home",1,"10/10/23",5
"George Kittle","SF","TE","L 17-19",10,0,0,0,0,0,0,1,1,0,2,0,0,0,1.1,0,0,"Cle","Away",51,"10/17/23",6
"George Kittle","SF","TE","L 17-22",10.4,0,0,0,1,2,0,5,78,0,7,0,0,0,13,0,0,"Min","Away",8,"10/24/23",7
"George Kittle","SF","TE","L 17-31",11.3,0,0,0,0,0,0,9,149,0,11,0,0,0,23.9,0,0,"Cin","Home",2,"10/31/23",8
"George Kittle","SF","TE","W 34-3",10.8,0,0,0,0,0,0,3,116,1,4,0,0,0,20.6,0,0,"Jax","Away",3,"11/14/23",10
"George Kittle","SF","TE","W 27-14",11.8,0,0,0,0,0,0,8,89,1,9,0,0,0,22.9,0,0,"TB","Home",1,"11/21/23",11
"George Kittle","SF","TE","W 31-13",12.9,0,0,0,0,0,0,3,19,0,5,0,0,0,4.9,0,0,"Sea","Away",25.5,"11/28/23",12
"George Kittle","SF","TE","W 42-19",13.2,0,0,0,0,0,0,4,68,0,6,0,0,0,10.8,0,0,"Phi","Away",8,"12/5/23",13
"George Kittle","SF","TE","W 28-16",12.7,0,0,0,0,0,0,3,76,1,5,0,0,0,16.6,0,0,"Sea","Home",5,"12/12/23",14
"George Kittle","SF","TE","W 45-29",13.3,0,0,0,0,0,0,2,54,0,4,0,0,0,7.4,0,0,"Ari","Away",22,"12/19/23",15
"George Kittle","SF","TE","L 19-33",12.6,0,0,0,0,0,0,7,126,0,10,0,0,0,19.6,0,0,"Bal","Home",1,"12/26/23",16
"George Kittle","SF","TE","W 27-10",13.4,0,0,0,0,0,0,3,29,0,4,0,0,0,5.9,0,0,"Wsh","Away",27,"1/2/24",17
"George Pickens","Pit","WR","L 7-30",10.8,0,0,0,0,0,0,5,36,0,7,0,0,0,8.6,0,0,"SF","Home",49,"9/12/23",1
"George Pickens","Pit","WR","W 26-22",11.4,0,0,0,0,0,0,4,127,1,10,0,0,0,22.7,0,0,"Cle","Home",11,"9/19/23",2
"George Pickens","Pit","WR","W 23-18",14,0,0,0,0,0,0,4,75,0,6,0,0,0,11.5,0,0,"LV","Away",38,"9/26/23",3
"George Pickens","Pit","WR","L 6-30",14.2,0,0,0,0,0,0,3,25,0,7,0,0,0,5.5,0,0,"Hou","Away",65,"10/3/23",4
"George Pickens","Pit","WR","W 17-10",13.1,0,0,0,1,16,0,6,130,1,10,0,0,0,26.6,0,0,"Bal","Home",5,"10/10/23",5
"George Pickens","Pit","WR","W 24-17",12.4,0,0,0,0,0,0,5,107,0,8,0,0,0,15.7,0,0,"LAR","Away",19,"10/24/23",7
"George Pickens","Pit","WR","L 10-20",13.1,0,0,0,0,0,0,1,22,1,5,0,0,0,9.2,0,0,"Jax","Home",53,"10/31/23",8
"George Pickens","Pit","WR","W 20-16",13.8,0,0,0,0,0,0,2,-1,0,5,0,0,0,1.9,0,0,"Ten","Home",92,"11/7/23",9
"George Pickens","Pit","WR","W 23-19",11.9,0,0,0,0,0,0,3,45,0,4,0,0,0,7.5,0,0,"GB","Home",43.5,"11/14/23",10
"George Pickens","Pit","WR","L 10-13",8.9,0,0,0,1,-1,0,4,38,0,6,0,0,0,7.7,0,0,"Cle","Away",47,"11/21/23",11
"George Pickens","Pit","WR","W 16-10",9.6,0,0,0,0,0,0,3,58,0,5,0,0,0,8.8,0,0,"Cin","Away",48,"11/28/23",12
"George Pickens","Pit","WR","L 10-24",9.6,0,0,0,0,0,0,4,86,0,5,0,0,0,12.6,0,0,"Ari","Home",30,"12/5/23",13
"George Pickens","Pit","WR","L 18-21",8.9,0,0,0,0,0,0,5,19,0,6,0,0,0,6.9,0,0,"NE","Home",49,"12/12/23",14
"George Pickens","Pit","WR","L 13-30",8.9,0,0,0,0,0,0,3,47,0,7,0,0,0,7.7,0,0,"Ind","Away",49.5,"12/19/23",15
"George Pickens","Pit","WR","W 34-11",9.8,0,0,0,0,0,0,4,195,2,6,0,0,0,35.5,0,0,"Cin","Home",2,"12/26/23",16
"George Pickens","Pit","WR","W 30-23",11.4,0,0,0,0,0,0,7,131,0,9,0,0,0,20.1,0,0,"Sea","Away",9,"1/2/24",17
"George Pickens","Pit","WR","W 17-10",11.6,0,0,0,1,3,0,0,0,0,0,0,0,0,0.3,0,0,"Bal","Away",121,"1/9/24",18
"Gerald Everett","LAC","TE","L 34-36",7.5,0,0,0,1,2,0,2,21,0,3,0,0,0,4.3,0,0,"Mia","Home",29.5,"9/12/23",1
"Gerald Everett","LAC","TE","L 24-27",7.1,0,0,0,0,0,0,3,47,0,3,0,0,0,7.7,0,0,"Ten","Away",22,"9/19/23",2
"Gerald Everett","LAC","TE","W 28-24",6.8,0,0,0,0,0,0,6,30,0,6,0,0,0,9,0,0,"Min","Away",14,"9/26/23",3
"Gerald Everett","LAC","TE","W 24-17",8.2,0,0,0,0,0,0,2,9,0,2,0,0,0,2.9,0,0,"LV","Home",37,"10/3/23",4
"Gerald Everett","LAC","TE","L 17-20",7.2,0,0,0,1,2,0,3,16,1,5,0,0,0,10.8,0,0,"Dal","Home",10,"10/17/23",6
"Gerald Everett","LAC","TE","L 17-31",8.2,0,0,0,0,0,0,3,26,1,4,0,0,0,11.6,0,0,"KC","Away",9,"10/24/23",7
"Gerald Everett","LAC","TE","W 27-6",7.5,0,0,0,0,0,0,2,18,0,2,0,0,0,3.8,0,0,"NYJ","Away",30,"11/7/23",9
"Gerald Everett","LAC","TE","L 38-41",7.8,0,0,0,0,0,0,0,0,0,2,0,0,0,0,0,0,"Det","Home",69.5,"11/14/23",10
"Gerald Everett","LAC","TE","L 10-20",6.4,0,0,0,0,0,0,4,43,1,4,0,0,0,14.3,0,0,"Bal","Home",6,"11/28/23",12
"Gerald Everett","LAC","TE","W 6-0",6.1,0,0,0,0,0,0,4,44,0,5,0,0,0,8.4,0,0,"NE","Away",14,"12/5/23",13
"Gerald Everett","LAC","TE","L 7-24",6.4,0,0,0,0,0,0,5,39,0,8,0,0,0,8.9,0,0,"Den","Home",21,"12/12/23",14
"Gerald Everett","LAC","TE","L 21-63",7.7,0,0,0,0,0,0,5,41,0,8,0,0,0,9.1,0,0,"LV","Away",16,"12/19/23",15
"Gerald Everett","LAC","TE","L 22-24",8.5,0,0,0,0,0,0,7,42,0,8,0,0,0,11.2,0,0,"Buf","Home",12.5,"12/26/23",16
"Gerald Everett","LAC","TE","L 9-16",9.6,0,0,0,1,6,0,4,31,0,9,0,0,0,7.7,0,0,"Den","Away",20,"1/2/24",17
"Gerald Everett","LAC","TE","L 12-13",10.4,0,0,0,0,0,0,1,4,0,1,0,0,0,1.4,0,0,"KC","Home",53.5,"1/9/24",18
"Giovanni Ricci","Car","TE","L 10-24",0,0,0,0,0,0,0,1,2,0,1,0,0,0,1.2,0,0,"Atl","Away",47.5,"9/12/23",1
"Giovanni Ricci","Car","TE","L 17-20",0.5,0,0,0,0,0,0,0,0,0,0,0,0,0,0,0,0,"NO","Home",76,"9/19/23",2
"Giovanni Ricci","Car","TE","L 27-37",0.5,0,0,0,0,0,0,0,0,0,0,0,0,0,0,0,0,"Sea","Away",79,"9/26/23",3
"Giovanni Ricci","Car","TE","L 13-21",0.6,0,0,0,0,0,0,0,0,0,0,0,0,0,0,0,0,"Min","Home",79.5,"10/3/23",4
"Giovanni Ricci","Car","TE","L 24-42",0.3,0,0,0,0,0,0,0,0,0,0,0,0,0,0,0,0,"Det","Away",71,"10/10/23",5
"Godwin Igwebuike","Pit","RB","L 7-30",1.1,0,0,0,0,0,0,0,0,0,0,0,0,0,0,0,0,"SF","Home",96,"9/12/23",1
"Godwin Igwebuike","Pit","RB","W 26-22",0,0,0,0,0,0,0,0,0,0,0,0,0,0,0,0,0,"Cle","Home",96,"9/19/23",2
"Godwin Igwebuike","Pit","RB","W 24-17",0,0,0,0,0,0,0,0,0,0,0,0,0,0,0,0,0,"LAR","Away",76,"10/24/23",7
"Godwin Igwebuike","Pit","RB","L 10-20",0.1,0,0,0,0,0,0,0,0,0,0,0,0,0,0,0,0,"Jax","Home",97,"10/31/23",8
"Godwin Igwebuike","Pit","RB","W 20-16",0.1,0,0,0,0,0,0,0,0,0,0,0,0,0,0,0,0,"Ten","Home",82.5,"11/7/23",9
"Godwin Igwebuike","Pit","RB","W 16-10",0,0,0,0,0,0,0,0,0,0,0,0,0,0,0,0,0,"Cin","Away",90,"11/28/23",12
"Godwin Igwebuike","Pit","RB","L 10-24",0.1,0,0,0,0,0,0,0,0,0,0,0,0,0,0,0,0,"Ari","Home",72,"12/5/23",13
"Godwin Igwebuike","Pit","RB","L 18-21",0.1,0,0,0,0,0,0,0,0,0,0,0,0,0,0,0,0,"NE","Home",89.5,"12/12/23",14
"Godwin Igwebuike","Pit","RB","L 13-30",0.1,0,0,0,0,0,0,0,0,0,0,0,0,0,0,0,0,"Ind","Away",94,"12/19/23",15
"Godwin Igwebuike","Pit","RB","W 34-11",0.1,0,0,0,0,0,0,0,0,0,0,0,0,0,0,0,0,"Cin","Home",92,"12/26/23",16
"Godwin Igwebuike","Pit","RB","W 30-23",0.1,0,0,0,0,0,0,0,0,0,0,0,0,0,0,0,0,"Sea","Away",92.5,"1/2/24",17
"Godwin Igwebuike","Pit","RB","W 17-10",0.1,0,0,0,0,0,0,0,0,0,0,0,0,0,0,0,0,"Bal","Away",88.5,"1/9/24",18
"Grant Calcaterra","Phi","TE","W 25-20",0,0,0,0,0,0,0,0,0,0,0,0,0,0,0,0,0,"NE","Away",75,"9/12/23",1
"Grant Calcaterra","Phi","TE","W 34-28",0,0,0,0,0,0,0,0,0,0,0,0,0,0,0,0,0,"Min","Home",76,"9/19/23",2
"Grant Calcaterra","Phi","TE","W 25-11",0,0,0,0,0,0,0,0,0,0,0,0,0,0,0,0,0,"TB","Away",79,"9/26/23",3
"Grant Calcaterra","Phi","TE","W 34-31",0,0,0,0,0,0,0,0,0,0,0,0,0,0,0,0,0,"Wsh","Home",79.5,"10/3/23",4
"Grant Calcaterra","Phi","TE","W 23-14",0,0,0,0,0,0,0,0,0,0,0,0,0,0,0,0,0,"LAR","Away",71,"10/10/23",5
"Grant Calcaterra","Phi","TE","L 14-20",0,0,0,0,0,0,0,0,0,0,0,0,0,0,0,0,0,"NYJ","Away",72,"10/17/23",6
"Grant Calcaterra","Phi","TE","W 31-17",0,0,0,0,0,0,0,0,0,0,0,0,0,0,0,0,0,"Mia","Home",62,"10/24/23",7
"Grant Calcaterra","Phi","TE","W 38-31",0,0,0,0,0,0,0,0,0,0,0,0,0,0,0,0,0,"Wsh","Away",73,"10/31/23",8
"Grant Calcaterra","Phi","TE","W 21-17",2.8,0,0,0,0,0,0,0,0,0,0,0,0,0,0,0,0,"KC","Away",67,"11/21/23",11
"Grant Calcaterra","Phi","TE","L 19-42",0.5,0,0,0,0,0,0,0,0,0,0,0,0,0,0,0,0,"SF","Home",66,"12/5/23",13
"Grant Calcaterra","Phi","TE","L 13-33",0,0,0,0,0,0,0,0,0,0,0,0,0,0,0,0,0,"Dal","Away",73,"12/12/23",14
"Grant Calcaterra","Phi","TE","L 17-20",0,0,0,0,0,0,0,0,0,0,0,0,0,0,0,0,0,"Sea","Away",81.5,"12/19/23",15
"Grant Calcaterra","Phi","TE","W 33-25",0,0,0,0,0,0,0,2,21,0,2,0,0,0,4.1,0,0,"NYG","Home",39,"12/26/23",16
"Grant Calcaterra","Phi","TE","L 31-35",0.5,0,0,0,0,0,0,0,0,0,0,0,0,0,0,0,0,"Ari","Home",76,"1/2/24",17
"Grant Calcaterra","Phi","TE","L 10-27",0.2,0,0,0,0,0,0,2,18,0,2,0,0,0,3.8,0,0,"NYG","Away",31.5,"1/9/24",18
"Greg Dortch","Ari","WR","L 16-20",1.8,0,0,0,0,0,0,0,0,0,0,0,0,0,0,0,0,"Wsh","Away",135,"9/12/23",1
"Greg Dortch","Ari","WR","L 28-31",0.1,0,0,0,0,0,0,0,0,0,0,0,0,0,0,0,0,"NYG","Home",145,"9/19/23",2
"Greg Dortch","Ari","WR","W 28-16",0.1,0,0,0,0,0,0,0,0,0,0,0,0,0,0,0,0,"Dal","Home",141,"9/26/23",3
"Greg Dortch","Ari","WR","L 16-35",0.1,0,0,0,0,0,0,0,0,0,0,0,0,0,0,0,0,"SF","Away",143,"10/3/23",4
"Greg Dortch","Ari","WR","L 20-34",0.1,0,0,0,0,0,0,0,0,0,0,0,0,0,0,0,0,"Cin","Home",124.5,"10/10/23",5
"Greg Dortch","Ari","WR","L 9-26",0.1,0,0,0,0,0,0,0,0,0,1,0,0,0,0,0,0,"LAR","Away",128,"10/17/23",6
"Greg Dortch","Ari","WR","L 10-20",2.7,0,0,0,0,0,0,0,0,0,0,0,0,0,0,0,0,"Sea","Away",116,"10/24/23",7
"Greg Dortch","Ari","WR","L 0-27",2.3,0,0,0,0,0,0,1,2,0,1,0,0,0,1.2,0,0,"Cle","Away",104.5,"11/7/23",9
"Greg Dortch","Ari","WR","W 25-23",0.1,0,0,0,0,0,0,0,0,0,0,0,0,0,0,0,0,"Atl","Home",123.5,"11/14/23",10
"Greg Dortch","Ari","WR","L 16-21",4.9,0,0,0,0,0,0,6,76,0,8,0,0,0,13.6,0,0,"Hou","Away",23,"11/21/23",11
"Greg Dortch","Ari","WR","L 14-37",4,0,0,0,0,0,0,3,27,1,9,0,0,0,11.7,0,0,"LAR","Home",34,"11/28/23",12
"Greg Dortch","Ari","WR","W 24-10",8.7,0,0,0,0,0,0,1,19,0,3,0,0,0,2.9,0,0,"Pit","Away",67,"12/5/23",13
"Greg Dortch","Ari","WR","L 29-45",4.1,0,0,0,1,5,0,2,15,0,3,0,0,0,4,0,0,"SF","Home",80,"12/19/23",15
"Greg Dortch","Ari","WR","L 16-27",7.2,0,0,0,0,0,0,2,45,1,5,0,0,0,12.5,0,0,"Chi","Away",31,"12/26/23",16
"Greg Dortch","Ari","WR","W 35-31",7.9,0,0,0,0,0,0,7,82,0,7,0,0,0,15.2,0,0,"Phi","Away",25,"1/2/24",17
"Greg Dortch","Ari","WR","L 20-21",9.3,0,0,0,0,0,0,2,14,0,4,0,0,0,3.4,0,0,"Sea","Home",81.5,"1/9/24",18
"Greg Dulcich","Den","TE","L 16-17",7.2,0,0,0,0,0,0,2,22,0,2,0,0,0,4.2,0,0,"LV","Home",31,"9/12/23",1
"Greg Dulcich","Den","TE","L 8-19",3.5,0,0,0,0,0,0,1,3,0,2,0,0,0,1.3,0,0,"KC","Away",49,"10/17/23",6
"Gunner Olszewski","Pit","WR","W 26-22",0,0,0,0,0,0,0,1,0,0,1,0,1,0,-1,0,0,"Cle","Home",167,"9/19/23",2
"Gunner Olszewski","Pit","WR","W 17-10",0.1,0,0,0,0,0,0,0,0,0,0,0,1,0,-2,0,0,"Bal","Home",143.5,"10/10/23",5
"Gunner Olszewski","NYG","WR","L 6-30",0.1,0,0,0,0,0,0,0,0,0,0,0,0,0,0,0,0,"LV","Away",126.5,"11/7/23",9
"Gunner Olszewski","NYG","WR","L 17-49",0.1,0,0,0,0,0,0,0,0,0,0,0,0,0,0,0,0,"Dal","Away",123.5,"11/14/23",10
"Gunner Olszewski","NYG","WR","W 31-19",0.1,0,0,0,0,0,0,0,0,0,0,0,0,0,0,0,0,"Wsh","Away",126,"11/21/23",11
"Gunner Olszewski","NYG","WR","W 10-7",0.1,0,0,0,0,0,0,0,0,0,0,0,0,0,0,0,0,"NE","Home",149,"11/28/23",12
"Gunner Olszewski","NYG","WR","W 24-22",0.1,0,0,0,0,0,0,0,0,0,0,0,0,0,0,0,0,"GB","Home",134,"12/12/23",14
"Gunner Olszewski","NYG","WR","L 6-24",0.1,0,0,0,0,0,0,0,0,0,0,0,0,0,0,0,0,"NO","Away",140,"12/19/23",15
"Gunner Olszewski","NYG","WR","L 25-33",0.1,0,0,0,0,0,0,0,0,0,0,0,0,0,0,0,0,"Phi","Away",144.5,"12/26/23",16
"Gunner Olszewski","NYG","WR","L 25-26",0.1,0,0,0,0,0,0,0,0,0,0,0,0,1,6,0,0,"LAR","Home",60.5,"1/2/24",17
"Gunner Olszewski","NYG","WR","W 27-10",0.1,0,0,0,0,0,0,0,0,0,0,0,0,0,0,0,0,"Phi","Home",142.5,"1/9/24",18
"Gus Edwards","Bal","RB","W 25-9",5.4,0,0,0,8,32,0,0,0,0,0,0,0,0,5.2,0,0,"Hou","Home",46,"9/12/23",1
"Gus Edwards","Bal","RB","W 27-24",5.6,0,0,0,10,62,1,0,0,0,0,0,0,0,12.2,0,0,"Cin","Away",22,"9/19/23",2
"Gus Edwards","Bal","RB","L 19-22",12.9,0,0,0,11,51,0,0,0,0,0,0,0,0,5.1,0,0,"Ind","Home",48,"9/26/23",3
"Gus Edwards","Bal","RB","W 28-3",6.9,0,0,0,15,48,0,2,1,0,3,0,0,0,6.9,0,0,"Cle","Away",35,"10/3/23",4
"Gus Edwards","Bal","RB","L 10-17",9.9,0,0,0,12,48,0,0,0,0,0,0,0,0,4.8,0,0,"Pit","Away",38,"10/10/23",5
"Gus Edwards","Bal","RB","W 24-16",9.8,0,0,0,16,41,0,1,12,0,1,0,0,0,6.3,0,0,"Ten","Away",37.5,"10/17/23",6
"Gus Edwards","Bal","RB","W 38-6",8.7,0,0,0,14,64,1,1,80,0,1,0,0,0,21.4,0,0,"Det","Home",6,"10/24/23",7
"Gus Edwards","Bal","RB","W 31-24",11.8,0,0,0,19,80,3,2,14,0,2,0,0,0,29.4,0,0,"Ari","Away",3,"10/31/23",8
"Gus Edwards","Bal","RB","W 37-3",12.7,0,0,0,5,52,2,0,0,0,0,0,0,0,17.2,0,0,"Sea","Home",11,"11/7/23",9
"Gus Edwards","Bal","RB","L 31-33",12.2,0,0,0,11,24,1,1,4,0,1,0,0,0,9.8,0,0,"Cle","Home",31,"11/14/23",10
"Gus Edwards","Bal","RB","W 34-20",11.3,0,0,0,12,62,2,2,8,0,2,0,0,0,21,0,0,"Cin","Home",5.5,"11/21/23",11
"Gus Edwards","Bal","RB","W 20-10",11.2,0,0,0,8,26,0,1,11,0,1,0,0,0,4.7,0,0,"LAC","Away",48,"11/28/23",12
"Gus Edwards","Bal","RB","W 37-31",10,0,0,0,6,15,0,0,0,0,0,0,0,0,1.5,0,0,"LAR","Home",62,"12/12/23",14
"Gus Edwards","Bal","RB","W 23-7",7.8,0,0,0,16,58,1,1,11,0,1,0,0,0,13.9,0,0,"Jax","Away",17,"12/19/23",15
"Gus Edwards","Bal","RB","W 33-19",11.5,0,0,0,9,31,1,1,39,0,1,0,0,0,14,0,0,"SF","Away",18,"12/26/23",16
"Gus Edwards","Bal","RB","W 56-19",9.7,0,0,0,16,68,1,0,0,0,0,0,1,0,10.8,0,0,"Mia","Home",29,"1/2/24",17
"Gus Edwards","Bal","RB","L 10-17",4.2,0,0,0,10,48,0,0,0,0,0,0,1,0,2.8,0,0,"Pit","Home",52,"1/9/24",18
"Harrison Bryant","Cle","TE","W 24-3",2.2,0,0,0,0,0,0,2,5,1,2,0,0,0,8.5,0,0,"Cin","Home",9,"9/12/23",1
"Harrison Bryant","Cle","TE","L 22-26",2.1,0,0,0,0,0,0,0,0,0,2,0,0,0,0,0,0,"Pit","Away",76,"9/19/23",2
"Harrison Bryant","Cle","TE","W 27-3",2.1,0,0,0,2,4,0,0,0,0,0,0,0,0,0.4,0,0,"Ten","Home",59,"9/26/23",3
"Harrison Bryant","Cle","TE","L 3-28",1.6,0,0,0,1,2,0,1,2,0,1,0,0,0,1.4,0,0,"Bal","Home",54,"10/3/23",4
"Harrison Bryant","Cle","TE","W 19-17",2,0,0,0,0,0,0,0,0,0,1,0,0,0,0,0,0,"SF","Home",72,"10/17/23",6
"Harrison Bryant","Cle","TE","W 39-38",2,0,0,0,0,0,0,0,0,0,1,0,0,0,0,0,0,"Ind","Away",62,"10/24/23",7
"Harrison Bryant","Cle","TE","L 20-24",1.8,0,0,0,0,0,0,0,0,0,1,0,0,0,0,0,0,"Sea","Away",73,"10/31/23",8
"Harrison Bryant","Cle","TE","W 27-0",1.9,0,0,0,0,0,0,0,0,0,0,0,0,0,0,0,0,"Ari","Home",68,"11/7/23",9
"Harrison Bryant","Cle","TE","W 33-31",1.1,0,0,0,1,2,0,1,3,0,1,0,0,0,1.5,0,0,"Bal","Away",47,"11/14/23",10
"Harrison Bryant","Cle","TE","W 13-10",1.2,0,0,0,0,0,0,0,0,0,0,0,0,0,0,0,0,"Pit","Home",67,"11/21/23",11
"Harrison Bryant","Cle","TE","L 12-29",1.2,0,0,0,1,0,0,1,2,1,1,0,1,0,5.2,0,0,"Den","Away",24,"11/28/23",12
"Harrison Bryant","Cle","TE","L 19-36",1.4,0,0,0,0,0,0,5,49,1,5,0,0,0,15.9,0,0,"LAR","Away",5,"12/5/23",13
"Harrison Bryant","Cle","TE","W 31-27",3.6,0,0,0,0,0,0,0,0,0,0,0,0,0,0,0,0,"Jax","Home",73,"12/12/23",14
"Harrison Bryant","Cle","TE","W 20-17",2.4,0,0,0,0,0,0,0,0,0,1,0,0,0,0,0,0,"Chi","Home",81.5,"12/19/23",15
"Harrison Bryant","Cle","TE","W 36-22",1.9,0,0,0,0,0,0,1,6,0,1,0,0,0,1.6,0,0,"Hou","Away",53.5,"12/26/23",16
"Harrison Bryant","Cle","TE","W 37-20",2.5,0,0,0,0,0,0,2,14,0,3,0,0,0,3.4,0,0,"NYJ","Home",40.5,"1/2/24",17
"Harrison Bryant","Cle","TE","L 14-31",5.2,0,0,0,0,0,0,0,0,0,0,0,0,0,0,0,0,"Cin","Away",76.5,"1/9/24",18
"Hayden Hurst","Car","TE","L 10-24",6.8,0,0,0,0,0,0,5,41,1,7,0,0,0,15.1,0,0,"Atl","Away",2,"9/12/23",1
"Hayden Hurst","Car","TE","L 17-20",7.9,0,0,0,0,0,0,3,20,0,3,0,0,0,5,0,0,"NO","Home",35,"9/19/23",2
"Hayden Hurst","Car","TE","L 27-37",7.8,0,0,0,0,0,0,1,11,0,3,0,0,0,2.1,0,0,"Sea","Away",44.5,"9/26/23",3
"Hayden Hurst","Car","TE","L 13-21",7.1,0,0,0,0,0,0,1,7,0,3,0,0,0,1.7,0,0,"Min","Home",47.5,"10/3/23",4
"Hayden Hurst","Car","TE","L 24-42",5.3,0,0,0,0,0,0,3,21,0,3,0,0,0,5.1,0,0,"Det","Away",24,"10/10/23",5
"Hayden Hurst","Car","TE","L 21-42",4.9,0,0,0,0,0,0,1,16,0,3,0,0,0,2.6,0,0,"Mia","Away",32,"10/17/23",6
"Hayden Hurst","Car","TE","W 15-13",4.9,0,0,0,0,0,0,0,0,0,2,0,0,0,0,0,0,"Hou","Home",73,"10/31/23",8
"Hayden Hurst","Car","TE","L 13-27",4.3,0,0,0,0,0,0,2,54,0,4,0,0,0,7.4,0,0,"Ind","Home",21,"11/7/23",9
"Hayden Hurst","Car","TE","L 13-16",5.6,0,0,0,0,0,0,2,14,0,4,0,0,0,3.4,0,0,"Chi","Away",32,"11/14/23",10
"Henry Pearson","GB","TE","W 29-22",NA,0,0,0,0,0,0,0,0,0,0,0,0,0,0,0,0,"Det","Away",78,"11/28/23",12
"Henry Pearson","GB","TE","W 27-19",0,0,0,0,0,0,0,0,0,0,0,0,0,0,0,0,0,"KC","Home",66,"12/5/23",13
"Hunter Henry","NE","TE","L 20-25",6.5,0,0,0,0,0,0,5,56,1,6,0,0,0,16.6,0,0,"Phi","Home",1,"9/12/23",1
"Hunter Henry","NE","TE","L 17-24",8,0,0,0,0,0,0,6,52,1,7,0,0,0,17.2,0,0,"Mia","Home",2,"9/19/23",2
"Hunter Henry","NE","TE","W 15-10",8.3,0,0,0,0,0,0,2,17,0,5,0,0,0,3.7,0,0,"NYJ","Away",28.5,"9/26/23",3
"Hunter Henry","NE","TE","L 3-38",8.3,0,0,0,0,0,0,4,51,0,5,0,0,0,9.1,0,0,"Dal","Away",18,"10/3/23",4
"Hunter Henry","NE","TE","L 0-34",9.4,0,0,0,0,0,0,0,0,0,2,0,0,0,0,0,0,"NO","Home",71,"10/10/23",5
"Hunter Henry","NE","TE","L 17-21",8.4,0,0,0,0,0,0,1,7,0,3,0,0,0,1.7,0,0,"LV","Away",43.5,"10/17/23",6
"Hunter Henry","NE","TE","W 29-25",7,0,0,0,0,0,0,2,27,0,3,0,0,0,4.7,0,0,"Buf","Home",23,"10/24/23",7
"Hunter Henry","NE","TE","L 17-31",7,0,0,0,0,0,0,3,28,0,3,0,0,0,5.8,0,0,"Mia","Away",23.5,"10/31/23",8
"Hunter Henry","NE","TE","L 17-20",6,0,0,0,0,0,0,4,39,1,6,0,0,0,13.9,0,0,"Wsh","Home",11,"11/7/23",9
"Hunter Henry","NE","TE","L 6-10",6.7,0,0,0,0,0,0,3,21,0,5,0,0,0,5.1,0,0,"Ind","Home",23.5,"11/14/23",10
"Hunter Henry","NE","TE","L 7-10",7.2,0,0,0,0,0,0,0,0,0,0,0,0,0,0,0,0,"NYG","Away",78,"11/28/23",12
"Hunter Henry","NE","TE","L 0-6",6.8,0,0,0,0,0,0,2,15,0,4,0,0,0,3.5,0,0,"LAC","Home",27,"12/5/23",13
"Hunter Henry","NE","TE","W 21-18",7.8,0,0,0,0,0,0,3,40,2,3,0,0,0,19,0,0,"Pit","Away",4,"12/12/23",14
"Hunter Henry","NE","TE","L 17-27",7,0,0,0,0,0,0,7,66,1,9,0,0,0,19.6,0,0,"KC","Home",4,"12/19/23",15
"Hunter Kampmoyer","LAC","TE","L 10-20",0,0,0,0,0,0,0,0,0,0,0,0,0,0,0,0,0,"Bal","Home",78,"11/28/23",12
"Hunter Long","LAR","TE","W 17-16",0,0,0,0,0,0,0,0,0,0,0,0,0,0,0,0,0,"Sea","Home",67,"11/21/23",11
"Hunter Long","LAR","TE","W 37-14",0,0,0,0,0,0,0,0,0,0,0,0,0,0,0,0,0,"Ari","Away",78,"11/28/23",12
"Hunter Long","LAR","TE","W 36-19",0.2,0,0,0,0,0,0,0,0,0,0,0,0,0,0,0,0,"Cle","Home",66,"12/5/23",13
"Hunter Long","LAR","TE","L 31-37",3.7,0,0,0,0,0,0,0,0,0,0,0,0,0,0,0,0,"Bal","Away",73,"12/12/23",14
"Hunter Luepke","Dal","RB","W 40-0",0,0,0,0,0,0,0,0,0,0,0,0,0,0,0,0,0,"NYG","Away",96,"9/12/23",1
"Hunter Luepke","Dal","RB","W 30-10",0,0,0,0,0,0,0,0,0,0,0,0,0,0,0,0,0,"NYJ","Home",96,"9/19/23",2
"Hunter Luepke","Dal","RB","L 16-28",0,0,0,0,1,9,0,1,12,0,1,0,0,0,3.1,0,0,"Ari","Away",61.5,"9/26/23",3
"Hunter Luepke","Dal","RB","W 38-3",0.7,0,0,0,2,4,1,0,0,0,0,0,0,0,6.4,0,0,"NE","Home",38,"10/3/23",4
"Hunter Luepke","Dal","RB","L 10-42",0.7,0,0,0,0,0,0,0,0,0,0,0,0,0,0,0,0,"SF","Away",81,"10/10/23",5
"Hunter Luepke","Dal","RB","W 20-17",0.7,0,0,0,0,0,0,0,0,0,0,0,0,0,0,0,0,"LAC","Away",93,"10/17/23",6
"Hunter Luepke","Dal","RB","W 43-20",0.2,0,0,0,0,0,0,1,-2,0,1,0,0,0,0.8,0,0,"LAR","Home",74.5,"10/31/23",8
"Hunter Luepke","Dal","RB","L 23-28",0.1,0,0,0,0,0,0,0,0,0,1,0,0,0,0,0,0,"Phi","Away",82.5,"11/7/23",9
"Hunter Luepke","Dal","RB","W 49-17",1.3,0,0,0,0,0,0,0,0,0,0,0,0,0,0,0,0,"NYG","Home",83,"11/14/23",10
"Hunter Luepke","Dal","RB","W 33-10",1.2,0,0,0,0,0,0,0,0,0,0,0,0,0,0,0,0,"Car","Away",80,"11/21/23",11
"Hunter Luepke","Dal","RB","W 45-10",0.6,0,0,0,0,0,0,0,0,0,0,0,0,0,0,0,0,"Wsh","Home",90,"11/28/23",12
"Hunter Luepke","Dal","RB","W 41-35",0.6,0,0,0,0,0,0,0,0,0,0,0,0,0,0,0,0,"Sea","Home",72,"12/5/23",13
"Hunter Luepke","Dal","RB","W 33-13",0.6,0,0,0,0,0,0,0,0,0,0,0,0,0,0,0,0,"Phi","Home",89.5,"12/12/23",14
"Hunter Luepke","Dal","RB","L 10-31",0.6,0,0,0,1,3,0,0,0,0,0,0,0,0,0.3,0,0,"Buf","Away",78.5,"12/19/23",15
"Hunter Luepke","Dal","RB","L 20-22",0.1,0,0,0,2,3,0,1,8,0,1,0,0,0,2.1,0,0,"Mia","Away",60.5,"12/26/23",16
"Hunter Luepke","Dal","RB","W 20-19",0.8,0,0,0,0,0,0,0,0,0,0,0,0,0,0,0,0,"Det","Home",92.5,"1/2/24",17
"Hunter Luepke","Dal","RB","W 38-10",1.3,0,0,0,0,0,0,0,0,0,0,0,0,0,0,0,0,"Wsh","Away",88.5,"1/9/24",18
"Hunter Renfrow","LV","WR","W 17-16",8.3,0,0,0,0,0,0,0,0,0,0,0,0,0,0,0,0,"Den","Away",135,"9/12/23",1
"Hunter Renfrow","LV","WR","L 10-38",9.2,0,0,0,0,0,0,1,23,0,1,0,0,0,3.3,0,0,"Buf","Away",92.5,"9/19/23",2
"Hunter Renfrow","LV","WR","L 18-23",3.5,0,0,0,0,0,0,2,17,0,2,0,0,0,3.7,0,0,"Pit","Home",87.5,"9/26/23",3
"Hunter Renfrow","LV","WR","L 17-24",4,0,0,0,0,0,0,2,12,0,4,0,0,0,3.2,0,0,"LAC","Away",87.5,"10/3/23",4
"Hunter Renfrow","LV","WR","W 17-13",4.8,0,0,0,0,0,0,1,7,0,2,0,0,0,1.7,0,0,"GB","Home",96.5,"10/10/23",5
"Hunter Renfrow","LV","WR","W 21-17",3.7,0,0,0,0,0,0,0,0,0,0,0,0,0,0,0,0,"NE","Home",128,"10/17/23",6
"Hunter Renfrow","LV","WR","L 12-30",1,0,0,0,0,0,0,2,14,0,3,0,0,0,3.4,0,0,"Chi","Away",70.5,"10/24/23",7
"Hunter Renfrow","LV","WR","L 14-26",2.3,0,0,0,0,0,0,2,19,0,4,0,0,0,3.9,0,0,"Det","Away",90,"10/31/23",8
"Hunter Renfrow","LV","WR","W 30-6",3.2,0,0,0,0,0,0,2,32,0,3,0,0,0,5.2,0,0,"NYG","Home",63,"11/7/23",9
"Hunter Renfrow","LV","WR","W 16-12",2.2,0,0,0,0,0,0,1,5,0,1,0,0,0,1.5,0,0,"NYJ","Home",101.5,"11/14/23",10
"Hunter Renfrow","LV","WR","L 13-20",3.3,0,0,0,0,0,0,5,42,0,5,0,0,0,9.2,0,0,"Mia","Away",40,"11/21/23",11
"Hunter Renfrow","LV","WR","L 17-31",4,0,0,0,0,0,0,4,38,0,4,0,0,0,7.8,0,0,"KC","Home",53,"11/28/23",12
"Hunter Renfrow","LV","WR","L 0-3",5.1,0,0,0,0,0,0,3,46,0,5,0,1,0,5.6,0,0,"Min","Home",59,"12/12/23",14
"Hunter Renfrow","LV","WR","W 63-21",6.4,0,0,0,0,0,0,0,0,0,2,0,0,0,0,0,0,"LAC","Home",140,"12/19/23",15
"Hunter Renfrow","LV","WR","W 20-14",5.7,0,0,0,0,0,0,0,0,0,1,0,0,0,0,0,0,"KC","Away",144.5,"12/26/23",16
"Hunter Renfrow","LV","WR","L 20-23",3.5,0,0,0,0,0,0,0,0,0,0,0,0,0,0,0,0,"Ind","Away",137.5,"1/2/24",17
"Hunter Renfrow","LV","WR","W 27-14",2.5,0,0,0,0,0,0,0,0,0,0,0,0,0,0,0,0,"Den","Home",142.5,"1/9/24",18
"Ian Thomas","Car","TE","L 10-24",2.5,0,0,0,0,0,0,0,0,0,0,0,0,0,0,0,0,"Atl","Away",75,"9/12/23",1
"Ian Thomas","Car","TE","L 17-20",0.9,0,0,0,0,0,0,0,0,0,0,0,0,0,0,0,0,"NO","Home",76,"9/19/23",2
"Ian Thomas","Car","TE","L 27-37",0.4,0,0,0,0,0,0,1,8,0,1,0,0,0,1.8,0,0,"Sea","Away",52.5,"9/26/23",3
"Ian Thomas","Car","TE","L 13-21",0.5,0,0,0,0,0,0,0,0,0,1,0,0,0,0,0,0,"Min","Home",79.5,"10/3/23",4
"Ian Thomas","Car","TE","L 24-42",0.3,0,0,0,0,0,0,1,28,0,2,0,0,0,3.8,0,0,"Det","Away",32,"10/10/23",5
"Ian Thomas","Car","TE","L 10-33",3.3,0,0,0,0,0,0,0,0,0,0,0,0,0,0,0,0,"Dal","Home",67,"11/21/23",11
"Ian Thomas","Car","TE","L 10-17",2.1,0,0,0,0,0,0,1,9,0,1,0,0,0,1.9,0,0,"Ten","Away",49,"11/28/23",12
"Ian Thomas","Car","TE","L 18-21",4.1,0,0,0,0,0,0,1,6,0,1,0,0,0,1.6,0,0,"TB","Away",43,"12/5/23",13
"Ian Thomas","Car","TE","L 6-28",1.9,0,0,0,0,0,0,0,0,0,0,0,0,0,0,0,0,"NO","Away",73,"12/12/23",14
"Ian Thomas","Car","TE","L 30-33",0.9,0,0,0,0,0,0,0,0,0,0,0,0,0,0,0,0,"GB","Home",78,"12/26/23",16
"Ian Thomas","Car","TE","L 0-26",0.4,0,0,0,0,0,0,0,0,0,1,0,0,0,0,0,0,"Jax","Away",76,"1/2/24",17
"Ian Thomas","Car","TE","L 0-9",0.9,0,0,0,0,0,0,1,5,0,2,0,0,0,1.5,0,0,"TB","Home",51,"1/9/24",18
"Ihmir Smith-Marsette","Car","WR","L 10-24",1.6,0,0,0,0,0,0,0,0,0,0,0,0,0,0,0,0,"Atl","Away",135,"9/12/23",1
"Ihmir Smith-Marsette","Car","WR","L 17-20",0.1,0,0,0,0,0,0,0,0,0,0,0,0,0,0,0,0,"NO","Home",145,"9/19/23",2
"Ihmir Smith-Marsette","Car","WR","L 27-37",0.1,0,0,0,0,0,0,0,0,0,0,0,0,0,0,0,0,"Sea","Away",141,"9/26/23",3
"Ihmir Smith-Marsette","Car","WR","L 13-21",0.1,0,0,0,0,0,0,0,0,0,0,0,0,0,0,0,0,"Min","Home",143,"10/3/23",4
"Ihmir Smith-Marsette","Car","WR","L 24-42",0.1,0,0,0,0,0,0,0,0,0,0,0,0,0,0,0,0,"Det","Away",124.5,"10/10/23",5
"Ihmir Smith-Marsette","Car","WR","L 21-42",0.1,0,0,0,0,0,0,0,0,0,0,0,0,0,0,0,0,"Mia","Away",128,"10/17/23",6
"Ihmir Smith-Marsette","Car","WR","W 15-13",0.1,0,0,0,0,0,0,0,0,0,0,0,0,0,0,0,0,"Hou","Home",138,"10/31/23",8
"Ihmir Smith-Marsette","Car","WR","L 13-27",0.1,0,0,0,0,0,0,0,0,0,0,0,0,0,0,0,0,"Ind","Home",126.5,"11/7/23",9
"Ihmir Smith-Marsette","Car","WR","L 13-16",1.6,0,0,0,0,0,0,0,0,0,0,0,0,1,6,0,0,"Chi","Away",55.5,"11/14/23",10
"Ihmir Smith-Marsette","Car","WR","L 10-33",0.1,0,0,0,0,0,0,0,0,0,0,0,0,0,0,0,0,"Dal","Home",126,"11/21/23",11
"Ihmir Smith-Marsette","Car","WR","L 10-17",0.1,0,0,0,0,0,0,1,14,0,1,0,0,0,2.4,0,0,"Ten","Away",101,"11/28/23",12
"Ihmir Smith-Marsette","Car","WR","L 18-21",1.1,0,0,0,0,0,0,0,0,0,0,0,0,0,0,0,0,"TB","Away",113,"12/5/23",13
"Ihmir Smith-Marsette","Car","WR","L 6-28",1.1,0,0,0,1,10,0,0,0,0,1,0,0,0,1,0,0,"NO","Away",108,"12/12/23",14
"Ihmir Smith-Marsette","Car","WR","W 9-7",2.2,0,0,0,4,31,0,2,1,0,2,0,0,0,5.2,0,0,"Atl","Home",68.5,"12/19/23",15
"Ihmir Smith-Marsette","Car","WR","L 30-33",4,0,0,0,2,33,1,1,18,0,1,0,0,0,12.1,0,0,"GB","Home",33.5,"12/26/23",16
"Ihmir Smith-Marsette","Car","WR","L 0-26",3.8,0,0,0,1,0,0,3,12,0,3,0,0,0,4.2,0,0,"Jax","Away",74.5,"1/2/24",17
"Ihmir Smith-Marsette","Car","WR","L 0-9",7.7,0,0,0,0,0,0,1,6,0,2,0,0,0,1.6,0,0,"TB","Home",104,"1/9/24",18
"Irv Smith Jr.","Cin","TE","L 3-24",6.8,0,0,0,0,0,0,3,17,0,5,0,0,0,4.7,0,0,"Cle","Away",27,"9/12/23",1
"Irv Smith Jr.","Cin","TE","L 24-27",8.1,0,0,0,0,0,0,2,10,0,4,0,0,0,3,0,0,"Bal","Home",46,"9/19/23",2
"Irv Smith Jr.","Cin","TE","W 34-20",8.3,0,0,0,0,0,0,0,0,0,0,0,0,0,0,0,0,"Ari","Away",71,"10/10/23",5
"Irv Smith Jr.","Cin","TE","W 17-13",6.7,0,0,0,0,0,0,1,5,0,2,0,0,0,1.5,0,0,"Sea","Home",45,"10/17/23",6
"Irv Smith Jr.","Cin","TE","W 31-17",5.4,0,0,0,0,0,0,4,25,0,4,0,1,0,4.5,0,0,"SF","Away",27.5,"10/31/23",8
"Irv Smith Jr.","Cin","TE","W 24-18",6.8,0,0,0,0,0,0,3,26,1,4,0,0,0,11.6,0,0,"Buf","Home",16,"11/7/23",9
"Irv Smith Jr.","Cin","TE","L 27-30",7,0,0,0,0,0,0,1,6,0,1,0,0,0,1.6,0,0,"Hou","Home",43,"11/14/23",10
"Irv Smith Jr.","Cin","TE","L 20-34",5.1,0,0,0,0,0,0,0,0,0,1,0,0,0,0,0,0,"Bal","Away",67,"11/21/23",11
"Irv Smith Jr.","Cin","TE","L 10-16",2.6,0,0,0,0,0,0,2,8,0,2,0,0,0,2.8,0,0,"Pit","Home",38,"11/28/23",12
"Irv Smith Jr.","Cin","TE","W 34-31",3.2,0,0,0,0,0,0,0,0,0,0,0,0,0,0,0,0,"Jax","Away",66,"12/5/23",13
"Irv Smith Jr.","Cin","TE","W 34-14",2.6,0,0,0,0,0,0,0,0,0,0,0,0,0,0,0,0,"Ind","Home",73,"12/12/23",14
"Irv Smith Jr.","Cin","TE","W 27-24",1,0,0,0,0,0,0,2,18,0,3,0,0,0,3.8,0,0,"Min","Home",38.5,"12/19/23",15
"Irvin Charles","NYJ","WR","W 31-21",0,0,0,0,0,0,0,0,0,0,0,0,0,0,0,0,0,"Den","Away",124.5,"10/10/23",5
"Irvin Charles","NYJ","WR","W 20-14",0,0,0,0,0,0,0,0,0,0,0,0,0,0,0,0,0,"Phi","Home",128,"10/17/23",6
"Irvin Charles","NYJ","WR","L 6-27",0,0,0,0,0,0,0,0,0,0,0,0,0,0,0,0,0,"LAC","Home",126.5,"11/7/23",9
"Irvin Charles","NYJ","WR","L 12-16",1.3,0,0,0,0,0,0,0,0,0,0,0,0,0,0,0,0,"LV","Away",123.5,"11/14/23",10
"Irvin Charles","NYJ","WR","L 6-32",0,0,0,0,0,0,0,0,0,0,0,0,0,0,0,0,0,"Buf","Away",126,"11/21/23",11
"Irvin Charles","NYJ","WR","L 13-34",2.5,0,0,0,0,0,0,0,0,0,0,0,0,0,0,0,0,"Mia","Home",149,"11/28/23",12
"Irvin Charles","NYJ","WR","L 8-13",0.5,0,0,0,0,0,0,0,0,0,0,0,0,0,0,0,0,"Atl","Home",113,"12/5/23",13
"Irvin Charles","NYJ","WR","W 30-6",0,0,0,0,0,0,0,0,0,0,0,0,0,0,0,0,0,"Hou","Home",134,"12/12/23",14
"Irvin Charles","NYJ","WR","L 0-30",0,0,0,0,0,0,0,0,0,0,0,0,0,0,0,0,0,"Mia","Away",140,"12/19/23",15
"Irvin Charles","NYJ","WR","W 30-28",0,0,0,0,0,0,0,0,0,0,0,0,0,0,0,0,0,"Wsh","Home",144.5,"12/26/23",16
"Irvin Charles","NYJ","WR","L 20-37",0,0,0,0,0,0,0,0,0,0,0,0,0,0,0,0,0,"Cle","Away",137.5,"1/2/24",17
"Irvin Charles","NYJ","WR","W 17-3",0,0,0,0,0,0,0,0,0,0,1,0,0,0,0,0,0,"NE","Away",142.5,"1/9/24",18
"Isaiah Hodgins","NYG","WR","L 0-40",7.1,0,0,0,0,0,0,1,24,0,3,0,1,0,1.4,0,0,"Dal","Home",103.5,"9/12/23",1
"Isaiah Hodgins","NYG","WR","W 31-28",7.5,0,0,0,0,0,0,4,40,1,5,0,0,0,14,0,0,"Ari","Away",35,"9/19/23",2
"Isaiah Hodgins","NYG","WR","L 12-30",7.6,0,0,0,0,0,0,0,0,0,1,0,0,0,0,0,0,"SF","Away",141,"9/26/23",3
"Isaiah Hodgins","NYG","WR","L 3-24",5.5,0,0,0,0,0,0,3,24,0,3,0,0,0,5.4,0,0,"Sea","Home",67,"10/3/23",4
"Isaiah Hodgins","NYG","WR","L 16-31",3.3,0,0,0,0,0,0,2,19,0,2,0,0,0,3.9,0,0,"Mia","Away",69,"10/10/23",5
"Isaiah Hodgins","NYG","WR","L 9-14",3.7,0,0,0,0,0,0,0,0,0,0,0,0,0,0,0,0,"Buf","Away",128,"10/17/23",6
"Isaiah Hodgins","NYG","WR","W 14-7",2.4,0,0,0,0,0,0,2,13,0,4,0,0,0,3.3,0,0,"Wsh","Home",73.5,"10/24/23",7
"Isaiah Hodgins","NYG","WR","L 10-13",2.8,0,0,0,0,0,0,0,0,0,0,0,0,0,0,0,0,"NYJ","Home",138,"10/31/23",8
"Isaiah Hodgins","NYG","WR","L 6-30",4.8,0,0,0,0,0,0,0,0,0,1,0,0,0,0,0,0,"LV","Away",126.5,"11/7/23",9
"Isaiah Hodgins","NYG","WR","L 17-49",4.2,0,0,0,0,0,0,0,0,0,2,0,0,0,0,0,0,"Dal","Away",123.5,"11/14/23",10
"Isaiah Hodgins","NYG","WR","W 31-19",4.2,0,0,0,0,0,0,2,22,0,3,0,0,0,4.2,0,0,"Wsh","Away",70,"11/21/23",11
"Isaiah Hodgins","NYG","WR","W 10-7",5.2,0,0,0,0,0,0,1,12,1,1,0,0,0,8.2,0,0,"NE","Home",50,"11/28/23",12
"Isaiah Hodgins","NYG","WR","W 24-22",2.5,0,0,0,0,0,0,2,22,1,2,0,0,0,10.2,0,0,"GB","Home",35,"12/12/23",14
"Isaiah Hodgins","NYG","WR","L 6-24",3.6,0,0,0,0,0,0,0,0,0,1,0,0,0,0,0,0,"NO","Away",140,"12/19/23",15
"Isaiah Hodgins","NYG","WR","L 25-33",3.2,0,0,0,0,0,0,0,0,0,0,0,0,0,0,0,0,"Phi","Away",144.5,"12/26/23",16
"Isaiah Hodgins","NYG","WR","L 25-26",2.4,0,0,0,0,0,0,1,18,0,2,0,0,0,2.8,0,0,"LAR","Home",84,"1/2/24",17
"Isaiah Hodgins","NYG","WR","W 27-10",2.1,0,0,0,0,0,0,3,36,0,3,0,0,0,6.6,0,0,"Phi","Home",54,"1/9/24",18
"Isaiah Likely","Bal","TE","W 25-9",9.2,0,0,0,0,0,0,1,4,0,1,0,0,0,1.4,0,0,"Hou","Home",46,"9/12/23",1
"Isaiah Likely","Bal","TE","W 27-24",4.4,0,0,0,0,0,0,1,8,0,1,0,0,0,1.8,0,0,"Cin","Away",49,"9/19/23",2
"Isaiah Likely","Bal","TE","L 19-22",2.9,0,0,0,0,0,0,1,20,0,2,0,0,0,3,0,0,"Ind","Home",33.5,"9/26/23",3
"Isaiah Likely","Bal","TE","W 28-3",3.1,0,0,0,0,0,0,0,0,0,0,0,0,0,0,0,0,"Cle","Away",79.5,"10/3/23",4
"Isaiah Likely","Bal","TE","L 10-17",1.4,0,0,0,0,0,0,0,0,0,0,0,0,0,0,0,0,"Pit","Away",71,"10/10/23",5
"Isaiah Likely","Bal","TE","W 24-16",0.5,0,0,0,0,0,0,0,0,0,0,0,0,0,0,0,0,"Ten","Away",72,"10/17/23",6
"Isaiah Likely","Bal","TE","W 38-6",0,0,0,0,0,0,0,0,0,0,0,0,0,0,0,0,0,"Det","Home",62,"10/24/23",7
"Isaiah Likely","Bal","TE","W 31-24",0,0,0,0,0,0,0,1,10,0,1,0,0,0,2,0,0,"Ari","Away",40,"10/31/23",8
"Isaiah Likely","Bal","TE","W 37-3",1,0,0,0,0,0,0,4,42,0,4,0,0,0,8.2,0,0,"Sea","Home",19,"11/7/23",9
"Isaiah Likely","Bal","TE","L 31-33",1.4,0,0,0,0,0,0,1,5,0,1,0,0,0,1.5,0,0,"Cle","Home",47,"11/14/23",10
"Isaiah Likely","Bal","TE","W 34-20",2.1,0,0,0,0,0,0,0,0,0,2,0,0,0,0,0,0,"Cin","Home",67,"11/21/23",11
"Isaiah Likely","Bal","TE","W 20-10",8.4,0,0,0,0,0,0,4,40,0,6,0,0,0,8,0,0,"LAC","Away",19,"11/28/23",12
"Isaiah Likely","Bal","TE","W 37-31",9,0,0,0,0,0,0,5,83,1,7,0,0,0,19.3,0,0,"LAR","Home",3,"12/12/23",14
"Isaiah Likely","Bal","TE","W 23-7",9.9,0,0,0,0,0,0,5,70,1,6,0,0,0,18,0,0,"Jax","Away",5,"12/19/23",15
"Isaiah Likely","Bal","TE","W 33-19",11.5,0,0,0,0,0,0,3,56,0,4,0,0,0,8.6,0,0,"SF","Away",23,"12/26/23",16
"Isaiah Likely","Bal","TE","W 56-19",10.7,0,0,0,0,0,0,2,42,2,3,0,0,0,18.2,0,0,"Mia","Home",2,"1/2/24",17
"Isaiah Likely","Bal","TE","L 10-17",5.6,0,0,0,0,0,0,2,31,1,2,0,0,0,11.1,0,0,"Pit","Home",10,"1/9/24",18
"Isaiah McKenzie","Ind","WR","L 21-31",3,0,0,0,0,0,0,0,0,0,0,0,0,0,0,0,0,"Jax","Home",135,"9/12/23",1
"Isaiah McKenzie","Ind","WR","W 31-20",0.5,0,0,0,0,0,0,1,7,0,1,0,0,0,1.7,0,0,"Hou","Away",107.5,"9/19/23",2
"Isaiah McKenzie","Ind","WR","W 22-19",2.9,0,0,0,0,0,0,1,3,0,1,0,0,0,1.3,0,0,"Bal","Away",114,"9/26/23",3
"Isaiah McKenzie","Ind","WR","L 23-29",2.2,0,0,0,0,0,0,1,6,0,3,0,0,0,1.6,0,0,"LAR","Home",113,"10/3/23",4
"Isaiah McKenzie","Ind","WR","W 23-16",2.6,0,0,0,1,4,0,0,0,0,0,0,0,0,0.4,0,0,"Ten","Home",105,"10/10/23",5
"Isaiah McKenzie","Ind","WR","L 20-37",2.2,0,0,0,0,0,0,2,23,0,2,0,0,0,4.3,0,0,"Jax","Away",74,"10/17/23",6
"Isaiah McKenzie","Ind","WR","L 38-39",1.1,0,0,0,1,7,0,0,0,0,0,0,0,0,0.7,0,0,"Cle","Home",98,"10/24/23",7
"Isaiah McKenzie","Ind","WR","L 27-38",0.9,0,0,0,0,0,0,0,0,0,0,0,0,0,0,0,0,"NO","Home",138,"10/31/23",8
"Isaiah McKenzie","Ind","WR","W 27-13",0.7,0,0,0,0,0,0,2,12,0,3,0,1,0,1.2,0,0,"Car","Away",104.5,"11/7/23",9
"Isaiah McKenzie","Ind","WR","W 10-6",2.3,0,0,0,0,0,0,4,31,0,4,0,0,0,7.1,0,0,"NE","Away",49,"11/14/23",10
"Isaiah McKenzie","Ind","WR","W 27-20",1.8,0,0,0,1,3,0,0,0,0,0,0,0,0,0.3,0,0,"TB","Home",126,"11/28/23",12
"Isaiah McKenzie","Ind","WR","W 31-28",2.1,0,0,0,0,0,0,0,0,0,0,0,0,0,0,0,0,"Ten","Away",113,"12/5/23",13
"Isaiah McKenzie","Ind","WR","L 14-34",0.4,0,0,0,0,0,0,0,0,0,0,0,1,0,-2,0,0,"Cin","Away",158,"12/12/23",14
"Isaiah Spiller","LAC","RB","L 24-27",2.4,0,0,0,1,3,0,0,0,0,0,0,0,0,0.3,0,0,"Ten","Away",76,"9/19/23",2
"Isaiah Spiller","LAC","RB","W 28-24",2.7,0,0,0,2,7,0,0,0,0,0,0,0,0,0.7,0,0,"Min","Away",77,"9/26/23",3
"Isaiah Spiller","LAC","RB","W 24-17",5.6,0,0,0,5,12,0,2,15,0,2,0,0,0,4.7,0,0,"LV","Home",48,"10/3/23",4
"Isaiah Spiller","LAC","RB","L 17-20",1.5,0,0,0,1,2,0,0,0,0,0,0,0,0,0.2,0,0,"Dal","Home",80,"10/17/23",6
"Isaiah Spiller","LAC","RB","W 30-13",0,0,0,0,3,3,0,1,5,0,1,0,0,0,1.8,0,0,"Chi","Home",69,"10/31/23",8
"Isaiah Spiller","LAC","RB","L 7-24",1,0,0,0,6,19,0,0,0,0,0,0,0,0,1.9,0,0,"Den","Home",58,"12/12/23",14
"Isaiah Spiller","LAC","RB","L 21-63",3,0,0,0,16,50,0,0,0,0,0,0,0,0,5,0,0,"LV","Away",46.5,"12/19/23",15
"Isaiah Spiller","LAC","RB","L 22-24",3.2,0,0,0,2,1,0,1,4,0,1,0,0,0,1.5,0,0,"Buf","Home",68.5,"12/26/23",16
"Isaiah Spiller","LAC","RB","L 9-16",3.8,0,0,0,1,-1,0,2,10,0,2,0,0,0,2.9,0,0,"Den","Away",63,"1/2/24",17
"Isiah Pacheco","KC","RB","L 20-21",11.5,0,0,0,8,23,0,4,31,0,4,0,0,0,9.4,0,0,"Det","Home",30,"9/12/23",1
"Isiah Pacheco","KC","RB","W 17-9",12.6,0,0,0,12,70,0,1,0,0,2,0,0,0,8,0,0,"Jax","Away",29,"9/19/23",2
"Isiah Pacheco","KC","RB","W 41-10",14.4,0,0,0,15,62,1,2,16,0,3,0,0,0,15.8,0,0,"Chi","Home",12,"9/26/23",3
"Isiah Pacheco","KC","RB","W 23-20",13.3,0,0,0,20,115,1,3,43,0,3,0,0,0,24.8,0,0,"NYJ","Away",6,"10/3/23",4
"Isiah Pacheco","KC","RB","W 27-20",14.9,0,0,0,16,55,1,1,9,0,1,0,0,0,13.4,0,0,"Min","Away",14.5,"10/10/23",5
"Isiah Pacheco","KC","RB","W 19-8",17.5,0,0,0,16,62,0,6,36,0,6,0,0,0,15.8,0,0,"Den","Home",14,"10/17/23",6
"Isiah Pacheco","KC","RB","W 31-17",16.2,0,0,0,13,32,0,4,28,1,4,0,0,0,16,0,0,"LAC","Home",11,"10/24/23",7
"Isiah Pacheco","KC","RB","L 9-24",17.1,0,0,0,8,40,0,3,-3,0,4,0,0,0,6.7,0,0,"Den","Away",39,"10/31/23",8
"Isiah Pacheco","KC","RB","W 21-14",13.7,0,0,0,16,66,0,0,0,0,1,0,0,0,6.6,0,0,"Mia","Home",34,"11/7/23",9
"Isiah Pacheco","KC","RB","L 17-21",12.7,0,0,0,19,89,0,1,2,0,1,0,0,0,10.1,0,0,"Phi","Home",22.5,"11/21/23",11
"Isiah Pacheco","KC","RB","W 31-17",14.1,0,0,0,15,55,2,5,34,0,5,0,0,0,25.9,0,0,"LV","Away",4,"11/28/23",12
"Isiah Pacheco","KC","RB","L 19-27",16.3,0,0,0,18,110,1,3,13,0,4,0,0,0,21.3,0,0,"GB","Away",8,"12/5/23",13
"Isiah Pacheco","KC","RB","L 14-20",15.3,0,0,0,11,26,1,4,0,0,4,0,1,0,10.6,0,0,"LV","Home",28,"12/26/23",16
"Isiah Pacheco","KC","RB","W 25-17",16.2,0,0,0,18,130,0,7,35,1,7,0,0,0,29.5,0,0,"Cin","Home",2,"1/2/24",17
"Israel Abanikanda","NYJ","RB","L 6-32",1.3,0,0,0,1,11,0,1,5,0,2,0,0,0,2.6,0,0,"Buf","Away",52.5,"11/21/23",11
"Israel Abanikanda","NYJ","RB","W 30-6",0,0,0,0,3,-1,0,0,0,0,0,0,0,0,-0.1,0,0,"Hou","Home",102,"12/12/23",14
"Israel Abanikanda","NYJ","RB","L 0-30",0.2,0,0,0,4,8,0,2,11,0,2,0,0,0,3.9,0,0,"Mia","Away",52,"12/19/23",15
"Israel Abanikanda","NYJ","RB","W 30-28",0.8,0,0,0,9,43,0,0,0,0,0,0,0,0,4.3,0,0,"Wsh","Home",51,"12/26/23",16
"Israel Abanikanda","NYJ","RB","L 20-37",4.7,0,0,0,2,3,0,4,27,0,7,0,1,0,5,0,0,"Cle","Away",52.5,"1/2/24",17
"Israel Abanikanda","NYJ","RB","W 17-3",5.1,0,0,0,3,6,0,0,0,0,0,0,0,0,0.6,0,0,"NE","Away",67,"1/9/24",18
"J.K. Dobbins","Bal","RB","W 25-9",12.7,0,0,0,8,22,1,2,15,0,3,0,0,0,11.7,0,0,"Hou","Home",23,"9/12/23",1
"J.P. Holtz","NO","RB","L 13-20",0,0,0,0,0,0,0,0,0,0,0,0,0,0,0,0,0,"Hou","Away",93,"10/17/23",6
"Ja'Marr Chase","Cin","WR","L 3-24",20.4,0,0,0,1,2,0,5,39,0,9,0,0,0,9.1,0,0,"Cle","Away",44.5,"9/12/23",1
"Ja'Marr Chase","Cin","WR","L 24-27",20.2,0,0,0,0,0,0,5,31,0,8,0,0,0,8.1,0,0,"Bal","Home",60.5,"9/19/23",2
"Ja'Marr Chase","Cin","WR","W 19-16",20,0,0,0,0,0,0,12,141,0,15,0,0,0,26.1,0,0,"LAR","Home",6,"9/26/23",3
"Ja'Marr Chase","Cin","WR","L 3-27",19.7,0,0,0,0,0,0,7,73,0,9,0,0,0,14.3,0,0,"Ten","Away",27,"10/3/23",4
"Ja'Marr Chase","Cin","WR","W 34-20",20.6,0,0,0,0,0,0,15,192,3,19,0,0,0,52.2,0,0,"Ari","Away",1,"10/10/23",5
"Ja'Marr Chase","Cin","WR","W 17-13",21.7,0,0,0,0,0,0,6,80,0,13,0,0,0,14,0,0,"Sea","Home",26,"10/17/23",6
"Ja'Marr Chase","Cin","WR","W 31-17",21.9,0,0,0,2,-8,0,10,100,1,12,0,0,0,25.2,0,0,"SF","Away",4.5,"10/31/23",8
"Ja'Marr Chase","Cin","WR","W 24-18",22.9,0,0,0,0,0,0,4,41,0,8,0,0,0,8.1,0,0,"Buf","Home",40.5,"11/7/23",9
"Ja'Marr Chase","Cin","WR","L 27-30",21.2,0,0,0,0,0,0,5,124,1,6,0,0,0,23.4,0,0,"Hou","Home",7,"11/14/23",10
"Ja'Marr Chase","Cin","WR","L 20-34",21.9,0,0,0,0,0,0,2,12,1,7,0,0,0,9.2,0,0,"Bal","Away",40,"11/21/23",11
"Ja'Marr Chase","Cin","WR","L 10-16",16.6,0,0,0,0,0,0,4,81,0,6,0,0,0,12.1,0,0,"Pit","Home",33,"11/28/23",12
"Ja'Marr Chase","Cin","WR","W 34-31",15.4,-7,0,0,0,0,0,11,149,1,12,0,0,0,31.62,1,1,"Jax","Away",6,"12/5/23",13
"Ja'Marr Chase","Cin","WR","W 34-14",17,0,0,0,0,0,0,3,29,0,4,0,0,0,5.9,0,0,"Ind","Home",57,"12/12/23",14
"Ja'Marr Chase","Cin","WR","W 27-24",15.4,0,0,0,0,0,0,4,64,0,4,0,0,0,10.4,0,0,"Min","Home",34.5,"12/19/23",15
"Ja'Marr Chase","Cin","WR","L 17-25",15.7,0,0,0,0,0,0,3,41,0,7,0,0,0,7.1,0,0,"KC","Away",55.5,"1/2/24",17
"Ja'Marr Chase","Cin","WR","W 31-14",13.7,0,0,0,0,0,0,4,19,0,6,0,0,0,5.9,0,0,"Cle","Home",58.5,"1/9/24",18
"JaMycal Hasty","Jax","RB","W 23-7",0,0,0,0,0,0,0,0,0,0,2,0,0,0,0,0,0,"Atl","Home",93.5,"10/3/23",4
"JaMycal Hasty","Jax","RB","W 20-10",0,0,0,0,0,0,0,0,0,0,0,0,0,0,0,0,0,"Pit","Away",97,"10/31/23",8
"JaMycal Hasty","NE","RB","L 17-27",2.5,0,0,0,0,0,0,0,0,0,0,0,0,0,0,0,0,"KC","Home",94,"12/19/23",15
"JaMycal Hasty","NE","RB","W 26-23",0,0,0,0,0,0,0,0,0,0,0,0,0,0,0,0,0,"Den","Away",92,"12/26/23",16
"Jack Stoll","Phi","TE","W 25-20",0.5,0,0,0,0,0,0,0,0,0,0,0,0,0,0,0,0,"NE","Away",75,"9/12/23",1
"Jack Stoll","Phi","TE","W 34-28",0.4,0,0,0,0,0,0,0,0,0,0,0,0,0,0,0,0,"Min","Home",76,"9/19/23",2
"Jack Stoll","Phi","TE","W 25-11",0.4,0,0,0,0,0,0,1,6,0,2,0,0,0,1.6,0,0,"TB","Away",55,"9/26/23",3
"Jack Stoll","Phi","TE","W 34-31",0.9,0,0,0,0,0,0,0,0,0,0,0,0,0,0,0,0,"Wsh","Home",79.5,"10/3/23",4
"Jack Stoll","Phi","TE","W 23-14",0.5,0,0,0,0,0,0,1,4,0,1,0,0,0,1.4,0,0,"LAR","Away",52,"10/10/23",5
"Jack Stoll","Phi","TE","L 14-20",1,0,0,0,0,0,0,0,0,0,0,0,0,0,0,0,0,"NYJ","Away",72,"10/17/23",6
"Jack Stoll","Phi","TE","W 31-17",1.1,0,0,0,0,0,0,0,0,0,0,0,0,0,0,0,0,"Mia","Home",62,"10/24/23",7
"Jack Stoll","Phi","TE","W 38-31",0.5,0,0,0,0,0,0,0,0,0,0,0,0,0,0,0,0,"Wsh","Away",73,"10/31/23",8
"Jack Stoll","Phi","TE","W 28-23",0.5,0,0,0,0,0,0,0,0,0,0,0,0,0,0,0,0,"Dal","Home",68,"11/7/23",9
"Jack Stoll","Phi","TE","W 21-17",2.7,0,0,0,0,0,0,1,3,0,2,0,0,0,1.3,0,0,"KC","Away",44,"11/21/23",11
"Jack Stoll","Phi","TE","W 37-34",4.1,0,0,0,0,0,0,1,14,0,2,0,0,0,2.4,0,0,"Buf","Home",39.5,"11/28/23",12
"Jack Stoll","Phi","TE","L 19-42",4.1,0,0,0,0,0,0,0,0,0,0,0,0,0,0,0,0,"SF","Home",66,"12/5/23",13
"Jack Stoll","Phi","TE","L 13-33",0,0,0,0,0,0,0,0,0,0,0,0,0,0,0,0,0,"Dal","Away",73,"12/12/23",14
"Jack Stoll","Phi","TE","L 17-20",0,0,0,0,0,0,0,0,0,0,0,0,0,0,0,0,0,"Sea","Away",81.5,"12/19/23",15
"Jack Stoll","Phi","TE","W 33-25",0,0,0,0,0,0,0,0,0,0,0,0,0,0,0,0,0,"NYG","Home",78,"12/26/23",16
"Jack Stoll","Phi","TE","L 31-35",0,0,0,0,0,0,0,0,0,0,0,0,0,0,0,0,0,"Ari","Home",76,"1/2/24",17
"Jack Stoll","Phi","TE","L 10-27",0,0,0,0,0,0,0,1,11,0,1,0,0,0,2.1,0,0,"NYG","Away",47.5,"1/9/24",18
"Jacob Harris","Jax","WR","L 17-37",2.7,0,0,0,0,0,0,0,0,0,0,0,0,0,0,0,0,"Hou","Home",141,"9/26/23",3
"Jacob Harris","Jax","WR","W 23-7",2.1,0,0,0,0,0,0,0,0,0,0,0,0,0,0,0,0,"Atl","Home",143,"10/3/23",4
"Jacoby Brissett","Wsh","QB","L 15-45",0,0,0,0,0,0,0,0,0,0,0,0,0,0,0,0,0,"Mia","Home",33.5,"12/5/23",13
"Jacoby Brissett","Wsh","QB","L 20-28",0,124,2,0,2,9,0,0,0,0,0,0,0,0,13.86,8,10,"LAR","Away",20,"12/19/23",15
"Jacoby Brissett","Wsh","QB","L 28-30",0,100,1,0,1,10,0,0,0,0,0,0,0,0,9,10,13,"NYJ","Away",30,"12/26/23",16
"Jaelon Darden","Cle","WR","W 19-17",0,0,0,0,0,0,0,0,0,0,0,0,0,0,0,0,0,"SF","Home",128,"10/17/23",6
"Jahan Dotson","Wsh","WR","W 20-16",11.2,0,0,0,0,0,0,5,40,0,7,0,0,0,9,0,0,"Ari","Home",46,"9/12/23",1
"Jahan Dotson","Wsh","WR","W 35-33",11.7,0,0,0,0,0,0,3,22,0,5,0,0,0,5.2,0,0,"Den","Away",81.5,"9/19/23",2
"Jahan Dotson","Wsh","WR","L 3-37",11.1,0,0,0,0,0,0,2,21,0,4,0,0,0,4.1,0,0,"Buf","Home",83.5,"9/26/23",3
"Jahan Dotson","Wsh","WR","L 31-34",10.4,0,0,0,0,0,0,4,27,1,9,0,0,0,12.7,0,0,"Phi","Away",28,"10/3/23",4
"Jahan Dotson","Wsh","WR","L 20-40",10.3,0,0,0,0,0,0,3,30,0,5,0,0,0,6,0,0,"Chi","Home",57.5,"10/10/23",5
"Jahan Dotson","Wsh","WR","W 24-16",9.2,0,0,0,0,0,0,0,0,0,1,0,0,0,0,0,0,"Atl","Away",128,"10/17/23",6
"Jahan Dotson","Wsh","WR","L 7-14",7,0,0,0,0,0,0,5,43,0,8,0,0,0,9.3,0,0,"NYG","Away",43,"10/24/23",7
"Jahan Dotson","Wsh","WR","L 31-38",9,0,0,0,0,0,0,8,108,1,10,0,0,0,24.8,0,0,"Phi","Home",7,"10/31/23",8
"Jahan Dotson","Wsh","WR","W 20-17",11.3,0,0,0,0,0,0,4,69,1,8,0,0,0,16.9,0,0,"NE","Away",9,"11/7/23",9
"Jahan Dotson","Wsh","WR","L 26-29",10.9,0,0,0,0,0,0,0,0,0,2,0,0,0,0,0,0,"Sea","Away",123.5,"11/14/23",10
"Jahan Dotson","Wsh","WR","L 19-31",9,0,0,0,0,0,0,3,23,1,4,0,0,0,11.3,0,0,"NYG","Home",29,"11/21/23",11
"Jahan Dotson","Wsh","WR","L 10-45",8.7,0,0,0,0,0,0,5,52,0,6,0,0,0,10.2,0,0,"Dal","Away",38,"11/28/23",12
"Jahan Dotson","Wsh","WR","L 15-45",8.5,0,0,0,0,0,0,2,23,0,5,0,0,0,4.3,0,0,"Mia","Home",56,"12/5/23",13
"Jahan Dotson","Wsh","WR","L 20-28",8.4,0,0,0,0,0,0,1,12,0,1,0,0,0,2.2,0,0,"LAR","Away",96.5,"12/19/23",15
"Jahan Dotson","Wsh","WR","L 28-30",6.6,0,0,0,0,0,0,2,31,0,4,0,0,0,5.1,0,0,"NYJ","Away",74.5,"12/26/23",16
"Jahan Dotson","Wsh","WR","L 10-27",6.6,0,0,0,0,0,0,0,0,0,1,0,0,0,0,0,0,"SF","Home",137.5,"1/2/24",17
"Jahan Dotson","Wsh","WR","L 10-38",6.6,0,0,0,0,0,0,2,17,0,3,0,0,0,3.7,0,0,"Dal","Home",77.5,"1/9/24",18
"Jahmyr Gibbs","Det","RB","W 21-20",14,0,0,0,7,42,0,2,18,0,2,0,0,0,8,0,0,"KC","Away",36,"9/12/23",1
"Jahmyr Gibbs","Det","RB","L 31-37",13.2,0,0,0,7,17,0,7,39,0,9,0,0,0,12.6,0,0,"Sea","Home",19.5,"9/19/23",2
"Jahmyr Gibbs","Det","RB","W 20-6",15.9,0,0,0,17,80,0,1,2,0,2,0,0,0,9.2,0,0,"Atl","Home",24.5,"9/26/23",3
"Jahmyr Gibbs","Det","RB","W 34-20",12.5,0,0,0,8,40,0,4,11,0,5,0,0,0,9.1,0,0,"GB","Away",25,"10/3/23",4
"Jahmyr Gibbs","Det","RB","L 6-38",15.9,0,0,0,11,68,1,9,58,0,10,0,0,0,27.6,0,0,"Bal","Away",3,"10/24/23",7
"Jahmyr Gibbs","Det","RB","W 26-14",19.2,0,0,0,26,152,1,5,37,0,5,0,0,0,29.9,0,0,"LV","Home",1,"10/31/23",8
"Jahmyr Gibbs","Det","RB","W 41-38",12.7,0,0,0,14,77,2,3,35,0,5,0,0,0,26.2,0,0,"LAC","Away",2,"11/14/23",10
"Jahmyr Gibbs","Det","RB","W 31-26",15.7,0,0,0,8,36,1,6,59,0,6,0,0,0,21.5,0,0,"Chi","Home",3,"11/21/23",11
"Jahmyr Gibbs","Det","RB","L 22-29",16.2,0,0,0,11,54,0,4,19,0,8,0,0,0,11.3,0,0,"GB","Home",24,"11/28/23",12
"Jahmyr Gibbs","Det","RB","W 33-28",16.3,0,0,0,8,60,0,1,-6,0,2,0,0,0,6.4,0,0,"NO","Away",29,"12/5/23",13
"Jahmyr Gibbs","Det","RB","L 13-28",14.2,0,0,0,11,66,1,3,16,0,4,0,0,0,17.2,0,0,"Chi","Away",14.5,"12/12/23",14
"Jahmyr Gibbs","Det","RB","W 42-17",15.8,0,0,0,11,100,1,2,8,1,2,0,0,0,24.8,0,0,"Den","Home",3,"12/19/23",15
"Jahmyr Gibbs","Det","RB","W 30-24",14,0,0,0,15,80,2,4,20,0,7,0,1,0,24,0,0,"Min","Away",3,"12/26/23",16
"Jahmyr Gibbs","Det","RB","L 19-20",15.9,0,0,0,15,43,0,1,0,0,3,0,0,0,5.3,0,0,"Dal","Away",50.5,"1/2/24",17
"Jahmyr Gibbs","Det","RB","W 30-20",15.7,0,0,0,13,30,1,0,0,0,1,0,0,0,9,0,0,"Min","Home",30,"1/9/24",18
"Jake Bobo","Sea","WR","L 13-30",0,0,0,0,0,0,0,0,0,0,0,0,0,0,0,0,0,"LAR","Home",135,"9/12/23",1
"Jake Bobo","Sea","WR","W 37-31",0.6,0,0,0,0,0,0,1,3,0,1,0,0,0,1.3,0,0,"Det","Away",118.5,"9/19/23",2
"Jake Bobo","Sea","WR","W 37-27",1.1,0,0,0,0,0,0,1,5,1,2,0,0,0,7.5,0,0,"Car","Home",62,"9/26/23",3
"Jake Bobo","Sea","WR","W 24-3",1.7,0,0,0,0,0,0,0,0,0,1,0,0,0,0,0,0,"NYG","Away",143,"10/3/23",4
"Jake Bobo","Sea","WR","L 13-17",1.1,0,0,0,0,0,0,2,43,0,2,0,0,0,6.3,0,0,"Cin","Away",59,"10/17/23",6
"Jake Bobo","Sea","WR","W 20-10",6.8,0,0,0,0,0,0,4,61,1,5,0,0,0,16.1,0,0,"Ari","Home",18,"10/24/23",7
"Jake Bobo","Sea","WR","W 24-20",2.6,0,0,0,1,3,1,2,23,0,2,0,0,0,10.6,0,0,"Cle","Home",42,"10/31/23",8
"Jake Bobo","Sea","WR","L 3-37",2.8,0,0,0,0,0,0,0,0,0,0,0,0,0,0,0,0,"Bal","Away",126.5,"11/7/23",9
"Jake Bobo","Sea","WR","W 29-26",2.5,0,0,0,0,0,0,2,13,0,2,0,0,0,3.3,0,0,"Wsh","Home",76,"11/14/23",10
"Jake Bobo","Sea","WR","L 16-17",3.5,0,0,0,0,0,0,1,8,0,2,0,0,0,1.8,0,0,"LAR","Away",90.5,"11/21/23",11
"Jake Bobo","Sea","WR","L 13-31",3,0,0,0,0,0,0,1,6,0,1,0,0,0,1.6,0,0,"SF","Home",113,"11/28/23",12
"Jake Bobo","Sea","WR","L 35-41",2.9,0,0,0,0,0,0,1,9,0,1,0,0,0,1.9,0,0,"Dal","Away",81,"12/5/23",13
"Jake Bobo","Sea","WR","L 16-28",2.2,0,0,0,0,0,0,0,0,0,0,0,0,0,0,0,0,"SF","Away",134,"12/12/23",14
"Jake Bobo","Sea","WR","W 20-17",1.2,0,0,0,0,0,0,1,4,0,1,0,0,0,1.4,0,0,"Phi","Home",109,"12/19/23",15
"Jake Bobo","Sea","WR","W 20-17",1.1,0,0,0,0,0,0,1,8,0,3,0,0,0,1.8,0,0,"Ten","Away",106,"12/26/23",16
"Jake Bobo","Sea","WR","L 23-30",2.2,0,0,0,0,0,0,1,4,0,1,0,0,0,1.4,0,0,"Pit","Home",101.5,"1/2/24",17
"Jake Bobo","Sea","WR","W 21-20",1.8,0,0,0,0,0,0,1,9,0,1,0,0,0,1.9,0,0,"Ari","Away",98,"1/9/24",18
"Jake Browning","Cin","QB","L 3-24",0,0,0,0,1,-1,0,0,0,0,0,0,0,0,-0.1,0,1,"Cle","Away",39,"9/12/23",1
"Jake Browning","Cin","QB","L 20-34",0,68,1,0,4,40,0,0,0,0,0,0,0,0,10.72,8,14,"Bal","Away",21,"11/21/23",11
"Jake Browning","Cin","QB","L 10-16",14,227,1,1,3,9,0,0,0,0,0,0,0,0,11.98,19,26,"Pit","Home",18,"11/28/23",12
"Jake Browning","Cin","QB","W 34-31",15.2,354,1,0,2,22,1,1,-7,0,1,0,0,0,26.66,32,37,"Jax","Away",4,"12/5/23",13
"Jake Browning","Cin","QB","W 34-14",16.2,275,2,1,3,7,1,0,0,0,0,0,0,0,23.7,18,24,"Ind","Home",4,"12/12/23",14
"Jake Browning","Cin","QB","W 27-24",14.4,324,2,1,4,0,0,0,0,0,0,0,0,0,18.96,29,42,"Min","Home",8,"12/19/23",15
"Jake Browning","Cin","QB","L 11-34",16.5,335,1,3,1,0,0,0,0,0,0,0,0,0,13.4,28,42,"Pit","Away",24,"12/26/23",16
"Jake Browning","Cin","QB","L 17-25",16.2,197,1,0,7,32,1,0,0,0,0,0,0,0,21.08,19,33,"KC","Away",7,"1/2/24",17
"Jake Browning","Cin","QB","W 31-14",15.1,156,3,1,2,18,0,0,0,0,0,0,0,0,18.04,18,24,"Cle","Home",10,"1/9/24",18
"Jake Ferguson","Dal","TE","W 40-0",6.7,0,0,0,0,0,0,2,11,0,7,0,0,0,3.1,0,0,"NYG","Away",37.5,"9/12/23",1
"Jake Ferguson","Dal","TE","W 30-10",8.1,0,0,0,0,0,0,3,11,1,4,0,0,0,10.1,0,0,"NYJ","Home",11.5,"9/19/23",2
"Jake Ferguson","Dal","TE","L 16-28",8.5,0,0,0,0,0,0,5,48,0,7,0,0,0,9.8,0,0,"Ari","Away",11,"9/26/23",3
"Jake Ferguson","Dal","TE","W 38-3",8.5,0,0,0,0,0,0,7,77,0,7,0,0,0,14.7,0,0,"NE","Home",4,"10/3/23",4
"Jake Ferguson","Dal","TE","L 10-42",10.2,0,0,0,0,0,0,3,28,0,3,0,0,0,5.8,0,0,"SF","Away",22,"10/10/23",5
"Jake Ferguson","Dal","TE","W 20-17",9.8,0,0,0,0,0,0,1,15,0,1,0,0,0,2.5,0,0,"LAC","Away",34,"10/17/23",6
"Jake Ferguson","Dal","TE","W 43-20",9.1,0,0,0,0,0,0,4,47,1,4,0,0,0,14.7,0,0,"LAR","Home",11,"10/31/23",8
"Jake Ferguson","Dal","TE","L 23-28",8.5,0,0,0,0,0,0,7,91,1,10,0,0,0,22.1,0,0,"Phi","Away",4,"11/7/23",9
"Jake Ferguson","Dal","TE","W 49-17",9.9,0,0,0,0,0,0,4,26,1,7,0,0,0,12.6,0,0,"NYG","Home",6,"11/14/23",10
"Jake Ferguson","Dal","TE","W 33-10",10.7,0,0,0,0,0,0,3,32,0,5,0,0,0,6.2,0,0,"Car","Away",21,"11/21/23",11
"Jake Ferguson","Dal","TE","W 45-10",11.2,0,0,0,0,0,0,1,35,0,3,0,0,0,4.5,0,0,"Wsh","Home",28.5,"11/28/23",12
"Jake Ferguson","Dal","TE","W 41-35",10.4,0,0,0,0,0,0,6,77,1,8,0,0,0,19.7,0,0,"Sea","Home",4,"12/5/23",13
"Jake Ferguson","Dal","TE","W 33-13",11.2,0,0,0,0,0,0,5,72,0,8,0,0,0,12.2,0,0,"Phi","Home",9,"12/12/23",14
"Jake Ferguson","Dal","TE","L 10-31",11.7,0,0,0,0,0,0,6,44,0,8,0,0,0,10.4,0,0,"Buf","Away",12,"12/19/23",15
"Jake Ferguson","Dal","TE","L 20-22",12.6,0,0,0,0,0,0,4,45,0,8,0,0,0,8.5,0,0,"Mia","Away",24,"12/26/23",16
"Jake Ferguson","Dal","TE","W 20-19",12.7,0,0,0,0,0,0,4,33,0,6,0,0,0,7.3,0,0,"Det","Home",23,"1/2/24",17
"Jake Ferguson","Dal","TE","W 38-10",12,0,0,0,0,0,0,6,69,0,6,0,0,0,12.9,0,0,"Wsh","Away",6,"1/9/24",18
"Jakob Johnson","LV","RB","W 17-16",0.5,0,0,0,0,0,0,0,0,0,0,0,0,0,0,0,0,"Den","Away",96,"9/12/23",1
"Jakob Johnson","LV","RB","L 10-38",0.6,0,0,0,0,0,0,0,0,0,0,0,0,0,0,0,0,"Buf","Away",96,"9/19/23",2
"Jakob Johnson","LV","RB","L 18-23",0.6,0,0,0,0,0,0,0,0,0,0,0,0,0,0,0,0,"Pit","Home",95.5,"9/26/23",3
"Jakob Johnson","LV","RB","L 17-24",0.6,0,0,0,0,0,0,1,12,0,2,0,0,0,2.2,0,0,"LAC","Away",66.5,"10/3/23",4
"Jakob Johnson","LV","RB","W 21-17",0,0,0,0,0,0,0,0,0,0,0,0,0,0,0,0,0,"NE","Home",93,"10/17/23",6
"Jakob Johnson","LV","RB","L 12-30",0,0,0,0,0,0,0,0,0,0,0,0,0,0,0,0,0,"Chi","Away",76,"10/24/23",7
"Jakob Johnson","LV","RB","L 14-26",0,0,0,0,0,0,0,0,0,0,0,0,0,0,0,0,0,"Det","Away",97,"10/31/23",8
"Jakob Johnson","LV","RB","L 0-3",0,0,0,0,0,0,0,0,0,0,0,0,0,0,0,0,0,"Min","Home",89.5,"12/12/23",14
"Jakob Johnson","LV","RB","W 63-21",0,0,0,0,0,0,0,0,0,0,0,0,0,0,0,0,0,"LAC","Home",94,"12/19/23",15
"Jakob Johnson","LV","RB","W 20-14",0,0,0,0,0,0,0,0,0,0,0,0,0,0,0,0,0,"KC","Away",92,"12/26/23",16
"Jakob Johnson","LV","RB","L 20-23",0,0,0,0,0,0,0,0,0,0,0,0,0,0,0,0,0,"Ind","Away",92.5,"1/2/24",17
"Jakob Johnson","LV","RB","W 27-14",0,0,0,0,0,0,0,0,0,0,0,0,0,0,0,0,0,"Den","Home",88.5,"1/9/24",18
"Jakobi Meyers","LV","WR","W 17-16",10.9,0,0,0,0,0,0,9,81,2,10,0,0,0,29.1,0,0,"Den","Away",3,"9/12/23",1
"Jakobi Meyers","LV","WR","L 18-23",12.4,0,0,0,0,0,0,7,85,0,12,0,0,0,15.5,0,0,"Pit","Home",25,"9/26/23",3
"Jakobi Meyers","LV","WR","L 17-24",12.2,0,0,0,0,0,0,2,33,0,4,0,0,0,5.3,0,0,"LAC","Away",69.5,"10/3/23",4
"Jakobi Meyers","LV","WR","W 17-13",12.2,0,0,0,1,0,0,7,75,1,10,0,0,0,20.5,0,0,"GB","Home",10,"10/10/23",5
"Jakobi Meyers","LV","WR","W 21-17",14,0,0,0,0,0,0,5,61,1,7,0,0,0,17.1,0,0,"NE","Home",14.5,"10/17/23",6
"Jakobi Meyers","LV","WR","L 12-30",13.4,0,0,0,0,0,0,7,50,1,13,0,0,0,18,0,0,"Chi","Away",11,"10/24/23",7
"Jakobi Meyers","LV","WR","L 14-26",15.8,0,0,0,0,0,0,1,19,0,1,0,0,0,2.9,0,0,"Det","Away",92,"10/31/23",8
"Jakobi Meyers","LV","WR","W 30-6",12.3,0,0,0,1,17,1,2,38,0,5,0,0,0,13.5,0,0,"NYG","Home",17.5,"11/7/23",9
"Jakobi Meyers","LV","WR","W 16-12",10.7,0,0,0,0,0,0,2,21,0,2,0,0,0,4.1,0,0,"NYJ","Home",65.5,"11/14/23",10
"Jakobi Meyers","LV","WR","L 13-20",9.5,0,0,0,0,0,0,4,49,0,5,0,0,0,8.9,0,0,"Mia","Away",42,"11/21/23",11
"Jakobi Meyers","LV","WR","L 17-31",7.6,0,0,0,1,2,0,6,79,1,7,0,0,0,20.1,0,1,"KC","Home",14,"11/28/23",12
"Jakobi Meyers","LV","WR","L 0-3",9.1,0,0,0,0,0,0,5,25,0,6,0,0,0,7.5,0,0,"Min","Home",45,"12/12/23",14
"Jakobi Meyers","LV","WR","W 63-21",10.5,12,1,0,0,0,0,2,32,1,4,0,0,0,15.68,2,2,"LAC","Home",21,"12/19/23",15
"Jakobi Meyers","LV","WR","W 20-14",11.7,0,0,0,0,0,0,3,42,0,5,0,0,0,7.2,0,0,"KC","Away",61.5,"12/26/23",16
"Jakobi Meyers","LV","WR","L 20-23",11.5,0,0,0,0,0,0,6,56,0,10,0,0,0,11.6,0,0,"Ind","Away",32.5,"1/2/24",17
"Jakobi Meyers","LV","WR","W 27-14",11.6,0,0,0,1,5,1,3,61,1,5,0,0,0,21.6,0,0,"Den","Home",9,"1/9/24",18
"Jaleel McLaughlin","Den","RB","L 16-17",3.9,0,0,0,0,0,0,1,-7,0,1,0,0,0,0.3,0,0,"LV","Home",82,"9/12/23",1
"Jaleel McLaughlin","Den","RB","L 33-35",0.9,0,0,0,1,5,1,0,0,0,0,0,0,0,6.5,0,0,"Wsh","Home",36,"9/19/23",2
"Jaleel McLaughlin","Den","RB","L 20-70",1.7,0,0,0,5,15,0,0,0,0,0,0,0,0,1.5,0,0,"Mia","Away",71.5,"9/26/23",3
"Jaleel McLaughlin","Den","RB","W 31-28",1.4,0,0,0,7,72,0,3,32,1,3,0,0,0,19.4,0,0,"Chi","Away",10,"10/3/23",4
"Jaleel McLaughlin","Den","RB","L 21-31",11.2,0,0,0,9,68,0,3,21,1,4,0,0,0,17.9,0,0,"NYJ","Home",8,"10/10/23",5
"Jaleel McLaughlin","Den","RB","L 8-19",6.1,0,0,0,7,30,0,2,12,0,2,0,0,0,6.2,0,0,"KC","Away",39,"10/17/23",6
"Jaleel McLaughlin","Den","RB","W 19-17",8.7,0,0,0,5,45,0,1,1,0,2,0,0,0,5.6,0,0,"GB","Home",39,"10/24/23",7
"Jaleel McLaughlin","Den","RB","W 24-9",6.8,0,0,0,4,33,0,2,6,0,2,0,0,0,5.9,0,0,"KC","Home",44.5,"10/31/23",8
"Jaleel McLaughlin","Den","RB","W 24-22",6.2,0,0,0,6,8,0,2,4,0,2,0,0,0,3.2,0,0,"Buf","Away",47,"11/14/23",10
"Jaleel McLaughlin","Den","RB","W 21-20",5.9,0,0,0,1,1,0,5,14,0,5,0,0,0,6.5,0,0,"Min","Home",33,"11/21/23",11
"Jaleel McLaughlin","Den","RB","W 29-12",5.4,0,0,0,2,4,0,0,0,0,0,0,0,0,0.4,0,0,"Cle","Home",77,"11/28/23",12
"Jaleel McLaughlin","Den","RB","L 17-22",4.2,0,0,0,4,15,0,2,6,0,2,0,0,0,4.1,0,0,"Hou","Away",36,"12/5/23",13
"Jaleel McLaughlin","Den","RB","W 24-7",5,0,0,0,5,25,0,1,7,0,2,0,0,0,4.2,0,0,"LAC","Away",47,"12/12/23",14
"Jaleel McLaughlin","Den","RB","L 17-42",5.4,0,0,0,2,2,0,2,16,0,3,0,0,0,3.8,0,0,"Det","Away",53,"12/19/23",15
"Jaleel McLaughlin","Den","RB","L 23-26",4.8,0,0,0,6,37,0,4,30,0,5,0,0,0,10.7,0,0,"NE","Home",27,"12/26/23",16
"Jaleel McLaughlin","Den","RB","W 16-9",7.4,0,0,0,8,44,0,3,18,0,3,0,0,0,9.2,0,0,"LAC","Home",32,"1/2/24",17
"Jaleel McLaughlin","Den","RB","L 14-27",9,0,0,0,4,6,0,0,0,0,0,0,0,0,0.6,0,0,"LV","Away",67,"1/9/24",18
"Jalen Brooks","Dal","WR","W 30-10",1.6,0,0,0,0,0,0,0,0,0,0,0,0,0,0,0,0,"NYJ","Home",145,"9/19/23",2
"Jalen Brooks","Dal","WR","W 20-17",0,0,0,0,0,0,0,0,0,0,0,0,0,0,0,0,0,"LAC","Away",128,"10/17/23",6
"Jalen Brooks","Dal","WR","W 49-17",0,0,0,0,0,0,0,4,39,0,4,0,0,0,7.9,0,0,"NYG","Home",42,"11/14/23",10
"Jalen Brooks","Dal","WR","W 33-10",0,0,0,0,0,0,0,0,0,0,0,0,0,0,0,0,0,"Car","Away",126,"11/21/23",11
"Jalen Brooks","Dal","WR","W 45-10",0,0,0,0,0,0,0,1,24,0,1,0,0,0,3.4,0,0,"Wsh","Home",91,"11/28/23",12
"Jalen Brooks","Dal","WR","W 20-19",0,0,0,0,0,0,0,0,0,0,0,0,0,0,0,0,0,"Det","Home",137.5,"1/2/24",17
"Jalen Brooks","Dal","WR","W 38-10",0,0,0,0,0,0,0,1,1,0,1,0,0,0,1.1,0,0,"Wsh","Away",117.5,"1/9/24",18
"Jalen Guyton","LAC","WR","W 27-6",0,0,0,0,0,0,0,0,0,0,2,0,0,0,0,0,0,"NYJ","Away",126.5,"11/7/23",9
"Jalen Guyton","LAC","WR","L 38-41",5.7,0,0,0,0,0,0,4,41,1,6,0,0,0,14.1,0,0,"Det","Home",25,"11/14/23",10
"Jalen Guyton","LAC","WR","L 10-20",8.3,0,0,0,0,0,0,1,4,0,5,0,0,0,1.4,0,0,"Bal","Home",116.5,"11/28/23",12
"Jalen Guyton","LAC","WR","W 6-0",8,0,0,0,0,0,0,1,5,0,3,0,0,0,1.5,0,0,"NE","Away",85.5,"12/5/23",13
"Jalen Guyton","LAC","WR","L 7-24",7.6,0,0,0,0,0,0,1,8,0,1,0,0,0,1.8,0,0,"Den","Home",101,"12/12/23",14
"Jalen Guyton","LAC","WR","L 21-63",7.4,0,0,0,0,0,0,2,19,0,2,0,0,0,3.9,0,0,"LV","Away",81,"12/19/23",15
"Jalen Guyton","LAC","WR","L 22-24",6.7,0,0,0,0,0,0,1,12,0,2,0,0,0,2.2,0,0,"Buf","Home",99.5,"12/26/23",16
"Jalen Guyton","LAC","WR","L 9-16",8.4,0,0,0,0,0,0,0,0,0,0,0,0,0,0,0,0,"Den","Away",137.5,"1/2/24",17
"Jalen Hurts","Phi","QB","W 25-20",21.3,170,1,0,9,37,0,0,0,0,0,0,1,0,12.5,22,33,"NE","Away",19,"9/12/23",1
"Jalen Hurts","Phi","QB","W 34-28",24.7,193,1,1,12,35,2,0,0,0,0,0,0,0,25.22,18,23,"Min","Home",4.5,"9/19/23",2
"Jalen Hurts","Phi","QB","W 25-11",21.8,277,1,2,10,28,1,0,0,0,0,0,0,0,19.88,23,37,"TB","Away",12,"9/26/23",3
"Jalen Hurts","Phi","QB","W 34-31",21.7,319,2,0,9,34,0,0,0,0,0,0,0,0,24.16,25,37,"Wsh","Home",5,"10/3/23",4
"Jalen Hurts","Phi","QB","W 23-14",21.9,303,1,1,15,72,1,0,0,0,0,0,0,0,27.32,25,38,"LAR","Away",4,"10/10/23",5
"Jalen Hurts","Phi","QB","L 14-20",21.6,280,1,3,8,47,1,0,0,0,0,0,0,0,19.9,28,45,"NYJ","Away",4,"10/17/23",6
"Jalen Hurts","Phi","QB","W 31-17",23.5,279,2,1,11,21,1,0,0,0,0,0,1,0,23.26,23,31,"Mia","Home",5,"10/24/23",7
"Jalen Hurts","Phi","QB","W 38-31",22.8,319,4,0,4,6,0,0,0,0,0,0,1,0,27.36,29,38,"Wsh","Away",5,"10/31/23",8
"Jalen Hurts","Phi","QB","W 28-23",21,207,2,0,10,36,1,0,0,0,0,0,0,0,25.88,17,23,"Dal","Home",3,"11/7/23",9
"Jalen Hurts","Phi","QB","W 21-17",21.5,150,0,1,12,29,2,0,0,0,0,0,0,0,18.9,14,22,"KC","Away",10,"11/21/23",11
"Jalen Hurts","Phi","QB","W 37-34",22.3,200,3,1,14,65,2,0,0,0,0,0,1,0,34.5,18,31,"Buf","Home",2,"11/28/23",12
"Jalen Hurts","Phi","QB","L 19-42",21.2,298,1,0,7,20,1,0,0,0,0,0,0,0,23.92,26,45,"SF","Home",6,"12/5/23",13
"Jalen Hurts","Phi","QB","L 13-33",21.9,197,0,0,5,30,0,0,0,0,0,0,1,0,8.88,18,27,"Dal","Away",24,"12/12/23",14
"Jalen Hurts","Phi","QB","L 17-20",22.4,143,0,2,13,82,2,0,0,0,0,0,0,0,21.92,17,31,"Sea","Away",5,"12/19/23",15
"Jalen Hurts","Phi","QB","W 33-25",21,301,1,1,8,34,1,0,0,0,0,0,0,0,23.44,24,38,"NYG","Home",7,"12/26/23",16
"Jalen Hurts","Phi","QB","L 31-35",23.8,167,3,1,8,25,0,0,0,0,0,0,0,0,19.18,18,23,"Ari","Home",10,"1/2/24",17
"Jalen Hurts","Phi","QB","L 10-27",20.4,55,0,1,2,4,0,0,0,0,0,0,0,0,0.6,7,16,"NYG","Away",35,"1/9/24",18
"Jalen Nailor","Min","WR","L 17-20",0,0,0,0,0,0,0,0,0,0,0,0,0,0,0,0,0,"TB","Home",135,"9/12/23",1
"Jalen Nailor","Min","WR","L 28-34",0,0,0,0,0,0,0,0,0,0,0,0,0,0,0,0,0,"Phi","Away",145,"9/19/23",2
"Jalen Nailor","Min","WR","W 27-19",0,0,0,0,0,0,0,1,16,0,1,0,0,0,2.6,0,0,"NO","Home",83,"11/14/23",10
"Jalen Nailor","Min","WR","L 20-21",4.6,0,0,0,0,0,0,0,0,0,0,0,0,0,0,0,0,"Den","Away",126,"11/21/23",11
"Jalen Nailor","Min","WR","L 10-12",2.4,0,0,0,0,0,0,0,0,0,0,0,0,0,0,0,0,"Chi","Home",149,"11/28/23",12
"Jalen Nailor","Min","WR","W 3-0",0,0,0,0,0,0,0,2,13,0,5,0,0,0,3.3,0,0,"LV","Away",83,"12/12/23",14
"Jalen Reagor","NE","WR","L 17-21",3,0,0,0,0,0,0,0,0,0,0,0,0,0,0,0,0,"LV","Away",128,"10/17/23",6
"Jalen Reagor","NE","WR","W 29-25",0,0,0,0,0,0,0,1,11,0,1,0,0,0,2.1,0,0,"Buf","Home",82,"10/24/23",7
"Jalen Reagor","NE","WR","L 17-31",0,0,0,0,0,0,0,0,0,0,2,0,0,0,0,0,0,"Mia","Away",138,"10/31/23",8
"Jalen Reagor","NE","WR","L 17-20",7.1,0,0,0,0,0,0,1,11,0,6,0,0,0,2.1,0,0,"Wsh","Home",87.5,"11/7/23",9
"Jalen Reagor","NE","WR","L 6-10",7.7,0,0,0,0,0,0,0,0,0,0,0,0,0,0,0,0,"Ind","Home",123.5,"11/14/23",10
"Jalen Reagor","NE","WR","L 0-6",6.9,0,0,0,0,0,0,1,11,0,1,0,0,0,2.1,0,0,"LAC","Home",76,"12/5/23",13
"Jalen Reagor","NE","WR","W 21-18",7.3,0,0,0,0,0,0,0,0,0,1,0,0,0,0,0,0,"Pit","Away",134,"12/12/23",14
"Jalen Reagor","NE","WR","L 17-27",5.3,0,0,0,0,0,0,0,0,0,2,0,0,0,0,0,0,"KC","Home",140,"12/19/23",15
"Jalen Reagor","NE","WR","W 26-23",6.9,0,0,0,0,0,0,2,33,0,2,0,0,0,5.3,0,0,"Den","Away",73,"12/26/23",16
"Jalen Reagor","NE","WR","L 21-27",7.7,0,0,0,0,0,0,1,39,0,3,0,0,1,10.9,0,0,"Buf","Away",34.5,"1/2/24",17
"Jalen Reagor","NE","WR","L 3-17",5.2,0,0,0,1,17,0,1,33,0,5,0,0,0,6,0,0,"NYJ","Home",56.5,"1/9/24",18
"Jalen Tolbert","Dal","WR","W 40-0",1.2,0,0,0,0,0,0,0,0,0,1,0,0,0,0,0,0,"NYG","Away",135,"9/12/23",1
"Jalen Tolbert","Dal","WR","W 30-10",5.9,0,0,0,0,0,0,3,18,0,4,0,0,0,4.8,0,0,"NYJ","Home",85.5,"9/19/23",2
"Jalen Tolbert","Dal","WR","L 16-28",1.5,0,0,0,0,0,0,0,0,0,0,0,0,0,0,0,0,"Ari","Away",141,"9/26/23",3
"Jalen Tolbert","Dal","WR","W 38-3",0.5,0,0,0,0,0,0,4,53,0,4,0,0,0,9.3,0,0,"NE","Home",43.5,"10/3/23",4
"Jalen Tolbert","Dal","WR","L 10-42",0.5,0,0,0,0,0,0,0,0,0,0,0,0,0,0,0,0,"SF","Away",124.5,"10/10/23",5
"Jalen Tolbert","Dal","WR","W 20-17",1.6,0,0,0,0,0,0,0,0,0,0,0,1,0,-2,0,0,"LAC","Away",157.5,"10/17/23",6
"Jalen Tolbert","Dal","WR","W 43-20",0.5,0,0,0,0,0,0,0,0,0,1,0,0,0,0,0,0,"LAR","Home",138,"10/31/23",8
"Jalen Tolbert","Dal","WR","L 23-28",1.8,0,0,0,0,0,0,3,49,1,5,0,0,0,13.9,0,0,"Phi","Away",16,"11/7/23",9
"Jalen Tolbert","Dal","WR","W 49-17",4.5,0,0,0,0,0,0,2,2,0,5,0,0,0,2.2,0,0,"NYG","Home",87.5,"11/14/23",10
"Jalen Tolbert","Dal","WR","W 33-10",5.7,0,0,0,0,0,0,2,12,0,5,0,0,0,3.2,0,0,"Car","Away",77.5,"11/21/23",11
"Jalen Tolbert","Dal","WR","W 45-10",5.9,0,0,0,0,0,0,2,49,0,3,0,0,0,6.9,0,0,"Wsh","Home",61,"11/28/23",12
"Jalen Tolbert","Dal","WR","W 41-35",5.9,0,0,0,0,0,0,1,17,0,1,0,0,0,2.7,0,0,"Sea","Home",68,"12/5/23",13
"Jalen Tolbert","Dal","WR","W 33-13",5.6,0,0,0,0,0,0,0,0,0,1,0,0,0,0,0,0,"Phi","Home",134,"12/12/23",14
"Jalen Tolbert","Dal","WR","L 10-31",5.4,0,0,0,0,0,0,0,0,0,0,0,0,0,0,0,0,"Buf","Away",140,"12/19/23",15
"Jalen Tolbert","Dal","WR","L 20-22",4.4,0,0,0,0,0,0,2,51,0,2,0,0,0,7.1,0,0,"Mia","Away",63,"12/26/23",16
"Jalen Tolbert","Dal","WR","W 20-19",3.9,0,0,0,0,0,0,1,9,0,1,0,0,0,1.9,0,0,"Det","Home",95,"1/2/24",17
"Jalen Tolbert","Dal","WR","W 38-10",4.4,0,0,0,0,0,0,2,8,1,3,0,0,0,8.8,0,0,"Wsh","Away",43.5,"1/9/24",18
"Jalin Hyatt","NYG","WR","L 0-40",2.6,0,0,0,0,0,0,0,0,0,1,0,0,0,0,0,0,"Dal","Home",135,"9/12/23",1
"Jalin Hyatt","NYG","WR","W 31-28",4.4,0,0,0,0,0,0,2,89,0,2,0,0,0,10.9,0,0,"Ari","Away",50,"9/19/23",2
"Jalin Hyatt","NYG","WR","L 12-30",3.7,0,0,0,0,0,0,0,0,0,0,0,0,0,0,0,0,"SF","Away",141,"9/26/23",3
"Jalin Hyatt","NYG","WR","L 3-24",2.6,0,0,0,0,0,0,2,10,0,2,0,0,0,3,0,0,"Sea","Home",90.5,"10/3/23",4
"Jalin Hyatt","NYG","WR","L 16-31",5.8,0,0,0,0,0,0,0,0,0,0,0,0,0,0,0,0,"Mia","Away",124.5,"10/10/23",5
"Jalin Hyatt","NYG","WR","L 9-14",3.5,0,0,0,0,0,0,3,21,0,4,0,0,0,5.1,0,0,"Buf","Away",68,"10/17/23",6
"Jalin Hyatt","NYG","WR","W 14-7",5.9,0,0,0,0,0,0,2,75,0,5,0,0,0,9.5,0,0,"Wsh","Home",41.5,"10/24/23",7
"Jalin Hyatt","NYG","WR","L 10-13",7.2,0,0,0,0,0,0,0,0,0,0,0,0,0,0,0,0,"NYJ","Home",138,"10/31/23",8
"Jalin Hyatt","NYG","WR","L 6-30",6.1,0,0,0,0,0,0,2,19,0,5,0,0,0,3.9,0,0,"LV","Away",70,"11/7/23",9
"Jalin Hyatt","NYG","WR","L 17-49",7.4,0,0,0,0,0,0,0,0,0,1,0,0,0,0,0,0,"Dal","Away",123.5,"11/14/23",10
"Jalin Hyatt","NYG","WR","W 31-19",5.8,0,0,0,0,0,0,1,7,0,2,0,0,0,1.7,0,0,"Wsh","Away",94.5,"11/21/23",11
"Jalin Hyatt","NYG","WR","W 10-7",5.8,0,0,0,0,0,0,5,109,0,6,0,0,0,15.9,0,0,"NE","Home",24,"11/28/23",12
"Jalin Hyatt","NYG","WR","W 24-22",8.4,0,0,0,0,0,0,2,13,0,3,0,0,0,3.3,0,0,"GB","Home",83,"12/12/23",14
"Jalin Hyatt","NYG","WR","L 6-24",7.9,0,0,0,0,0,0,0,0,0,3,0,0,0,0,0,0,"NO","Away",140,"12/19/23",15
"Jalin Hyatt","NYG","WR","L 25-33",7.1,0,0,0,0,0,0,0,0,0,0,0,0,0,0,0,0,"Phi","Away",144.5,"12/26/23",16
"Jalin Hyatt","NYG","WR","L 25-26",5.3,0,0,0,0,0,0,3,25,0,4,0,0,0,5.5,0,0,"LAR","Home",67,"1/2/24",17
"Jalin Hyatt","NYG","WR","W 27-10",5.1,0,0,0,0,0,0,1,5,0,2,0,0,0,1.5,0,0,"Phi","Home",107,"1/9/24",18
"Jamaal Williams","NO","RB","W 16-15",14.5,0,0,0,18,45,0,2,7,0,2,0,0,0,7.2,0,0,"Ten","Home",38,"9/12/23",1
"Jamaal Williams","NO","RB","W 20-17",13.2,0,0,0,9,29,0,0,0,0,0,0,0,0,2.9,0,0,"Car","Away",55.5,"9/19/23",2
"Jamaal Williams","NO","RB","L 24-31",5.6,0,0,0,5,14,0,0,0,0,0,0,0,0,1.4,0,0,"Jax","Home",54,"10/24/23",7
"Jamaal Williams","NO","RB","W 38-27",4,0,0,0,6,30,0,1,8,0,1,0,0,0,4.8,0,0,"Ind","Away",51,"10/31/23",8
"Jamaal Williams","NO","RB","W 24-17",3.6,0,0,0,3,6,0,2,6,0,3,0,0,0,3.2,0,0,"Chi","Home",47.5,"11/7/23",9
"Jamaal Williams","NO","RB","L 19-27",5.2,0,0,0,4,7,0,1,3,0,1,0,0,0,2,0,0,"Min","Away",54,"11/14/23",10
"Jamaal Williams","NO","RB","L 15-24",5.9,0,0,0,2,6,0,2,4,0,2,0,0,0,3,0,0,"Atl","Away",54,"11/28/23",12
"Jamaal Williams","NO","RB","L 28-33",5.1,0,0,0,5,10,0,1,6,0,1,0,0,0,2.6,0,0,"Det","Home",47,"12/5/23",13
"Jamaal Williams","NO","RB","W 28-6",8.9,0,0,0,11,43,0,0,0,0,1,0,0,0,4.3,0,0,"Car","Home",46,"12/12/23",14
"Jamaal Williams","NO","RB","W 24-6",5.5,0,0,0,8,24,0,1,2,0,1,0,0,0,3.6,0,0,"NYG","Home",54.5,"12/19/23",15
"Jamaal Williams","NO","RB","L 22-30",4.7,0,0,0,2,8,0,1,5,0,1,0,0,0,2.3,0,0,"LAR","Away",57,"12/26/23",16
"Jamaal Williams","NO","RB","W 23-13",4.3,0,0,0,19,58,0,4,13,0,4,0,0,0,11.1,0,0,"TB","Away",27.5,"1/2/24",17
"Jamaal Williams","NO","RB","W 48-17",12.8,0,0,0,14,26,1,3,8,0,3,0,0,0,12.4,0,0,"Atl","Home",23,"1/9/24",18
"Jamal Agnew","Jax","WR","W 31-21",3,0,0,0,2,-2,0,0,0,0,0,0,0,0,-0.2,0,0,"Ind","Away",162,"9/12/23",1
"Jamal Agnew","Jax","WR","L 9-17",1.2,0,0,0,0,0,0,1,5,0,1,0,0,0,1.5,0,0,"KC","Home",113,"9/19/23",2
"Jamal Agnew","Jax","WR","L 17-37",6.8,0,0,0,0,0,0,4,49,0,5,0,1,0,6.9,0,0,"Hou","Home",67.5,"9/26/23",3
"Jamal Agnew","Jax","WR","W 25-20",1.6,0,0,0,1,1,0,0,0,0,0,0,0,0,0.1,0,0,"Buf","Away",107,"10/10/23",5
"Jamal Agnew","Jax","WR","W 37-20",2.9,0,0,0,0,0,0,0,0,0,0,0,0,0,0,0,0,"Ind","Home",128,"10/17/23",6
"Jamal Agnew","Jax","WR","W 31-24",2.6,0,0,0,1,-1,0,4,36,0,6,0,0,0,7.5,0,0,"NO","Away",49.5,"10/24/23",7
"Jamal Agnew","Jax","WR","W 20-10",6,0,0,0,0,0,0,0,0,0,0,0,0,0,0,0,0,"Pit","Away",138,"10/31/23",8
"Jamal Agnew","Jax","WR","L 3-34",4.6,0,0,0,0,0,0,0,0,0,0,0,0,0,0,0,0,"SF","Home",123.5,"11/14/23",10
"Jamal Agnew","Jax","WR","L 7-23",2.8,0,0,0,0,0,0,2,70,1,2,0,0,0,15,0,0,"Bal","Home",23,"12/19/23",15
"Jamal Agnew","Jax","WR","L 12-30",6.7,0,0,0,0,0,0,1,12,0,5,0,0,0,2.2,0,0,"TB","Away",99.5,"12/26/23",16
"Jamal Agnew","Jax","WR","W 26-0",5.6,0,0,0,0,0,0,2,53,0,2,0,0,0,7.3,0,0,"Car","Home",53,"1/2/24",17
"Jameis Winston","NO","QB","L 17-18",0,101,0,0,0,0,0,0,0,0,0,0,0,0,4.04,10,16,"GB","Away",32,"9/26/23",3
"Jameis Winston","NO","QB","L 9-26",0,0,0,1,0,0,0,0,0,0,0,0,0,0,-2,0,1,"TB","Home",42,"10/3/23",4
"Jameis Winston","NO","QB","W 34-0",0,0,0,0,3,-4,0,0,0,0,0,0,0,0,-0.4,0,0,"NE","Away",36,"10/10/23",5
"Jameis Winston","NO","QB","L 19-27",0,122,2,2,0,0,0,0,0,0,0,0,0,0,8.88,13,25,"Min","Away",21,"11/14/23",10
"Jameis Winston","NO","QB","L 28-33",0,41,0,0,0,0,0,0,0,0,0,0,0,0,1.64,2,5,"Det","Home",28,"12/5/23",13
"Jameis Winston","NO","QB","W 28-6",0,0,0,0,2,-2,0,0,0,0,0,0,0,0,-0.2,0,0,"Car","Home",39,"12/12/23",14
"Jameis Winston","NO","QB","W 48-17",0,0,0,0,0,0,0,0,0,0,0,0,0,0,0,0,0,"Atl","Home",39.5,"1/9/24",18
"James Conner","Ari","RB","L 16-20",14.9,0,0,0,14,62,0,5,8,0,5,0,0,0,12,0,0,"Wsh","Away",20,"9/12/23",1
"James Conner","Ari","RB","L 28-31",15.1,0,0,0,23,106,1,0,0,0,1,0,0,0,16.6,0,0,"NYG","Home",15,"9/19/23",2
"James Conner","Ari","RB","W 28-16",13.5,0,0,0,14,98,1,2,18,0,2,0,0,0,19.6,0,0,"Dal","Home",6,"9/26/23",3
"James Conner","Ari","RB","L 16-35",14.1,0,0,0,11,52,0,1,4,0,2,0,0,0,6.6,0,0,"SF","Away",36,"10/3/23",4
"James Conner","Ari","RB","L 20-34",14.9,0,0,0,6,46,0,0,0,0,0,0,0,0,4.6,0,0,"Cin","Home",39,"10/10/23",5
"James Conner","Ari","RB","W 25-23",13.5,0,0,0,16,73,0,0,0,0,0,0,0,0,7.3,0,0,"Atl","Home",35.5,"11/14/23",10
"James Conner","Ari","RB","L 16-21",13.4,0,0,0,14,62,0,2,1,0,3,0,0,0,8.3,0,0,"Hou","Away",26,"11/21/23",11
"James Conner","Ari","RB","L 14-37",14.6,0,0,0,6,27,0,4,5,0,5,0,0,0,7.2,0,0,"LAR","Home",40,"11/28/23",12
"James Conner","Ari","RB","W 24-10",12.2,0,0,0,25,105,2,0,0,0,2,0,0,0,22.5,0,0,"Pit","Away",5,"12/5/23",13
"James Conner","Ari","RB","L 29-45",13.2,0,0,0,14,86,1,3,3,0,3,0,0,0,17.9,0,0,"SF","Home",11,"12/19/23",15
"James Conner","Ari","RB","L 16-27",13.5,0,0,0,12,45,0,5,67,1,5,0,0,0,22.2,0,0,"Chi","Away",4,"12/26/23",16
"James Conner","Ari","RB","W 35-31",14.8,0,0,0,26,128,1,1,5,1,1,0,0,0,26.3,0,0,"Phi","Away",4,"1/2/24",17
"James Conner","Ari","RB","L 20-21",16.8,0,0,0,27,150,1,4,54,0,4,0,0,0,30.4,0,0,"Sea","Home",1,"1/9/24",18
"James Cook","Buf","RB","L 16-22",12.3,0,0,0,12,46,0,4,17,0,6,0,0,0,10.3,0,0,"NYJ","Away",27.5,"9/12/23",1
"James Cook","Buf","RB","W 38-10",14.9,0,0,0,17,123,0,4,36,0,4,0,0,0,19.9,0,0,"LV","Home",11.5,"9/19/23",2
"James Cook","Buf","RB","W 37-3",14.2,0,0,0,15,98,0,2,14,0,3,0,0,0,13.2,0,0,"Wsh","Away",18,"9/26/23",3
"James Cook","Buf","RB","W 48-20",14.9,0,0,0,12,29,1,1,48,0,1,0,0,0,14.7,0,0,"Mia","Home",13,"10/3/23",4
"James Cook","Buf","RB","L 20-25",14.8,0,0,0,5,-4,0,3,25,0,4,0,0,0,5.1,0,0,"Jax","Home",36,"10/10/23",5
"James Cook","Buf","RB","W 14-9",14.5,0,0,0,14,71,0,0,0,0,0,0,0,0,7.1,0,0,"NYG","Home",33.5,"10/17/23",6
"James Cook","Buf","RB","L 25-29",12.8,0,0,0,13,56,0,3,46,1,3,0,0,0,19.2,0,0,"NE","Away",8,"10/24/23",7
"James Cook","Buf","RB","W 24-18",13.3,0,0,0,14,67,0,1,6,0,1,0,0,0,8.3,0,0,"TB","Home",33,"10/31/23",8
"James Cook","Buf","RB","L 18-24",12.8,0,0,0,6,20,0,4,19,0,4,0,0,0,7.9,0,0,"Cin","Away",31,"11/7/23",9
"James Cook","Buf","RB","L 22-24",14.5,0,0,0,12,109,0,2,11,0,2,0,1,0,12,0,0,"Den","Home",23,"11/14/23",10
"James Cook","Buf","RB","W 32-6",11.9,0,0,0,17,73,0,3,29,1,4,0,0,0,19.2,0,0,"NYJ","Home",10,"11/21/23",11
"James Cook","Buf","RB","L 34-37",12.6,0,0,0,16,43,0,6,57,0,7,0,0,0,16,0,0,"Phi","Away",12,"11/28/23",12
"James Cook","Buf","RB","W 20-17",14.1,0,0,0,10,58,0,5,83,1,5,0,0,0,25.1,0,0,"KC","Away",3,"12/12/23",14
"James Cook","Buf","RB","W 31-10",14.6,0,0,0,25,179,1,2,42,1,3,0,0,0,36.1,0,0,"Dal","Home",2,"12/19/23",15
"James Cook","Buf","RB","W 24-22",17.8,0,0,0,20,70,0,0,0,0,0,0,1,0,5,0,0,"LAC","Away",49,"12/26/23",16
"James Cook","Buf","RB","W 27-21",16.1,0,0,0,16,48,0,1,-4,0,3,0,0,0,5.4,0,0,"NE","Home",49,"1/2/24",17
"James Cook","Buf","RB","W 21-14",15.3,0,0,0,13,36,0,3,16,0,4,0,0,0,8.2,0,0,"Mia","Away",32,"1/9/24",18
"James Mitchell","Det","TE","W 21-20",0.6,0,0,0,0,0,0,0,0,0,0,0,0,0,0,0,0,"KC","Away",75,"9/12/23",1
"James Mitchell","Det","TE","L 31-37",0,0,0,0,0,0,0,0,0,0,0,0,0,0,0,0,0,"Sea","Home",76,"9/19/23",2
"James Mitchell","Det","TE","W 20-6",0,0,0,0,0,0,0,0,0,0,0,0,0,0,0,0,0,"Atl","Home",79,"9/26/23",3
"James Mitchell","Det","TE","W 34-20",0,0,0,0,0,0,0,0,0,0,0,0,0,0,0,0,0,"GB","Away",79.5,"10/3/23",4
"James Mitchell","Det","TE","L 6-38",0,0,0,0,0,0,0,0,0,0,0,0,0,0,0,0,0,"Bal","Away",62,"10/24/23",7
"James Mitchell","Det","TE","W 26-14",0,0,0,0,0,0,0,0,0,0,0,0,0,0,0,0,0,"LV","Home",73,"10/31/23",8
"James Mitchell","Det","TE","W 41-38",0,0,0,0,0,0,0,0,0,0,0,0,0,0,0,0,0,"LAC","Away",69.5,"11/14/23",10
"James Mitchell","Det","TE","W 31-26",0,0,0,0,0,0,0,0,0,0,0,0,0,0,0,0,0,"Chi","Home",67,"11/21/23",11
"James Mitchell","Det","TE","L 22-29",0,0,0,0,0,0,0,0,0,0,0,0,0,0,0,0,0,"GB","Home",78,"11/28/23",12
"James Mitchell","Det","TE","W 33-28",0,0,0,0,0,0,0,0,0,0,0,0,0,0,0,0,0,"NO","Away",66,"12/5/23",13
"James Mitchell","Det","TE","L 13-28",0,0,0,0,0,0,0,0,0,0,0,0,0,0,0,0,0,"Chi","Away",73,"12/12/23",14
"James Mitchell","Det","TE","W 42-17",0,0,0,0,0,0,0,0,0,0,0,0,0,0,0,0,0,"Den","Home",81.5,"12/19/23",15
"James Mitchell","Det","TE","W 30-24",1,0,0,0,0,0,0,0,0,0,0,0,0,0,0,0,0,"Min","Away",78,"12/26/23",16
"James Mitchell","Det","TE","L 19-20",1.1,0,0,0,0,0,0,1,4,0,1,0,0,0,1.4,0,0,"Dal","Away",57,"1/2/24",17
"James Mitchell","Det","TE","W 30-20",1.1,0,0,0,0,0,0,1,24,0,1,0,0,0,3.4,0,0,"Min","Home",35,"1/9/24",18
"James Proche II","Cle","WR","W 27-0",0,0,0,0,0,0,0,0,0,0,0,0,0,0,0,0,0,"Ari","Home",126.5,"11/7/23",9
"James Proche II","Cle","WR","W 33-31",1.7,0,0,0,0,0,0,0,0,0,1,0,1,0,-2,0,0,"Bal","Away",144,"11/14/23",10
"James Proche II","Cle","WR","W 13-10",0,0,0,0,0,0,0,0,0,0,0,0,0,0,0,0,0,"Pit","Home",126,"11/21/23",11
"James Proche II","Cle","WR","L 12-29",0,0,0,0,0,0,0,0,0,0,0,0,0,0,0,0,0,"Den","Away",149,"11/28/23",12
"James Proche II","Cle","WR","L 19-36",0,0,0,0,0,0,0,0,0,0,0,0,0,0,0,0,0,"LAR","Away",113,"12/5/23",13
"James Proche II","Cle","WR","W 31-27",0,0,0,0,0,0,0,0,0,0,0,0,0,0,0,0,0,"Jax","Home",134,"12/12/23",14
"James Proche II","Cle","WR","W 20-17",0.1,0,0,0,0,0,0,0,0,0,0,0,0,0,0,0,0,"Chi","Home",140,"12/19/23",15
"James Proche II","Cle","WR","W 36-22",0.1,0,0,0,0,0,0,0,0,0,0,0,0,0,0,0,0,"Hou","Away",144.5,"12/26/23",16
"James Proche II","Cle","WR","W 37-20",0.1,0,0,0,0,0,0,0,0,0,0,0,0,0,0,0,0,"NYJ","Home",137.5,"1/2/24",17
"James Proche II","Cle","WR","L 14-31",5.9,0,0,0,0,0,0,0,0,0,4,0,0,0,0,0,0,"Cin","Away",142.5,"1/9/24",18
"James Robinson","NO","RB","L 28-33",0,0,0,0,1,2,0,1,-2,0,1,0,0,0,1,0,0,"Det","Home",58.5,"12/5/23",13
"Jameson Williams","Det","WR","W 42-24",6.7,0,0,0,0,0,0,2,2,0,3,0,0,0,2.2,0,0,"Car","Home",84.5,"10/10/23",5
"Jameson Williams","Det","WR","W 20-6",6.3,0,0,0,0,0,0,2,53,1,3,0,0,0,13.3,0,0,"TB","Away",29,"10/17/23",6
"Jameson Williams","Det","WR","L 6-38",6.3,0,0,0,0,0,0,0,0,0,6,0,0,0,0,0,0,"Bal","Away",116,"10/24/23",7
"Jameson Williams","Det","WR","W 26-14",6.4,0,0,0,0,0,0,2,16,0,3,0,0,0,3.6,0,0,"LV","Home",91,"10/31/23",8
"Jameson Williams","Det","WR","W 41-38",6.6,0,0,0,0,0,0,2,18,0,2,0,0,0,3.8,0,0,"LAC","Away",69.5,"11/14/23",10
"Jameson Williams","Det","WR","W 31-26",4.6,0,0,0,0,0,0,2,44,1,3,0,0,0,12.4,0,0,"Chi","Home",25.5,"11/21/23",11
"Jameson Williams","Det","WR","L 22-29",5,0,0,0,0,0,0,2,51,0,3,0,0,0,7.1,0,0,"GB","Home",60,"11/28/23",12
"Jameson Williams","Det","WR","W 33-28",5.2,0,0,0,1,19,1,1,11,0,1,0,0,0,10,0,0,"NO","Away",38,"12/5/23",13
"Jameson Williams","Det","WR","L 13-28",4.8,0,0,0,1,4,0,0,0,0,2,0,0,0,0.4,0,0,"Chi","Away",110,"12/12/23",14
"Jameson Williams","Det","WR","W 42-17",4.4,0,0,0,0,0,0,4,47,0,7,0,0,0,8.7,0,0,"Den","Home",46,"12/19/23",15
"Jameson Williams","Det","WR","W 30-24",6.5,0,0,0,0,0,0,5,43,0,6,0,0,0,9.3,0,0,"Min","Away",46,"12/26/23",16
"Jameson Williams","Det","WR","L 19-20",8,0,0,0,1,6,0,2,69,0,3,0,0,0,9.5,0,0,"Dal","Away",43,"1/2/24",17
"Jamison Crowder","Wsh","WR","W 20-16",0,0,0,0,0,0,0,0,0,0,0,0,0,0,0,0,0,"Ari","Home",135,"9/12/23",1
"Jamison Crowder","Wsh","WR","W 35-33",0.1,0,0,0,0,0,0,0,0,0,0,0,0,0,0,0,0,"Den","Away",145,"9/19/23",2
"Jamison Crowder","Wsh","WR","L 3-37",0.1,0,0,0,0,0,0,0,0,0,0,0,0,0,0,0,0,"Buf","Home",141,"9/26/23",3
"Jamison Crowder","Wsh","WR","L 31-34",0.1,0,0,0,0,0,0,0,0,0,0,0,0,0,0,0,0,"Phi","Away",143,"10/3/23",4
"Jamison Crowder","Wsh","WR","L 20-40",0.1,0,0,0,0,0,0,2,21,0,2,0,0,0,4.1,0,0,"Chi","Home",66,"10/10/23",5
"Jamison Crowder","Wsh","WR","W 24-16",0.6,0,0,0,0,0,0,0,0,0,0,0,0,0,0,0,0,"Atl","Away",128,"10/17/23",6
"Jamison Crowder","Wsh","WR","L 7-14",0.1,0,0,0,0,0,0,0,0,0,0,0,0,0,0,0,0,"NYG","Away",116,"10/24/23",7
"Jamison Crowder","Wsh","WR","L 31-38",0.1,0,0,0,0,0,0,7,95,1,7,0,0,0,22.5,0,0,"Phi","Home",11,"10/31/23",8
"Jamison Crowder","Wsh","WR","W 20-17",7.1,0,0,0,0,0,0,4,23,0,6,0,0,0,6.3,0,0,"NE","Away",53,"11/7/23",9
"Jamison Crowder","Wsh","WR","L 26-29",0.6,0,0,0,0,0,0,0,0,0,1,0,0,0,0,0,0,"Sea","Away",123.5,"11/14/23",10
"Jamison Crowder","Wsh","WR","L 19-31",1.2,0,0,0,0,0,0,2,12,0,2,0,0,0,3.2,0,0,"NYG","Home",77.5,"11/21/23",11
"Jamison Crowder","Wsh","WR","L 10-45",1.3,0,0,0,0,0,0,0,0,0,0,0,0,0,0,0,0,"Dal","Away",149,"11/28/23",12
"Jamison Crowder","Wsh","WR","L 15-45",0.6,0,0,0,0,0,0,0,0,0,0,0,0,0,0,0,0,"Mia","Home",113,"12/5/23",13
"Jamison Crowder","Wsh","WR","L 20-28",0.6,0,0,0,0,0,0,0,0,0,0,0,0,0,0,0,0,"LAR","Away",140,"12/19/23",15
"Jamison Crowder","Wsh","WR","L 28-30",0.1,0,0,0,0,0,0,0,0,0,1,0,1,0,-2,0,0,"NYJ","Away",167.5,"12/26/23",16
"Jamison Crowder","Wsh","WR","L 10-27",0.6,0,0,0,0,0,0,0,0,0,0,0,0,0,0,0,0,"SF","Home",137.5,"1/2/24",17
"Jamison Crowder","Wsh","WR","L 10-38",1,0,0,0,0,0,0,1,8,0,1,0,0,0,1.8,0,0,"Dal","Home",100,"1/9/24",18
"Jared Goff","Det","QB","W 21-20",15.8,253,1,0,5,-1,0,0,0,0,0,0,0,0,14.02,22,35,"KC","Away",18,"9/12/23",1
"Jared Goff","Det","QB","L 31-37",15.7,323,3,1,0,0,0,0,0,0,0,0,0,0,22.92,28,35,"Sea","Home",8,"9/19/23",2
"Jared Goff","Det","QB","W 20-6",15.3,243,1,1,5,3,1,0,0,0,0,0,0,0,18.02,22,33,"Atl","Home",14,"9/26/23",3
"Jared Goff","Det","QB","W 34-20",15,210,1,1,2,10,0,0,0,0,0,0,0,0,11.4,19,28,"GB","Away",21,"10/3/23",4
"Jared Goff","Det","QB","W 42-24",14.8,236,3,0,2,0,1,0,0,0,0,0,0,0,27.44,20,28,"Car","Home",3,"10/10/23",5
"Jared Goff","Det","QB","W 20-6",14,353,2,0,2,3,0,0,0,0,0,0,0,0,22.42,30,44,"TB","Away",3,"10/17/23",6
"Jared Goff","Det","QB","L 6-38",14.8,284,0,1,0,0,0,0,0,0,0,0,0,0,9.36,33,53,"Bal","Away",24,"10/24/23",7
"Jared Goff","Det","QB","W 26-14",16,272,1,1,2,-2,0,0,0,0,0,0,0,0,12.68,26,37,"LV","Home",21,"10/31/23",8
"Jared Goff","Det","QB","W 41-38",16.2,333,2,0,3,-2,0,0,0,0,0,0,0,0,21.12,23,33,"LAC","Away",7,"11/14/23",10
"Jared Goff","Det","QB","W 31-26",16.6,236,2,3,2,3,0,0,0,0,0,0,0,0,13.74,23,35,"Chi","Home",18,"11/21/23",11
"Jared Goff","Det","QB","L 22-29",15.5,332,2,0,3,9,0,0,0,0,0,0,3,0,18.18,29,44,"GB","Home",10,"11/28/23",12
"Jared Goff","Det","QB","W 33-28",15.4,213,2,0,2,-2,0,0,0,0,0,0,0,0,16.32,16,25,"NO","Away",12,"12/5/23",13
"Jared Goff","Det","QB","L 13-28",15,161,1,2,1,0,0,0,0,0,0,0,1,0,4.44,20,35,"Chi","Away",29,"12/12/23",14
"Jared Goff","Det","QB","W 42-17",15,278,5,0,0,0,0,0,0,0,0,0,0,0,31.12,24,34,"Den","Home",1,"12/19/23",15
"Jared Goff","Det","QB","W 30-24",15.2,257,1,0,3,0,0,0,0,0,0,0,0,0,14.28,30,40,"Min","Away",22,"12/26/23",16
"Jared Goff","Det","QB","L 19-20",16.4,271,1,2,0,0,0,0,0,0,0,0,0,0,10.84,19,34,"Dal","Away",27,"1/2/24",17
"Jared Goff","Det","QB","W 30-20",15.4,320,2,0,0,0,0,0,0,0,0,0,0,0,20.8,23,32,"Min","Home",5,"1/9/24",18
"Jaren Hall","Min","QB","W 24-10",0,23,0,0,2,-1,0,0,0,0,0,0,1,0,-1.18,3,4,"GB","Away",40,"10/31/23",8
"Jaren Hall","Min","QB","W 31-28",12.5,78,0,0,2,11,0,0,0,0,0,0,0,0,4.22,5,6,"Atl","Away",27,"11/7/23",9
"Jaren Hall","Min","QB","L 10-33",15.2,67,0,1,2,4,0,0,0,0,0,0,1,0,-0.92,5,10,"GB","Home",40,"1/2/24",17
"Jarrett Stidham","Den","QB","L 20-70",0,0,0,0,0,0,0,0,0,0,0,0,0,0,0,0,0,"Mia","Away",38,"9/26/23",3
"Jarrett Stidham","Den","QB","W 24-22",0,0,0,0,0,0,0,0,0,0,0,0,0,0,0,0,0,"Buf","Away",34.5,"11/14/23",10
"Jarrett Stidham","Den","QB","L 17-42",0,0,0,0,0,0,0,0,0,0,0,0,0,0,0,0,0,"Det","Away",38.5,"12/19/23",15
"Jarrett Stidham","Den","QB","W 16-9",14.8,224,1,0,6,6,0,0,0,0,0,0,0,0,13.56,20,32,"LAC","Home",19,"1/2/24",17
"Jarrett Stidham","Den","QB","L 14-27",13.3,272,1,1,3,2,0,0,0,0,0,0,0,0,13.08,20,34,"LV","Away",20,"1/9/24",18
"Jashaun Corbin","NYG","RB","L 10-13",NA,0,0,0,0,0,0,0,0,0,0,0,0,0,0,0,0,"NYJ","Home",97,"10/31/23",8
"Jashaun Corbin","NYG","RB","L 17-49",0,0,0,0,1,1,0,3,12,0,3,0,0,0,4.3,0,0,"Dal","Away",44.5,"11/14/23",10
"Jashaun Corbin","NYG","RB","W 31-19",0,0,0,0,0,0,0,0,0,0,0,0,0,0,0,0,0,"Wsh","Away",80,"11/21/23",11
"Jashaun Corbin","NYG","RB","L 25-33",0,0,0,0,0,0,0,0,0,0,0,0,0,0,0,0,0,"Phi","Away",92,"12/26/23",16
"Jashaun Corbin","NYG","RB","L 25-26",0,0,0,0,0,0,0,0,0,0,0,0,0,0,0,0,0,"LAR","Home",92.5,"1/2/24",17
"Jashaun Corbin","NYG","RB","W 27-10",0,0,0,0,0,0,0,0,0,0,0,0,0,0,0,0,0,"Phi","Home",88.5,"1/9/24",18
"Jason Brownlee","NYJ","WR","W 20-14",0,0,0,0,0,0,0,0,0,0,0,0,0,0,0,0,0,"Phi","Home",128,"10/17/23",6
"Jason Brownlee","NYJ","WR","W 13-10",1.3,0,0,0,0,0,0,0,0,0,0,0,0,0,0,0,0,"NYG","Away",138,"10/31/23",8
"Jason Brownlee","NYJ","WR","L 6-32",0,0,0,0,0,0,0,0,0,0,0,0,0,0,0,0,0,"Buf","Away",126,"11/21/23",11
"Jason Brownlee","NYJ","WR","L 13-34",3,0,0,0,0,0,0,2,20,0,2,0,0,0,4,0,0,"Mia","Home",85,"11/28/23",12
"Jason Brownlee","NYJ","WR","L 8-13",3.9,0,0,0,0,0,0,0,0,0,0,0,0,0,0,0,0,"Atl","Home",113,"12/5/23",13
"Jason Brownlee","NYJ","WR","W 30-28",3.6,0,0,0,0,0,0,1,8,1,3,0,0,0,7.8,0,0,"Wsh","Home",54,"12/26/23",16
"Jason Brownlee","NYJ","WR","L 20-37",3.8,0,0,0,0,0,0,2,28,0,2,0,0,0,4.8,0,0,"Cle","Away",72,"1/2/24",17
"Jason Brownlee","NYJ","WR","W 17-3",3.3,0,0,0,0,0,0,0,0,0,1,0,0,0,0,0,0,"NE","Away",142.5,"1/9/24",18
"Jason Cabinda","Det","RB","W 21-20",0.6,0,0,0,0,0,0,0,0,0,0,0,0,0,0,0,0,"KC","Away",96,"9/12/23",1
"Jason Cabinda","Det","RB","L 31-37",0.6,0,0,0,0,0,0,0,0,0,0,0,0,0,0,0,0,"Sea","Home",96,"9/19/23",2
"Jason Cabinda","Det","RB","W 20-6",0.6,0,0,0,1,0,0,0,0,0,0,0,0,0,0,0,0,"Atl","Home",95.5,"9/26/23",3
"Jason Cabinda","Det","RB","W 30-20",0,0,0,0,0,0,0,0,0,0,0,0,0,0,0,0,0,"Min","Home",88.5,"1/9/24",18
"Jauan Jennings","SF","WR","W 30-7",3.6,0,0,0,0,0,0,0,0,0,1,0,0,0,0,0,0,"Pit","Away",135,"9/12/23",1
"Jauan Jennings","SF","WR","W 30-23",3.5,0,0,0,0,0,0,2,51,0,3,0,0,0,7.1,0,0,"LAR","Away",67.5,"9/19/23",2
"Jauan Jennings","SF","WR","W 30-12",7.8,0,0,0,0,0,0,2,31,0,3,0,0,0,5.1,0,0,"NYG","Home",80,"9/26/23",3
"Jauan Jennings","SF","WR","W 42-10",4.7,0,0,0,0,0,0,1,19,0,1,0,0,0,2.9,0,0,"Dal","Home",77,"10/10/23",5
"Jauan Jennings","SF","WR","L 17-19",3.4,0,0,0,0,0,0,2,26,0,4,0,0,0,4.6,0,0,"Cle","Away",72,"10/17/23",6
"Jauan Jennings","SF","WR","L 17-22",6.9,0,0,0,0,0,0,5,54,0,9,0,0,0,10.4,0,0,"Min","Away",36,"10/24/23",7
"Jauan Jennings","SF","WR","L 17-31",8.5,0,0,0,0,0,0,0,0,0,0,0,0,0,0,0,0,"Cin","Home",138,"10/31/23",8
"Jauan Jennings","SF","WR","W 34-3",3.5,0,0,0,0,0,0,1,8,0,2,0,0,0,1.8,0,0,"Jax","Away",96,"11/14/23",10
"Jauan Jennings","SF","WR","W 27-14",3.1,0,0,0,0,0,0,0,0,0,1,0,0,0,0,0,0,"TB","Home",126,"11/21/23",11
"Jauan Jennings","SF","WR","W 31-13",4.3,0,0,0,0,0,0,1,7,0,2,0,0,0,1.7,0,0,"Sea","Away",110,"11/28/23",12
"Jauan Jennings","SF","WR","W 42-19",3.9,0,0,0,0,0,0,3,44,1,4,0,0,0,13.4,0,0,"Phi","Away",23,"12/5/23",13
"Jauan Jennings","SF","WR","W 28-16",4.9,0,0,0,0,0,0,0,0,0,1,0,0,0,0,0,0,"Sea","Home",134,"12/12/23",14
"Jauan Jennings","SF","WR","W 45-29",3.9,0,0,0,0,0,0,2,25,0,2,0,0,0,4.5,0,0,"Ari","Away",75,"12/19/23",15
"Javonte Williams","Den","RB","L 16-17",11.1,0,0,0,13,52,0,4,5,0,6,0,0,0,9.7,0,0,"LV","Home",29,"9/12/23",1
"Javonte Williams","Den","RB","L 33-35",14.8,0,0,0,12,44,0,2,14,0,3,0,0,0,7.8,0,0,"Wsh","Home",30,"9/19/23",2
"Javonte Williams","Den","RB","L 20-70",14,0,0,0,11,42,0,2,23,0,3,0,0,0,8.5,0,0,"Mia","Away",27.5,"9/26/23",3
"Javonte Williams","Den","RB","W 31-28",12.6,0,0,0,2,0,0,3,9,0,3,0,0,0,3.9,0,0,"Chi","Away",51,"10/3/23",4
"Javonte Williams","Den","RB","L 8-19",10.2,0,0,0,10,52,0,0,0,0,0,0,0,0,7.2,0,0,"KC","Away",31.5,"10/17/23",6
"Javonte Williams","Den","RB","W 19-17",9.2,0,0,0,15,82,0,3,14,0,4,0,0,0,12.6,0,0,"GB","Home",20,"10/24/23",7
"Javonte Williams","Den","RB","W 24-9",11.7,0,0,0,27,85,0,3,13,1,3,0,0,0,18.8,0,0,"KC","Home",9,"10/31/23",8
"Javonte Williams","Den","RB","W 24-22",13.4,0,0,0,21,79,0,4,31,1,4,0,0,0,21,0,0,"Buf","Away",5,"11/14/23",10
"Javonte Williams","Den","RB","W 21-20",13.6,0,0,0,11,37,0,2,16,0,2,0,0,0,7.3,0,0,"Min","Home",28.5,"11/21/23",11
"Javonte Williams","Den","RB","W 29-12",13.8,0,0,0,18,65,0,3,6,0,6,0,0,0,10.1,0,0,"Cle","Home",28,"11/28/23",12
"Javonte Williams","Den","RB","L 17-22",13.1,0,0,0,13,46,0,3,24,0,3,0,0,0,10,0,0,"Hou","Away",23,"12/5/23",13
"Javonte Williams","Den","RB","W 24-7",13.1,0,0,0,17,66,1,3,25,0,4,0,0,0,18.1,0,0,"LAC","Away",11.5,"12/12/23",14
"Javonte Williams","Den","RB","L 17-42",13.1,0,0,0,12,27,0,2,-7,0,2,0,0,0,4,0,0,"Det","Away",51,"12/19/23",15
"Javonte Williams","Den","RB","L 23-26",11.5,0,0,0,11,24,1,3,-5,0,3,0,1,0,10.9,0,0,"NE","Home",25.5,"12/26/23",16
"Javonte Williams","Den","RB","W 16-9",11.7,0,0,0,15,41,0,3,17,0,3,0,0,0,8.8,0,0,"LAC","Home",36.5,"1/2/24",17
"Javonte Williams","Den","RB","L 14-27",9.4,0,0,0,9,32,1,7,43,0,9,0,0,0,20.5,0,0,"LV","Away",10,"1/9/24",18
"Jaxon Smith-Njigba","Sea","WR","L 13-30",9.1,0,0,0,0,0,0,3,13,0,5,0,0,0,4.3,0,0,"LAR","Home",77,"9/12/23",1
"Jaxon Smith-Njigba","Sea","WR","W 37-31",11.3,0,0,0,0,0,0,5,34,0,6,0,0,0,8.4,0,0,"Det","Away",59,"9/19/23",2
"Jaxon Smith-Njigba","Sea","WR","W 37-27",8.8,0,0,0,0,0,0,1,10,0,3,0,0,0,2,0,0,"Car","Home",102.5,"9/26/23",3
"Jaxon Smith-Njigba","Sea","WR","W 24-3",8.1,0,0,0,0,0,0,3,5,0,6,0,0,0,3.5,0,0,"NYG","Away",86,"10/3/23",4
"Jaxon Smith-Njigba","Sea","WR","L 13-17",9.1,0,0,0,0,0,0,4,48,0,5,0,0,0,8.8,0,0,"Cin","Away",44.5,"10/17/23",6
"Jaxon Smith-Njigba","Sea","WR","W 20-10",10.7,0,0,0,0,0,0,4,63,1,7,0,0,0,16.3,0,0,"Ari","Home",16,"10/24/23",7
"Jaxon Smith-Njigba","Sea","WR","W 24-20",7.5,0,0,0,0,0,0,3,36,1,4,0,0,0,12.6,0,0,"Cle","Home",34.5,"10/31/23",8
"Jaxon Smith-Njigba","Sea","WR","L 3-37",7.5,0,0,0,0,0,0,6,63,0,7,0,0,0,12.3,0,0,"Bal","Away",23.5,"11/7/23",9
"Jaxon Smith-Njigba","Sea","WR","W 29-26",8.7,0,0,0,0,0,0,4,53,0,5,0,0,0,9.3,0,0,"Wsh","Home",38.5,"11/14/23",10
"Jaxon Smith-Njigba","Sea","WR","L 16-17",9.8,0,0,0,0,0,0,3,40,0,6,0,0,0,7,0,0,"LAR","Away",51,"11/21/23",11
"Jaxon Smith-Njigba","Sea","WR","L 13-31",9.4,0,0,0,0,0,0,2,41,0,3,0,0,0,6.1,0,0,"SF","Home",71,"11/28/23",12
"Jaxon Smith-Njigba","Sea","WR","L 35-41",8.6,0,0,0,0,0,0,7,62,0,11,0,0,0,13.2,0,0,"Dal","Away",25,"12/5/23",13
"Jaxon Smith-Njigba","Sea","WR","L 16-28",9.5,0,0,0,0,0,0,4,25,0,7,0,0,0,6.5,0,0,"SF","Away",51,"12/12/23",14
"Jaxon Smith-Njigba","Sea","WR","W 20-17",11.3,0,0,0,0,0,0,4,48,1,4,0,0,0,14.8,0,0,"Phi","Home",24.5,"12/19/23",15
"Jaxon Smith-Njigba","Sea","WR","W 20-17",10.3,0,0,0,0,0,0,6,61,0,7,0,0,0,12.1,0,0,"Ten","Away",33.5,"12/26/23",16
"Jaxon Smith-Njigba","Sea","WR","L 23-30",10,0,0,0,0,0,0,1,12,1,2,0,0,0,8.2,0,0,"Pit","Home",48,"1/2/24",17
"Jaxon Smith-Njigba","Sea","WR","W 21-20",10.4,0,0,0,0,0,0,3,14,0,5,0,0,0,4.4,0,0,"Ari","Away",71,"1/9/24",18
"Jayden Reed","GB","WR","W 38-20",9.5,0,0,0,1,-2,0,2,48,0,5,0,0,0,6.6,0,0,"Chi","Away",58.5,"9/12/23",1
"Jayden Reed","GB","WR","L 24-25",9.9,0,0,0,0,0,0,4,37,2,8,0,0,0,19.7,0,0,"Atl","Away",20,"9/19/23",2
"Jayden Reed","GB","WR","W 18-17",10.9,0,0,0,0,0,0,3,63,0,7,0,0,0,9.3,0,0,"NO","Home",50,"9/26/23",3
"Jayden Reed","GB","WR","L 20-34",9.9,0,0,0,0,0,0,3,55,0,5,0,0,0,10.5,0,0,"Det","Home",36.5,"10/3/23",4
"Jayden Reed","GB","WR","L 13-17",9.5,0,0,0,0,0,0,1,7,0,2,0,0,0,1.7,0,0,"LV","Away",96.5,"10/10/23",5
"Jayden Reed","GB","WR","L 17-19",8.6,0,0,0,0,0,0,3,21,1,4,0,0,0,11.1,0,0,"Den","Away",32,"10/24/23",7
"Jayden Reed","GB","WR","L 10-24",7.5,0,0,0,0,0,0,4,83,0,6,0,0,0,12.3,0,0,"Min","Home",36,"10/31/23",8
"Jayden Reed","GB","WR","W 20-3",7.7,0,0,0,1,21,0,3,19,0,3,0,0,0,7,0,0,"LAR","Home",46.5,"11/7/23",9
"Jayden Reed","GB","WR","L 19-23",6.6,0,0,0,0,0,0,5,84,1,5,0,0,0,19.4,0,0,"Pit","Away",11,"11/14/23",10
"Jayden Reed","GB","WR","W 23-20",7.9,0,0,0,3,46,1,4,46,0,6,0,0,0,19.2,0,0,"LAC","Home",11,"11/21/23",11
"Jayden Reed","GB","WR","W 29-22",11.5,0,0,0,2,16,0,4,34,1,8,0,0,0,15,0,0,"Det","Away",25,"11/28/23",12
"Jayden Reed","GB","WR","W 27-19",10.2,0,0,0,0,0,0,4,16,0,5,0,0,0,5.6,0,0,"KC","Home",50,"12/5/23",13
"Jayden Reed","GB","WR","L 22-24",12.2,0,0,0,4,38,1,8,27,0,10,0,0,0,20.5,0,0,"NYG","Away",6,"12/12/23",14
"Jayden Reed","GB","WR","L 20-34",13.7,0,0,0,0,0,0,6,52,1,8,0,0,0,17.2,0,0,"TB","Home",17,"12/19/23",15
"Jayden Reed","GB","WR","W 33-10",11.8,0,0,0,0,0,0,6,89,2,8,0,0,0,26.9,0,0,"Min","Away",4,"1/2/24",17
"Jayden Reed","GB","WR","W 17-9",12.6,0,0,0,0,0,0,4,112,0,4,0,0,0,15.2,0,0,"Chi","Home",25,"1/9/24",18
"Jaylen Waddle","Mia","WR","W 36-34",15.3,0,0,0,0,0,0,4,78,0,5,0,0,0,11.8,0,0,"LAC","Away",31,"9/12/23",1
"Jaylen Waddle","Mia","WR","W 24-17",14.5,0,0,0,1,-2,0,4,86,0,6,0,0,0,12.4,0,0,"NE","Away",43.5,"9/19/23",2
"Jaylen Waddle","Mia","WR","L 20-48",14.7,0,0,0,0,0,0,4,46,0,5,0,0,0,8.6,0,0,"Buf","Away",47.5,"10/3/23",4
"Jaylen Waddle","Mia","WR","W 31-16",13.5,0,0,0,0,0,0,5,35,1,10,0,0,0,14.5,0,0,"NYG","Home",20,"10/10/23",5
"Jaylen Waddle","Mia","WR","W 42-21",14.9,0,0,0,0,0,0,7,51,1,9,0,0,0,18.1,0,0,"Car","Home",13,"10/17/23",6
"Jaylen Waddle","Mia","WR","L 17-31",16.6,0,0,0,0,0,0,6,63,0,6,0,0,0,12.3,0,0,"Phi","Away",27,"10/24/23",7
"Jaylen Waddle","Mia","WR","W 31-17",15.5,0,0,0,0,0,0,7,121,1,12,0,0,0,25.1,0,0,"NE","Home",6,"10/31/23",8
"Jaylen Waddle","Mia","WR","L 14-21",16.2,0,0,0,1,12,0,3,42,0,6,0,0,0,8.4,0,0,"KC","Away",39,"11/7/23",9
"Jaylen Waddle","Mia","WR","W 20-13",14.9,0,0,0,0,0,0,4,55,0,8,0,0,0,9.5,0,0,"LV","Home",36,"11/21/23",11
"Jaylen Waddle","Mia","WR","W 34-13",14,0,0,0,0,0,0,8,114,0,8,0,0,0,19.4,0,0,"NYJ","Away",15.5,"11/28/23",12
"Jaylen Waddle","Mia","WR","W 45-15",15.3,0,0,0,0,0,0,5,52,0,8,0,0,0,10.2,0,0,"Wsh","Away",36.5,"12/5/23",13
"Jaylen Waddle","Mia","WR","L 27-28",15.7,0,0,0,0,0,0,6,79,0,8,0,0,0,13.9,0,0,"Ten","Home",20,"12/12/23",14
"Jaylen Waddle","Mia","WR","W 30-0",15.7,0,0,0,0,0,0,8,142,1,9,0,0,0,28.2,0,0,"NYJ","Home",2,"12/19/23",15
"Jaylen Waddle","Mia","WR","W 22-20",15.5,0,0,0,1,2,0,1,50,0,4,0,0,0,6.2,0,0,"Dal","Home",68.5,"12/26/23",16
"Jaylen Warren","Pit","RB","L 7-30",6.7,0,0,0,3,6,0,5,12,0,6,0,0,0,6.8,0,0,"SF","Home",40,"9/12/23",1
"Jaylen Warren","Pit","RB","W 26-22",7.3,0,0,0,6,20,0,4,66,0,6,0,0,0,12.6,0,0,"Cle","Home",19.5,"9/19/23",2
"Jaylen Warren","Pit","RB","W 23-18",12.3,0,0,0,8,29,0,3,23,0,4,0,0,0,8.2,0,0,"LV","Away",29,"9/26/23",3
"Jaylen Warren","Pit","RB","L 6-30",10.6,0,0,0,8,29,0,6,26,0,6,0,0,0,11.5,0,0,"Hou","Away",18,"10/3/23",4
"Jaylen Warren","Pit","RB","W 17-10",11.7,0,0,0,9,40,0,3,39,0,3,0,0,0,10.9,0,0,"Bal","Home",25,"10/10/23",5
"Jaylen Warren","Pit","RB","W 24-17",10.3,0,0,0,6,32,1,1,-1,0,2,0,0,0,10.1,0,0,"LAR","Away",24,"10/24/23",7
"Jaylen Warren","Pit","RB","L 10-20",9.6,0,0,0,5,19,0,4,19,0,5,0,0,0,7.8,0,0,"Jax","Home",35,"10/31/23",8
"Jaylen Warren","Pit","RB","W 20-16",10.3,0,0,0,11,88,0,3,25,0,3,0,0,0,14.3,0,0,"Ten","Home",14.5,"11/7/23",9
"Jaylen Warren","Pit","RB","W 23-19",10.3,0,0,0,15,101,1,2,9,0,4,0,0,0,19,0,0,"GB","Home",8,"11/14/23",10
"Jaylen Warren","Pit","RB","L 10-13",11.4,0,0,0,9,129,1,3,16,0,3,0,0,0,23.5,0,0,"Cle","Away",2,"11/21/23",11
"Jaylen Warren","Pit","RB","W 16-10",12.8,0,0,0,13,49,0,3,13,0,3,0,1,0,7.2,0,0,"Cin","Away",40,"11/28/23",12
"Jaylen Warren","Pit","RB","L 10-24",13.9,0,0,0,9,59,0,1,-4,0,3,0,0,0,6.5,0,0,"Ari","Home",28,"12/5/23",13
"Jaylen Warren","Pit","RB","L 18-21",11.8,0,0,0,7,11,0,4,29,0,5,0,0,0,8,0,0,"NE","Home",35,"12/12/23",14
"Jaylen Warren","Pit","RB","L 13-30",12,0,0,0,10,40,0,5,28,0,6,0,0,0,11.8,0,0,"Ind","Away",20,"12/19/23",15
"Jaylen Warren","Pit","RB","W 34-11",12.9,0,0,0,8,24,0,5,30,0,6,0,0,0,10.4,0,0,"Cin","Home",29,"12/26/23",16
"Jaylen Warren","Pit","RB","W 30-23",13.4,0,0,0,13,75,1,4,23,0,4,0,0,0,19.8,0,0,"Sea","Away",11,"1/2/24",17
"Jaylen Warren","Pit","RB","W 17-10",13.6,0,0,0,9,33,0,5,17,0,5,0,1,0,8,0,0,"Bal","Away",33.5,"1/9/24",18
"Jeff Driskel","Cle","QB","L 14-31",14.3,166,2,2,7,33,0,0,0,0,0,0,0,0,13.94,13,26,"Cin","Away",18,"1/9/24",18
"Jeff Wilson Jr.","Mia","RB","L 17-31",8,0,0,0,0,0,0,1,4,0,1,0,0,0,1.4,0,0,"Phi","Away",54,"10/24/23",7
"Jeff Wilson Jr.","Mia","RB","W 31-17",7.7,0,0,0,5,23,0,2,14,0,2,0,0,0,5.7,0,0,"NE","Home",46.5,"10/31/23",8
"Jeff Wilson Jr.","Mia","RB","L 14-21",7.2,0,0,0,2,6,0,3,32,0,4,0,0,0,6.8,0,0,"KC","Away",32.5,"11/7/23",9
"Jeff Wilson Jr.","Mia","RB","W 34-13",9.8,0,0,0,11,56,0,3,17,0,3,0,0,0,10.3,0,0,"NYJ","Away",27,"11/28/23",12
"Jeff Wilson Jr.","Mia","RB","W 45-15",3.4,0,0,0,4,11,0,0,0,0,0,0,0,0,1.1,0,0,"Wsh","Away",57,"12/5/23",13
"Jeff Wilson Jr.","Mia","RB","L 27-28",1,0,0,0,0,0,0,0,0,0,0,0,0,0,0,0,0,"Ten","Home",89.5,"12/12/23",14
"Jeff Wilson Jr.","Mia","RB","W 30-0",0,0,0,0,2,5,0,1,1,0,2,0,0,0,1.6,0,0,"NYJ","Home",71,"12/19/23",15
"Jeff Wilson Jr.","Mia","RB","W 22-20",0.7,0,0,0,5,21,0,1,4,0,1,0,0,0,3.5,0,0,"Dal","Home",54,"12/26/23",16
"Jeff Wilson Jr.","Mia","RB","L 19-56",11,0,0,0,3,21,0,3,13,0,4,0,0,0,6.4,0,0,"Bal","Away",45,"1/2/24",17
"Jeff Wilson Jr.","Mia","RB","L 14-21",8.6,0,0,0,9,45,0,0,0,0,0,0,0,0,4.5,0,0,"Buf","Home",46,"1/9/24",18
"Jeremy McNichols","SF","RB","W 28-16",0,0,0,0,0,0,0,0,0,0,0,0,0,0,0,0,0,"Sea","Home",89.5,"12/12/23",14
"Jeremy McNichols","SF","RB","L 19-33",0,0,0,0,0,0,0,0,0,0,0,0,0,0,0,0,0,"Bal","Home",92,"12/26/23",16
"Jeremy McNichols","SF","RB","L 20-21",4.3,0,0,0,0,0,0,0,0,0,0,0,0,0,0,0,0,"LAR","Home",88.5,"1/9/24",18
"Jeremy Ruckert","NYJ","TE","W 22-16",0.6,0,0,0,0,0,0,0,0,0,0,0,0,0,0,0,0,"Buf","Home",75,"9/12/23",1
"Jeremy Ruckert","NYJ","TE","L 10-30",0.5,0,0,0,0,0,0,0,0,0,0,0,0,0,0,0,0,"Dal","Away",76,"9/19/23",2
"Jeremy Ruckert","NYJ","TE","L 10-15",0,0,0,0,0,0,0,0,0,0,0,0,0,0,0,0,0,"NE","Home",79,"9/26/23",3
"Jeremy Ruckert","NYJ","TE","L 20-23",0,0,0,0,0,0,0,2,26,0,2,0,0,0,4.6,0,0,"KC","Home",27,"10/3/23",4
"Jeremy Ruckert","NYJ","TE","W 31-21",1.1,0,0,0,0,0,0,1,2,0,1,0,0,0,1.2,0,0,"Den","Away",53,"10/10/23",5
"Jeremy Ruckert","NYJ","TE","W 20-14",1.5,0,0,0,0,0,0,1,8,0,1,0,0,0,1.8,0,0,"Phi","Home",41.5,"10/17/23",6
"Jeremy Ruckert","NYJ","TE","W 13-10",1.4,0,0,0,0,0,0,0,0,0,1,0,0,0,0,0,0,"NYG","Away",73,"10/31/23",8
"Jeremy Ruckert","NYJ","TE","L 6-27",1.5,0,0,0,0,0,0,1,7,0,1,0,0,0,1.7,0,0,"LAC","Home",43,"11/7/23",9
"Jeremy Ruckert","NYJ","TE","L 12-16",1.4,0,0,0,0,0,0,0,0,0,0,0,0,0,0,0,0,"LV","Away",69.5,"11/14/23",10
"Jeremy Ruckert","NYJ","TE","L 6-32",1.5,0,0,0,0,0,0,3,25,0,4,0,0,0,5.5,0,0,"Buf","Away",22,"11/21/23",11
"Jeremy Ruckert","NYJ","TE","L 13-34",3.6,0,0,0,0,0,0,2,18,0,4,0,0,0,3.8,0,0,"Mia","Home",33,"11/28/23",12
"Jeremy Ruckert","NYJ","TE","L 8-13",5.1,0,0,0,0,0,0,1,12,0,3,0,0,0,2.2,0,0,"Atl","Home",36,"12/5/23",13
"Jeremy Ruckert","NYJ","TE","W 30-6",4.4,0,0,0,0,0,0,3,37,0,3,0,0,0,6.7,0,0,"Hou","Home",26.5,"12/12/23",14
"Jeremy Ruckert","NYJ","TE","L 0-30",4.6,0,0,0,0,0,0,2,16,0,2,0,0,0,3.6,0,0,"Mia","Away",40.5,"12/19/23",15
"Jeremy Ruckert","NYJ","TE","W 30-28",4.2,0,0,0,0,0,0,0,0,0,0,0,0,0,0,0,0,"Wsh","Home",78,"12/26/23",16
"Jerick McKinnon","KC","RB","L 20-21",11.2,0,0,0,0,0,0,1,10,0,2,0,0,0,2,0,0,"Det","Home",64.5,"9/12/23",1
"Jerick McKinnon","KC","RB","W 17-9",8.3,0,0,0,1,-2,0,3,24,0,3,0,0,0,5.2,0,0,"Jax","Away",46,"9/19/23",2
"Jerick McKinnon","KC","RB","W 41-10",5.9,0,0,0,2,9,0,3,19,2,3,0,0,0,17.8,0,0,"Chi","Home",8.5,"9/26/23",3
"Jerick McKinnon","KC","RB","W 23-20",5.4,0,0,0,3,7,0,0,0,0,1,0,0,0,0.7,0,0,"NYJ","Away",76,"10/3/23",4
"Jerick McKinnon","KC","RB","W 27-20",5,0,0,0,1,7,0,2,18,0,3,0,0,0,4.5,0,0,"Min","Away",40.5,"10/10/23",5
"Jerick McKinnon","KC","RB","W 19-8",6,0,0,0,0,0,0,3,20,0,5,0,0,0,5,0,0,"Den","Home",42,"10/17/23",6
"Jerick McKinnon","KC","RB","W 31-17",6.3,0,0,0,2,2,0,2,24,0,2,0,0,0,4.6,0,0,"LAC","Home",46,"10/24/23",7
"Jerick McKinnon","KC","RB","L 9-24",5.9,0,0,0,2,-2,0,1,11,0,2,0,0,0,1.9,0,0,"Den","Away",67.5,"10/31/23",8
"Jerick McKinnon","KC","RB","W 21-14",8.3,0,0,0,1,2,0,2,22,1,2,0,0,0,10.4,0,0,"Mia","Home",22,"11/7/23",9
"Jerick McKinnon","KC","RB","L 17-21",5.8,0,0,0,1,7,0,2,8,0,3,0,0,0,3.5,0,0,"Phi","Home",45.5,"11/21/23",11
"Jerick McKinnon","KC","RB","L 17-20",10.1,0,0,0,4,19,1,3,18,0,3,0,0,0,12.7,0,0,"Buf","Home",21,"12/12/23",14
"Jerick McKinnon","KC","RB","W 27-17",9.3,4,1,0,4,11,0,3,19,1,3,0,0,0,16.16,1,1,"NE","Away",13,"12/19/23",15
"Jerome Ford","Cle","RB","W 24-3",5.5,0,0,0,15,36,0,0,0,0,0,0,1,0,1.6,0,0,"Cin","Home",68.5,"9/12/23",1
"Jerome Ford","Cle","RB","L 22-26",6.1,0,0,0,16,106,0,3,25,1,4,0,0,0,24.1,0,0,"Pit","Away",6,"9/19/23",2
"Jerome Ford","Cle","RB","W 27-3",13.2,0,0,0,10,18,1,2,33,1,3,0,0,0,19.1,0,0,"Ten","Home",7,"9/26/23",3
"Jerome Ford","Cle","RB","L 3-28",11.9,0,0,0,9,26,0,5,19,0,6,0,0,0,9.5,0,0,"Bal","Home",24,"10/3/23",4
"Jerome Ford","Cle","RB","W 19-17",12.6,0,0,0,17,84,0,2,7,0,2,0,0,0,11.1,0,0,"SF","Home",24,"10/17/23",6
"Jerome Ford","Cle","RB","W 39-38",12.1,0,0,0,11,74,1,2,20,0,4,0,0,0,17.4,0,0,"Ind","Away",10,"10/24/23",7
"Jerome Ford","Cle","RB","L 20-24",9.8,0,0,0,9,37,0,1,2,0,2,0,0,0,4.9,0,0,"Sea","Away",50,"10/31/23",8
"Jerome Ford","Cle","RB","W 27-0",11,0,0,0,20,44,0,5,33,0,7,0,0,0,12.7,0,0,"Ari","Home",16,"11/7/23",9
"Jerome Ford","Cle","RB","W 33-31",11.4,0,0,0,17,107,0,1,2,0,1,0,0,0,11.9,0,0,"Bal","Away",24,"11/14/23",10
"Jerome Ford","Cle","RB","W 13-10",12.5,0,0,0,12,31,1,2,8,0,5,0,0,0,11.9,0,0,"Pit","Home",20,"11/21/23",11
"Jerome Ford","Cle","RB","L 12-29",13.2,0,0,0,9,65,0,4,14,0,7,0,0,0,11.9,0,0,"Den","Away",22.5,"11/28/23",12
"Jerome Ford","Cle","RB","L 19-36",12.5,0,0,0,9,19,0,3,33,1,3,0,0,0,14.2,0,0,"LAR","Away",14,"12/5/23",13
"Jerome Ford","Cle","RB","W 31-27",11.4,0,0,0,12,51,0,5,31,0,6,0,0,0,13.2,0,0,"Jax","Home",20,"12/12/23",14
"Jerome Ford","Cle","RB","W 20-17",11.5,0,0,0,8,20,0,4,11,0,5,0,0,0,7.1,0,0,"Chi","Home",37.5,"12/19/23",15
"Jerome Ford","Cle","RB","W 36-22",10.5,0,0,0,15,25,1,1,-2,0,2,0,0,0,9.3,0,0,"Hou","Away",33.5,"12/26/23",16
"Jerome Ford","Cle","RB","W 37-20",11.6,0,0,0,12,64,0,2,57,2,3,0,0,0,26.1,0,0,"NYJ","Home",5,"1/2/24",17
"Jerome Ford","Cle","RB","L 14-31",6,0,0,0,3,6,0,2,26,0,3,0,0,0,5.2,0,0,"Cin","Away",44.5,"1/9/24",18
"Jerry Jeudy","Den","WR","L 33-35",11.7,0,0,0,0,0,0,3,25,0,5,0,0,0,5.5,0,0,"Wsh","Home",78.5,"9/19/23",2
"Jerry Jeudy","Den","WR","L 20-70",13.1,0,0,0,0,0,0,5,81,0,7,0,0,0,13.1,0,0,"Mia","Away",33.5,"9/26/23",3
"Jerry Jeudy","Den","WR","W 31-28",13.4,0,0,0,0,0,0,3,52,0,5,0,0,0,8.2,0,0,"Chi","Away",49,"10/3/23",4
"Jerry Jeudy","Den","WR","L 21-31",11.9,0,0,0,0,0,0,6,50,0,7,0,0,0,11,0,0,"NYJ","Home",29,"10/10/23",5
"Jerry Jeudy","Den","WR","L 8-19",12.8,0,0,0,0,0,0,3,14,0,5,0,0,0,4.4,0,0,"KC","Away",73,"10/17/23",6
"Jerry Jeudy","Den","WR","W 19-17",10.6,0,0,0,0,0,0,5,64,0,5,0,0,0,11.4,0,0,"GB","Home",30,"10/24/23",7
"Jerry Jeudy","Den","WR","W 24-9",11.3,0,0,0,0,0,0,2,50,1,6,0,0,0,13,0,0,"KC","Home",32,"10/31/23",8
"Jerry Jeudy","Den","WR","W 24-22",11.8,0,0,0,0,0,0,3,35,0,3,0,0,0,6.5,0,0,"Buf","Away",52,"11/14/23",10
"Jerry Jeudy","Den","WR","W 21-20",10.2,0,0,0,0,0,0,5,58,0,7,0,0,0,10.8,0,0,"Min","Home",30,"11/21/23",11
"Jerry Jeudy","Den","WR","W 29-12",10,0,0,0,0,0,0,2,11,0,3,0,0,0,3.1,0,0,"Cle","Home",94.5,"11/28/23",12
"Jerry Jeudy","Den","WR","L 17-22",10.6,0,0,0,0,0,0,3,51,0,4,0,0,0,8.1,0,0,"Hou","Away",41,"12/5/23",13
"Jerry Jeudy","Den","WR","W 24-7",9.4,0,0,0,0,0,0,2,16,0,6,0,0,0,3.6,0,0,"LAC","Away",78,"12/12/23",14
"Jerry Jeudy","Den","WR","L 17-42",9.9,0,0,0,0,0,0,3,74,0,7,0,0,0,10.4,0,0,"Det","Away",34.5,"12/19/23",15
"Jerry Jeudy","Den","WR","L 23-26",9.3,0,0,0,0,0,0,3,44,0,5,0,0,0,7.4,0,0,"NE","Home",59,"12/26/23",16
"Jerry Jeudy","Den","WR","W 16-9",10.3,0,0,0,0,0,0,3,54,0,6,0,0,0,8.4,0,0,"LAC","Home",47,"1/2/24",17
"Jerry Jeudy","Den","WR","L 14-27",9,0,0,0,0,0,0,3,79,1,6,0,0,0,16.9,0,0,"LV","Away",17,"1/9/24",18
"Jesper Horsted","LV","TE","W 17-16",0.6,0,0,0,0,0,0,0,0,0,0,0,0,0,0,0,0,"Den","Away",75,"9/12/23",1
"Jesper Horsted","LV","TE","L 10-38",0,0,0,0,0,0,0,0,0,0,0,0,0,0,0,0,0,"Buf","Away",76,"9/19/23",2
"Jesper Horsted","LV","TE","L 18-23",0,0,0,0,0,0,0,0,0,0,0,0,0,0,0,0,0,"Pit","Home",79,"9/26/23",3
"Jesper Horsted","LV","TE","L 17-24",0,0,0,0,0,0,0,0,0,0,0,0,0,0,0,0,0,"LAC","Away",79.5,"10/3/23",4
"Jesper Horsted","LV","TE","W 21-17",0,0,0,0,0,0,0,0,0,0,0,0,0,0,0,0,0,"NE","Home",72,"10/17/23",6
"Jesper Horsted","LV","TE","L 12-30",0,0,0,0,0,0,0,1,4,0,1,0,0,0,1.4,0,0,"Chi","Away",40,"10/24/23",7
"Jesper Horsted","LV","TE","L 14-26",0,0,0,0,0,0,0,0,0,0,0,0,0,0,0,0,0,"Det","Away",73,"10/31/23",8
"Jesper Horsted","LV","TE","W 30-6",0,0,0,0,0,0,0,0,0,0,0,0,0,0,0,0,0,"NYG","Home",68,"11/7/23",9
"Jesper Horsted","LV","TE","W 16-12",0,0,0,0,0,0,0,0,0,0,0,0,0,0,0,0,0,"NYJ","Home",69.5,"11/14/23",10
"Jesper Horsted","LV","TE","L 13-20",0,0,0,0,0,0,0,0,0,0,0,0,0,0,0,0,0,"Mia","Away",67,"11/21/23",11
"Jesper Horsted","LV","TE","L 17-31",0,0,0,0,0,0,0,0,0,0,0,0,0,0,0,0,0,"KC","Home",78,"11/28/23",12
"Jesper Horsted","LV","TE","W 63-21",0,0,0,0,0,0,0,0,0,0,0,0,0,0,0,0,0,"LAC","Home",81.5,"12/19/23",15
"Jimmy Garoppolo","LV","QB","W 17-16",15.4,200,2,1,9,11,0,0,0,0,0,0,0,0,15.1,20,26,"Den","Away",14,"9/12/23",1
"Jimmy Garoppolo","LV","QB","L 10-38",14.9,185,1,2,1,1,0,0,0,0,0,0,0,0,7.5,16,24,"Buf","Away",32,"9/19/23",2
"Jimmy Garoppolo","LV","QB","L 18-23",14.7,324,2,3,2,7,0,0,0,0,0,0,0,0,17.66,28,44,"Pit","Home",15,"9/26/23",3
"Jimmy Garoppolo","LV","QB","W 17-13",15,208,1,1,4,4,0,0,0,0,0,0,0,0,10.72,22,31,"GB","Home",19,"10/10/23",5
"Jimmy Garoppolo","LV","QB","W 21-17",12.8,162,1,1,2,4,0,0,0,0,0,0,0,0,8.88,14,22,"NE","Home",22,"10/17/23",6
"Jimmy Garoppolo","LV","QB","L 14-26",13.5,126,0,1,2,12,0,0,0,0,0,0,0,0,4.24,10,21,"Det","Away",32,"10/31/23",8
"Jimmy Garoppolo","LV","QB","W 27-14",0,0,0,0,0,0,0,0,0,0,0,0,0,0,0,0,1,"Den","Home",39.5,"1/9/24",18
"Jimmy Graham","NO","TE","W 16-15",1.5,0,0,0,0,0,0,0,0,0,0,0,0,0,0,0,0,"Ten","Home",75,"9/12/23",1
"Jimmy Graham","NO","TE","W 20-17",1.1,0,0,0,0,0,0,0,0,0,0,0,0,0,0,0,0,"Car","Away",76,"9/19/23",2
"Jimmy Graham","NO","TE","L 17-18",2.2,0,0,0,0,0,0,1,8,1,1,0,0,0,7.8,0,0,"GB","Away",19,"9/26/23",3
"Jimmy Graham","NO","TE","L 9-26",1.3,0,0,0,0,0,0,0,0,0,0,0,0,0,0,0,0,"TB","Home",79.5,"10/3/23",4
"Jimmy Graham","NO","TE","W 34-0",3.1,0,0,0,0,0,0,0,0,0,1,0,0,0,0,0,0,"NE","Away",71,"10/10/23",5
"Jimmy Graham","NO","TE","L 13-20",3.8,0,0,0,0,0,0,0,0,0,0,0,0,0,0,0,0,"Hou","Away",72,"10/17/23",6
"Jimmy Graham","NO","TE","L 24-31",1.3,0,0,0,0,0,0,0,0,0,0,0,0,0,0,0,0,"Jax","Home",62,"10/24/23",7
"Jimmy Graham","NO","TE","L 28-33",0,0,0,0,0,0,0,1,6,1,1,0,0,0,7.6,0,0,"Det","Home",15,"12/5/23",13
"Jimmy Graham","NO","TE","W 28-6",3,0,0,0,0,0,0,2,16,1,2,0,0,0,9.6,0,0,"Car","Home",18.5,"12/12/23",14
"Jimmy Graham","NO","TE","W 24-6",1.2,0,0,0,0,0,0,2,9,1,2,0,0,0,8.9,0,0,"NYG","Home",17,"12/19/23",15
"Jimmy Graham","NO","TE","L 22-30",1.9,0,0,0,0,0,0,0,0,0,0,0,0,0,0,0,0,"LAR","Away",78,"12/26/23",16
"Jimmy Graham","NO","TE","W 23-13",1.3,0,0,0,0,0,0,0,0,0,0,0,0,0,0,0,0,"TB","Away",76,"1/2/24",17
"Jimmy Graham","NO","TE","W 48-17",1.3,0,0,0,0,0,0,0,0,0,0,0,0,0,0,0,0,"Atl","Home",76.5,"1/9/24",18
"Joe Burrow","Cin","QB","L 3-24",19.8,82,0,0,1,-1,0,0,0,0,0,0,0,0,3.18,14,31,"Cle","Away",30,"9/12/23",1
"Joe Burrow","Cin","QB","L 24-27",20.7,222,2,1,1,5,0,0,0,0,0,0,0,0,15.38,27,41,"Bal","Home",20,"9/19/23",2
"Joe Burrow","Cin","QB","W 19-16",19.4,259,0,1,3,-2,0,0,0,0,0,0,0,0,8.16,26,49,"LAR","Home",26,"9/26/23",3
"Joe Burrow","Cin","QB","L 3-27",18.9,165,0,0,3,1,0,0,0,0,0,0,1,0,4.7,20,30,"Ten","Away",28,"10/3/23",4
"Joe Burrow","Cin","QB","W 34-20",18.3,317,3,1,4,7,0,0,0,0,0,0,0,0,23.38,36,46,"Ari","Away",8,"10/10/23",5
"Joe Burrow","Cin","QB","W 17-13",17.8,185,2,1,2,4,0,0,0,0,0,0,0,0,13.8,24,35,"Sea","Home",14,"10/17/23",6
"Joe Burrow","Cin","QB","W 31-17",16.4,283,3,0,6,43,0,0,0,0,0,0,0,0,27.62,28,32,"SF","Away",4,"10/31/23",8
"Joe Burrow","Cin","QB","W 24-18",18.2,348,2,0,5,4,0,0,0,0,0,0,0,0,22.32,31,44,"Buf","Home",6,"11/7/23",9
"Joe Burrow","Cin","QB","L 27-30",19.2,347,2,2,5,20,0,0,0,0,0,0,0,0,19.88,27,40,"Hou","Home",8,"11/14/23",10
"Joe Burrow","Cin","QB","L 20-34",17.5,101,1,0,1,7,0,0,0,0,0,0,0,0,8.74,11,17,"Bal","Away",25,"11/21/23",11
"Joe Flacco","Cle","QB","L 19-36",12.2,254,2,1,0,0,0,0,0,0,0,0,0,0,16.16,23,44,"LAR","Away",13,"12/5/23",13
"Joe Flacco","Cle","QB","W 31-27",13,311,3,1,4,-1,0,0,0,0,0,0,1,0,20.34,26,45,"Jax","Home",10,"12/12/23",14
"Joe Flacco","Cle","QB","W 20-17",12.5,374,2,3,1,-1,0,0,0,0,0,0,0,0,16.86,28,44,"Chi","Home",15,"12/19/23",15
"Joe Flacco","Cle","QB","W 36-22",12.9,368,3,2,2,1,0,0,0,0,0,0,0,0,24.82,27,42,"Hou","Away",3,"12/26/23",16
"Joe Flacco","Cle","QB","W 37-20",14,309,3,1,2,3,0,0,0,0,0,0,0,0,22.66,19,29,"NYJ","Home",5,"1/2/24",17
"Joe Mixon","Cin","RB","L 3-24",14.8,0,0,0,13,56,0,3,17,0,5,0,0,0,10.3,0,0,"Cle","Away",27.5,"9/12/23",1
"Joe Mixon","Cin","RB","L 24-27",16,0,0,0,13,59,0,4,36,0,5,0,0,0,13.5,0,0,"Bal","Home",18,"9/19/23",2
"Joe Mixon","Cin","RB","W 19-16",16.9,0,0,0,19,65,1,1,5,0,2,0,0,0,14,0,0,"LAR","Home",16,"9/26/23",3
"Joe Mixon","Cin","RB","L 3-27",14.7,0,0,0,14,67,0,1,9,0,1,0,0,0,8.6,0,0,"Ten","Away",30,"10/3/23",4
"Joe Mixon","Cin","RB","W 34-20",14.8,0,0,0,25,81,0,4,13,0,4,0,0,0,13.4,0,0,"Ari","Away",14.5,"10/10/23",5
"Joe Mixon","Cin","RB","W 17-13",14.2,0,0,0,12,38,0,3,24,0,4,0,0,0,9.2,0,0,"Sea","Home",26,"10/17/23",6
"Joe Mixon","Cin","RB","W 31-17",13.6,0,0,0,16,87,1,3,23,0,3,0,0,0,20,0,0,"SF","Away",8,"10/31/23",8
"Joe Mixon","Cin","RB","W 24-18",15.2,0,0,0,14,37,1,5,31,0,6,0,0,0,17.8,0,0,"Buf","Home",9,"11/7/23",9
"Joe Mixon","Cin","RB","L 27-30",15.5,0,0,0,11,46,1,2,-1,0,3,0,0,0,12.5,0,0,"Hou","Home",22,"11/14/23",10
"Joe Mixon","Cin","RB","L 20-34",13.4,0,0,0,16,69,0,5,31,1,5,0,0,0,21,0,0,"Bal","Away",5.5,"11/21/23",11
"Joe Mixon","Cin","RB","L 10-16",16.3,0,0,0,8,16,0,2,44,0,2,0,0,0,8,0,0,"Pit","Home",36,"11/28/23",12
"Joe Mixon","Cin","RB","W 34-31",14.4,0,0,0,19,68,2,6,49,0,7,0,0,0,29.7,0,0,"Jax","Away",1,"12/5/23",13
"Joe Mixon","Cin","RB","W 34-14",15.2,0,0,0,21,79,1,3,46,0,4,0,0,0,21.5,0,0,"Ind","Home",6.5,"12/12/23",14
"Joe Mixon","Cin","RB","W 27-24",15.9,0,0,0,10,47,1,3,14,0,3,0,0,0,15.1,0,0,"Min","Home",15,"12/19/23",15
"Joe Mixon","Cin","RB","L 11-34",15.7,0,0,0,11,43,0,2,7,0,4,0,0,0,9,0,0,"Pit","Away",35,"12/26/23",16
"Joe Mixon","Cin","RB","L 17-25",15.6,0,0,0,21,65,0,4,22,1,4,0,0,0,18.7,0,0,"KC","Away",12,"1/2/24",17
"Joe Mixon","Cin","RB","W 31-14",16.5,0,0,0,14,111,1,1,6,1,2,0,0,0,24.7,0,0,"Cle","Home",5,"1/9/24",18
"John Bates","Wsh","TE","W 20-16",1.5,0,0,0,0,0,0,0,0,0,0,0,0,0,0,0,0,"Ari","Home",75,"9/12/23",1
"John Bates","Wsh","TE","W 35-33",0.9,0,0,0,0,0,0,3,46,0,5,0,0,0,7.6,0,0,"Den","Away",23,"9/19/23",2
"John Bates","Wsh","TE","L 3-37",6.1,0,0,0,0,0,0,2,12,0,2,0,0,0,3.2,0,0,"Buf","Home",30.5,"9/26/23",3
"John Bates","Wsh","TE","L 31-34",2.8,0,0,0,0,0,0,1,6,0,1,0,0,0,1.6,0,0,"Phi","Away",50,"10/3/23",4
"John Bates","Wsh","TE","L 20-40",2.7,0,0,0,0,0,0,2,19,0,2,0,0,0,3.9,0,0,"Chi","Home",30.5,"10/10/23",5
"John Bates","Wsh","TE","W 24-16",2.2,0,0,0,0,0,0,0,0,0,0,0,0,0,0,0,0,"Atl","Away",72,"10/17/23",6
"John Bates","Wsh","TE","L 7-14",2.2,0,0,0,0,0,0,0,0,0,1,0,0,0,0,0,0,"NYG","Away",62,"10/24/23",7
"John Bates","Wsh","TE","L 31-38",3.5,0,0,0,0,0,0,1,17,0,1,0,0,0,2.7,0,0,"Phi","Home",34,"10/31/23",8
"John Bates","Wsh","TE","W 20-17",3,0,0,0,0,0,0,1,-5,0,2,0,0,0,0.5,0,0,"NE","Away",47,"11/7/23",9
"John Bates","Wsh","TE","L 26-29",3.7,0,0,0,0,0,0,3,21,0,3,0,0,0,5.1,0,0,"Sea","Away",23.5,"11/14/23",10
"John Bates","Wsh","TE","L 19-31",3.7,0,0,0,0,0,0,2,15,0,2,0,0,0,3.5,0,0,"NYG","Home",30.5,"11/21/23",11
"John Bates","Wsh","TE","L 10-45",3.2,0,0,0,0,0,0,0,0,0,0,0,0,0,0,0,0,"Dal","Away",78,"11/28/23",12
"John Bates","Wsh","TE","L 15-45",2.5,0,0,0,0,0,0,0,0,0,1,0,0,0,0,0,0,"Mia","Home",66,"12/5/23",13
"John Bates","Wsh","TE","L 20-28",2.9,0,0,0,0,0,0,0,0,0,1,0,0,0,0,0,0,"LAR","Away",81.5,"12/19/23",15
"John Bates","Wsh","TE","L 28-30",2.5,0,0,0,0,0,0,3,14,0,5,0,0,0,4.4,0,0,"NYJ","Away",37,"12/26/23",16
"John Bates","Wsh","TE","L 10-27",3.3,0,0,0,0,0,0,1,6,0,1,0,0,0,1.6,0,0,"SF","Home",53,"1/2/24",17
"John Bates","Wsh","TE","L 10-38",4.3,0,0,0,0,0,0,0,0,0,1,0,0,0,0,0,0,"Dal","Home",76.5,"1/9/24",18
"John FitzPatrick","Atl","TE","W 25-24",0,0,0,0,0,0,0,0,0,0,0,0,0,0,0,0,0,"GB","Home",76,"9/19/23",2
"John FitzPatrick","Atl","TE","L 6-20",0,0,0,0,0,0,0,0,0,0,0,0,0,0,0,0,0,"Det","Away",79,"9/26/23",3
"John FitzPatrick","Atl","TE","L 7-23",0,0,0,0,0,0,0,0,0,0,0,0,0,0,0,0,0,"Jax","Away",79.5,"10/3/23",4
"John FitzPatrick","Atl","TE","W 21-19",0,0,0,0,0,0,0,0,0,0,0,0,0,0,0,0,0,"Hou","Home",71,"10/10/23",5
"John FitzPatrick","Atl","TE","L 23-28",0,0,0,0,0,0,0,0,0,0,0,0,0,0,0,0,0,"Ten","Away",73,"10/31/23",8
"John FitzPatrick","Atl","TE","L 28-31",0,0,0,0,0,0,0,0,0,0,0,0,0,0,0,0,0,"Min","Home",68,"11/7/23",9
"John FitzPatrick","Atl","TE","L 23-25",0,0,0,0,0,0,0,0,0,0,0,0,0,0,0,0,0,"Ari","Away",69.5,"11/14/23",10
"John FitzPatrick","Atl","TE","L 25-29",0,0,0,0,0,0,0,0,0,0,0,0,0,0,0,0,0,"TB","Home",73,"12/12/23",14
"John FitzPatrick","Atl","TE","L 7-9",0,0,0,0,0,0,0,0,0,0,0,0,0,0,0,0,0,"Car","Away",81.5,"12/19/23",15
"John FitzPatrick","Atl","TE","L 17-48",0,0,0,0,0,0,0,1,12,0,1,0,0,0,2.2,0,0,"NO","Away",46,"1/9/24",18
"John Metchie III","Hou","WR","L 20-31",3.2,0,0,0,0,0,0,1,17,0,1,0,0,0,2.7,0,0,"Ind","Home",97,"9/19/23",2
"John Metchie III","Hou","WR","W 37-17",1,0,0,0,0,0,0,2,13,0,2,0,0,0,3.3,0,0,"Jax","Away",90,"9/26/23",3
"John Metchie III","Hou","WR","W 30-6",3.2,0,0,0,0,0,0,1,22,0,2,0,0,0,3.2,0,0,"Pit","Home",87.5,"10/3/23",4
"John Metchie III","Hou","WR","L 19-21",3.8,0,0,0,0,0,0,2,20,0,2,0,0,0,4,0,0,"Atl","Away",67.5,"10/10/23",5
"John Metchie III","Hou","WR","W 20-13",3.7,0,0,0,0,0,0,0,0,0,0,0,0,0,0,0,0,"NO","Home",128,"10/17/23",6
"John Metchie III","Hou","WR","L 13-15",4.3,0,0,0,0,0,0,0,0,0,0,0,0,0,0,0,0,"Car","Away",138,"10/31/23",8
"John Metchie III","Hou","WR","W 39-37",2.5,0,0,0,0,0,0,1,14,0,1,0,0,0,2.4,0,0,"TB","Home",85.5,"11/7/23",9
"John Metchie III","Hou","WR","W 30-27",3.6,0,0,0,0,0,0,2,25,0,2,0,0,0,4.5,0,0,"Cin","Away",61.5,"11/14/23",10
"John Metchie III","Hou","WR","W 21-16",2.3,0,0,0,0,0,0,1,12,0,1,0,0,0,2.2,0,0,"Ari","Home",84.5,"11/21/23",11
"John Metchie III","Hou","WR","L 21-24",3.4,0,0,0,0,0,0,1,6,0,2,0,0,0,1.6,0,0,"Jax","Home",113,"11/28/23",12
"John Metchie III","Hou","WR","W 22-17",0.6,0,0,0,0,0,0,1,9,0,3,0,0,0,1.9,0,0,"Den","Home",81,"12/5/23",13
"John Metchie III","Hou","WR","L 6-30",4.2,0,0,0,0,0,0,1,6,0,5,0,0,0,1.6,0,0,"NYJ","Away",103.5,"12/12/23",14
"John Metchie III","Hou","WR","W 19-16",7.8,0,0,0,0,0,0,1,1,0,1,0,0,0,1.1,0,0,"Ten","Away",112,"12/19/23",15
"John Metchie III","Hou","WR","L 22-36",1.2,0,0,0,0,0,0,0,0,0,3,0,0,0,0,0,0,"Cle","Home",144.5,"12/26/23",16
"John Metchie III","Hou","WR","W 26-3",1.7,0,0,0,1,4,0,1,8,0,3,0,0,0,2.2,0,0,"Ten","Home",90,"1/2/24",17
"John Metchie III","Hou","WR","W 23-19",9.1,0,0,0,0,0,0,1,5,0,2,0,0,0,1.5,0,0,"Ind","Away",107,"1/9/24",18
"Johnny Johnson III","Hou","WR","W 23-19",5.5,0,0,0,0,0,0,0,0,0,0,0,0,0,0,0,0,"Ind","Away",142.5,"1/9/24",18
"Johnny Mundt","Min","TE","L 17-20",0.6,0,0,0,0,0,0,0,0,0,0,0,0,0,0,0,0,"TB","Home",75,"9/12/23",1
"Johnny Mundt","Min","TE","L 28-34",0.6,0,0,0,0,0,0,0,0,0,0,0,0,0,0,0,0,"Phi","Away",76,"9/19/23",2
"Johnny Mundt","Min","TE","L 24-28",0,0,0,0,0,0,0,0,0,0,0,0,0,0,0,0,0,"LAC","Home",79,"9/26/23",3
"Johnny Mundt","Min","TE","W 21-13",0,0,0,0,0,0,0,0,0,0,0,0,0,0,0,0,0,"Car","Away",79.5,"10/3/23",4
"Johnny Mundt","Min","TE","L 20-27",0,0,0,0,0,0,0,1,11,0,1,0,0,0,2.1,0,0,"KC","Home",48,"10/10/23",5
"Johnny Mundt","Min","TE","W 19-13",0.7,0,0,0,0,0,0,0,0,0,0,0,0,0,0,0,0,"Chi","Away",72,"10/17/23",6
"Johnny Mundt","Min","TE","W 22-17",0.7,0,0,0,0,0,0,0,0,0,0,0,0,0,0,0,0,"SF","Home",62,"10/24/23",7
"Johnny Mundt","Min","TE","W 24-10",0,0,0,0,0,0,0,1,8,0,1,0,0,0,1.8,0,0,"GB","Away",41.5,"10/31/23",8
"Johnny Mundt","Min","TE","W 31-28",1,0,0,0,0,0,0,1,18,0,1,0,0,0,2.8,0,0,"Atl","Away",37,"11/7/23",9
"Johnny Mundt","Min","TE","W 27-19",2.1,0,0,0,0,0,0,2,8,0,2,0,0,0,2.8,0,0,"NO","Home",36,"11/14/23",10
"Johnny Mundt","Min","TE","L 20-21",1.7,0,0,0,0,0,0,0,0,0,0,0,0,0,0,0,0,"Den","Away",67,"11/21/23",11
"Johnny Mundt","Min","TE","L 10-12",0.5,0,0,0,0,0,0,0,0,0,0,0,0,0,0,0,0,"Chi","Home",78,"11/28/23",12
"Johnny Mundt","Min","TE","W 3-0",0.5,0,0,0,0,0,0,1,4,0,1,0,0,0,1.4,0,0,"LV","Away",47,"12/12/23",14
"Johnny Mundt","Min","TE","L 24-27",0.6,0,0,0,0,0,0,1,3,0,1,0,0,0,1.3,0,0,"Cin","Away",61,"12/19/23",15
"Johnny Mundt","Min","TE","L 24-30",1.3,0,0,0,0,0,0,1,23,0,3,0,0,0,3.3,0,0,"Det","Home",44,"12/26/23",16
"Johnny Mundt","Min","TE","L 10-33",6.1,0,0,0,0,0,0,4,39,1,7,0,0,0,13.9,0,0,"GB","Home",6,"1/2/24",17
"Johnny Mundt","Min","TE","L 20-30",9,0,0,0,0,0,0,5,58,0,6,0,0,0,10.8,0,0,"Det","Away",11,"1/9/24",18
"Jonathan Mingo","Car","WR","L 10-24",9.3,0,0,0,0,0,0,2,17,0,5,0,0,0,3.7,0,0,"Atl","Away",83.5,"9/12/23",1
"Jonathan Mingo","Car","WR","L 17-20",7.8,0,0,0,0,0,0,3,26,0,8,0,0,0,5.6,0,0,"NO","Home",77,"9/19/23",2
"Jonathan Mingo","Car","WR","L 27-37",8.1,0,0,0,0,0,0,3,21,0,6,0,0,0,5.1,0,0,"Sea","Away",80,"9/26/23",3
"Jonathan Mingo","Car","WR","L 24-42",6.7,0,0,0,0,0,0,5,48,0,7,0,0,0,9.8,0,0,"Det","Away",36.5,"10/10/23",5
"Jonathan Mingo","Car","WR","L 21-42",10.1,0,0,0,0,0,0,2,21,0,3,0,0,0,4.1,0,0,"Mia","Away",76,"10/17/23",6
"Jonathan Mingo","Car","WR","W 15-13",8,0,0,0,0,0,0,4,62,0,5,0,0,0,10.2,0,0,"Hou","Home",46,"10/31/23",8
"Jonathan Mingo","Car","WR","L 13-27",8.5,0,0,0,0,0,0,1,5,0,4,0,0,0,1.5,0,0,"Ind","Home",101,"11/7/23",9
"Jonathan Mingo","Car","WR","L 13-16",7.8,0,0,0,0,0,0,3,20,0,7,0,0,0,5,0,0,"Chi","Away",60,"11/14/23",10
"Jonathan Mingo","Car","WR","L 10-33",7.6,0,0,0,0,0,0,1,6,0,6,0,0,0,1.6,0,0,"Dal","Home",98,"11/21/23",11
"Jonathan Mingo","Car","WR","L 10-17",8.6,0,0,0,0,0,0,4,60,0,6,0,0,0,10,0,0,"Ten","Away",39,"11/28/23",12
"Jonathan Mingo","Car","WR","L 18-21",9.1,0,0,0,0,0,0,6,69,0,10,0,0,0,12.9,0,0,"TB","Away",26.5,"12/5/23",13
"Jonathan Mingo","Car","WR","L 6-28",9.3,0,0,0,0,0,0,2,22,0,9,0,0,0,4.2,0,0,"NO","Away",73.5,"12/12/23",14
"Jonathan Mingo","Car","WR","W 9-7",9.1,0,0,0,0,0,0,4,32,0,5,0,0,0,7.2,0,0,"Atl","Home",53,"12/19/23",15
"Jonathan Mingo","Car","WR","L 30-33",9.8,0,0,0,0,0,0,1,9,0,1,0,0,0,1.9,0,0,"GB","Home",103,"12/26/23",16
"Jonathan Mingo","Car","WR","L 0-26",8.1,0,0,0,0,0,0,2,0,0,3,0,0,0,2,0,0,"Jax","Away",93.5,"1/2/24",17
"Jonathan Taylor","Ind","RB","W 23-16",12.9,0,0,0,6,18,0,1,16,0,1,0,0,0,4.4,0,0,"Ten","Home",42,"10/10/23",5
"Jonathan Taylor","Ind","RB","L 20-37",11.9,0,0,0,8,19,0,5,46,0,6,0,0,0,11.5,0,0,"Jax","Away",21,"10/17/23",6
"Jonathan Taylor","Ind","RB","L 38-39",13.2,0,0,0,18,75,1,3,45,0,4,0,0,0,21,0,0,"Cle","Home",7,"10/24/23",7
"Jonathan Taylor","Ind","RB","L 27-38",18.6,0,0,0,12,95,0,1,2,0,2,0,0,0,10.7,0,0,"NO","Home",20,"10/31/23",8
"Jonathan Taylor","Ind","RB","W 27-13",16.6,0,0,0,18,47,0,5,22,1,5,0,0,0,17.9,0,0,"Car","Away",7.5,"11/7/23",9
"Jonathan Taylor","Ind","RB","W 10-6",17.2,0,0,0,23,69,1,1,6,0,1,0,0,0,14.5,0,0,"NE","Away",17,"11/14/23",10
"Jonathan Taylor","Ind","RB","W 27-20",18.8,0,0,0,15,91,2,0,0,0,0,0,0,0,21.1,0,0,"TB","Home",9,"11/28/23",12
"Jonathan Taylor","Ind","RB","L 10-29",14,0,0,0,18,43,1,0,0,0,1,0,0,0,10.3,0,0,"Atl","Away",30,"12/26/23",16
"Jonathan Taylor","Ind","RB","W 23-20",15.6,0,0,0,21,96,1,1,8,0,1,0,0,0,17.4,0,0,"LV","Home",13,"1/2/24",17
"Jonathan Taylor","Ind","RB","L 19-23",14.1,0,0,0,30,188,1,2,8,0,2,0,0,0,27.6,0,0,"Hou","Home",3,"1/9/24",18
"Jonathan Ward","Ten","RB","W 28-23",0,0,0,0,0,0,0,0,0,0,0,0,0,0,0,0,0,"Atl","Home",97,"10/31/23",8
"Jonathan Ward","Ten","RB","L 16-20",0,0,0,0,0,0,0,0,0,0,0,0,0,0,0,0,0,"Pit","Away",82.5,"11/7/23",9
"Jonathan Ward","Ten","RB","L 6-20",0,0,0,0,0,0,0,0,0,0,0,0,0,0,0,0,0,"TB","Away",83,"11/14/23",10
"Jonathan Ward","Ten","RB","W 28-27",0,0,0,0,0,0,0,0,0,0,0,0,0,0,0,0,0,"Mia","Away",89.5,"12/12/23",14
"Jonathan Ward","Ten","RB","L 16-19",0,0,0,0,0,0,0,0,0,0,0,0,0,0,0,0,0,"Hou","Home",94,"12/19/23",15
"Jonathan Ward","Ten","RB","L 17-20",0,0,0,0,0,0,0,0,0,0,0,0,0,0,0,0,0,"Sea","Home",92,"12/26/23",16
"Jonathan Ward","Ten","RB","L 3-26",0,0,0,0,3,11,0,0,0,0,0,0,0,0,1.1,0,0,"Hou","Away",74,"1/2/24",17
"Jonathan Ward","Ten","RB","W 28-20",0,0,0,0,0,0,0,0,0,0,0,0,0,0,0,0,0,"Jax","Home",88.5,"1/9/24",18
"Jonathan Williams","Wsh","RB","L 20-28",0,0,0,0,1,-2,0,0,0,0,1,0,0,0,-0.2,0,0,"LAR","Away",108.5,"12/19/23",15
"Jonnu Smith","Atl","TE","W 24-10",3.4,0,0,0,0,0,0,0,0,0,0,0,0,0,0,0,0,"Car","Home",75,"9/12/23",1
"Jonnu Smith","Atl","TE","W 25-24",2.2,0,0,0,0,0,0,4,47,0,6,0,0,0,8.7,0,0,"GB","Home",18,"9/19/23",2
"Jonnu Smith","Atl","TE","L 6-20",3.7,0,0,0,0,0,0,5,37,0,8,0,0,0,8.7,0,0,"Det","Away",15.5,"9/26/23",3
"Jonnu Smith","Atl","TE","L 7-23",6.5,0,0,0,0,0,0,6,95,0,6,0,0,0,15.5,0,0,"Jax","Away",3,"10/3/23",4
"Jonnu Smith","Atl","TE","W 21-19",8.1,0,0,0,0,0,0,6,67,0,7,0,1,0,10.7,0,0,"Hou","Home",12.5,"10/10/23",5
"Jonnu Smith","Atl","TE","L 16-24",8.5,0,0,0,0,0,0,4,36,1,5,0,0,0,13.6,0,0,"Wsh","Home",4,"10/17/23",6
"Jonnu Smith","Atl","TE","W 16-13",9.1,0,0,0,0,0,0,3,27,0,3,0,0,0,5.7,0,0,"TB","Away",21,"10/24/23",7
"Jonnu Smith","Atl","TE","L 23-28",7.6,0,0,0,0,0,0,1,13,0,1,0,0,0,2.3,0,1,"Ten","Away",37,"10/31/23",8
"Jonnu Smith","Atl","TE","L 28-31",6.9,0,0,0,1,0,0,5,100,1,6,0,0,0,21,0,0,"Min","Home",5,"11/7/23",9
"Jonnu Smith","Atl","TE","L 23-25",8.3,0,0,0,0,0,0,1,1,0,3,0,0,0,1.1,0,0,"Ari","Away",51,"11/14/23",10
"Jonnu Smith","Atl","TE","W 24-15",7.7,0,0,0,0,0,0,0,0,0,0,0,0,0,0,0,0,"NO","Home",78,"11/28/23",12
"Jonnu Smith","Atl","TE","W 13-8",5.4,0,0,0,0,0,0,2,10,0,3,0,0,0,3,0,0,"NYJ","Away",30.5,"12/5/23",13
"Jonnu Smith","Atl","TE","L 25-29",6.3,0,0,0,0,0,0,4,27,0,7,0,0,0,6.7,0,0,"TB","Home",26.5,"12/12/23",14
"Jonnu Smith","Atl","TE","L 7-9",5.9,0,0,0,0,0,0,2,61,0,2,0,0,0,8.1,0,0,"Car","Away",18,"12/19/23",15
"Jonnu Smith","Atl","TE","W 29-10",6.6,0,0,0,0,0,0,4,32,0,6,0,0,0,7.2,0,0,"Ind","Home",27,"12/26/23",16
"Jonnu Smith","Atl","TE","L 17-37",7.1,0,0,0,0,0,0,0,0,0,4,0,0,0,0,0,0,"Chi","Away",76,"1/2/24",17
"Jonnu Smith","Atl","TE","L 17-48",7.4,0,0,0,0,0,0,3,29,1,3,0,0,0,11.9,0,0,"NO","Away",8.5,"1/9/24",18
"Jordan Addison","Min","WR","L 17-20",9.4,0,0,0,0,0,0,4,61,1,6,0,0,0,16.1,0,0,"TB","Home",19,"9/12/23",1
"Jordan Addison","Min","WR","L 28-34",11.7,0,0,0,0,0,0,3,72,1,5,0,0,0,16.2,0,0,"Phi","Away",28,"9/19/23",2
"Jordan Addison","Min","WR","L 24-28",10.9,0,0,0,0,0,0,6,52,0,8,0,0,0,11.2,0,0,"LAC","Home",39,"9/26/23",3
"Jordan Addison","Min","WR","W 21-13",11.1,0,0,0,0,0,0,0,0,0,1,0,0,0,0,0,0,"Car","Away",143,"10/3/23",4
"Jordan Addison","Min","WR","L 20-27",10.4,0,0,0,0,0,0,6,64,1,9,0,0,0,18.4,0,0,"KC","Home",15,"10/10/23",5
"Jordan Addison","Min","WR","W 19-13",13.3,0,0,0,0,0,0,3,28,1,5,0,0,0,11.8,0,0,"Chi","Away",32,"10/17/23",6
"Jordan Addison","Min","WR","W 22-17",13.9,0,0,0,0,0,0,7,123,2,10,0,0,0,31.3,0,0,"SF","Home",1,"10/24/23",7
"Jordan Addison","Min","WR","W 24-10",14.9,0,0,0,1,2,0,7,82,1,8,0,0,0,21.4,0,0,"GB","Away",13,"10/31/23",8
"Jordan Addison","Min","WR","W 31-28",12.5,0,0,0,0,0,0,5,52,0,7,0,0,0,10.2,0,0,"Atl","Away",29,"11/7/23",9
"Jordan Addison","Min","WR","W 27-19",12.2,0,0,0,0,0,0,4,69,0,7,0,0,0,10.9,0,0,"NO","Home",33.5,"11/14/23",10
"Jordan Addison","Min","WR","L 20-21",13.3,0,0,0,0,0,0,3,44,0,6,0,0,0,7.4,0,0,"Den","Away",48.5,"11/21/23",11
"Jordan Addison","Min","WR","L 10-12",12.8,0,0,0,0,0,0,6,39,0,10,0,0,0,9.9,0,0,"Chi","Home",40.5,"11/28/23",12
"Jordan Addison","Min","WR","W 3-0",10.3,0,0,0,0,0,0,2,27,0,3,0,0,0,4.7,0,0,"LV","Away",65,"12/12/23",14
"Jordan Addison","Min","WR","L 24-27",11.4,0,0,0,0,0,0,6,111,2,6,0,0,0,29.1,0,0,"Cin","Away",1,"12/19/23",15
"Jordan Addison","Min","WR","L 24-30",12.2,0,0,0,0,0,0,1,2,0,4,0,0,0,1.2,0,0,"Det","Home",117.5,"12/26/23",16
"Jordan Addison","Min","WR","L 10-33",10.7,0,0,0,0,0,0,3,28,0,5,0,0,0,5.8,0,0,"GB","Home",63.5,"1/2/24",17
"Jordan Addison","Min","WR","L 20-30",12.1,0,0,0,0,0,0,4,57,1,8,0,0,0,15.7,0,0,"Det","Away",20.5,"1/9/24",18
"Jordan Akins","Cle","TE","W 24-3",1.1,0,0,0,0,0,0,1,12,0,1,0,0,0,2.2,0,0,"Cin","Home",43,"9/12/23",1
"Jordan Akins","Cle","TE","L 22-26",1.1,0,0,0,0,0,0,1,2,0,1,0,0,0,1.2,0,0,"Pit","Away",52,"9/19/23",2
"Jordan Akins","Cle","TE","W 27-3",1.6,0,0,0,0,0,0,0,0,0,0,0,0,0,0,0,0,"Ten","Home",79,"9/26/23",3
"Jordan Akins","Cle","TE","L 3-28",0.9,0,0,0,0,0,0,1,6,0,2,0,0,0,1.6,0,0,"Bal","Home",50,"10/3/23",4
"Jordan Akins","Cle","TE","W 19-17",1.1,0,0,0,0,0,0,0,0,0,2,0,0,0,0,0,0,"SF","Home",72,"10/17/23",6
"Jordan Akins","Cle","TE","W 39-38",2.1,0,0,0,0,0,0,0,0,0,0,0,0,0,0,0,0,"Ind","Away",62,"10/24/23",7
"Jordan Akins","Cle","TE","L 20-24",1,0,0,0,0,0,0,1,6,0,1,0,0,0,1.6,0,0,"Sea","Away",43.5,"10/31/23",8
"Jordan Akins","Cle","TE","W 27-0",1.5,0,0,0,0,0,0,1,11,0,3,0,0,0,2.1,0,0,"Ari","Home",39,"11/7/23",9
"Jordan Akins","Cle","TE","W 33-31",2,0,0,0,0,0,0,1,8,0,1,0,0,0,1.8,0,0,"Bal","Away",38,"11/14/23",10
"Jordan Akins","Cle","TE","W 13-10",1.5,0,0,0,0,0,0,0,0,0,0,0,0,0,0,0,0,"Pit","Home",67,"11/21/23",11
"Jordan Akins","Cle","TE","L 12-29",1.5,0,0,0,0,0,0,0,0,0,0,0,0,0,0,0,0,"Den","Away",78,"11/28/23",12
"Jordan Akins","Cle","TE","L 19-36",1.1,0,0,0,0,0,0,1,6,0,1,0,0,0,1.6,0,0,"LAR","Away",43,"12/5/23",13
"Jordan Akins","Cle","TE","W 31-27",0.5,0,0,0,0,0,0,1,3,0,1,0,0,0,1.3,0,0,"Jax","Home",50,"12/12/23",14
"Jordan Akins","Cle","TE","W 20-17",1.1,0,0,0,0,0,0,1,8,0,1,0,0,0,1.8,0,0,"Chi","Home",53,"12/19/23",15
"Jordan Akins","Cle","TE","W 36-22",1.2,0,0,0,0,0,0,2,18,0,2,0,0,0,3.8,0,0,"Hou","Away",40,"12/26/23",16
"Jordan Akins","Cle","TE","W 37-20",1.7,0,0,0,0,0,0,1,28,0,1,0,0,0,3.8,0,0,"NYJ","Home",38.5,"1/2/24",17
"Jordan Akins","Cle","TE","L 14-31",6.8,0,0,0,0,0,0,3,24,0,6,0,0,0,5.4,0,0,"Cin","Away",24,"1/9/24",18
"Jordan Love","GB","QB","W 38-20",14.8,245,3,0,3,12,0,0,0,0,0,0,0,0,23,15,27,"Chi","Away",3,"9/12/23",1
"Jordan Love","GB","QB","L 24-25",15.3,151,3,0,2,23,0,0,0,0,0,0,0,0,20.34,14,25,"Atl","Away",16,"9/19/23",2
"Jordan Love","GB","QB","W 18-17",14,259,1,1,9,39,1,0,0,0,0,0,0,0,24.26,22,44,"NO","Home",6,"9/26/23",3
"Jordan Love","GB","QB","L 20-34",16.8,246,1,2,2,-2,1,0,0,0,0,0,0,0,17.64,23,36,"Det","Home",14,"10/3/23",4
"Jordan Love","GB","QB","L 13-17",18.2,182,0,3,2,37,0,0,0,0,0,0,0,0,4.98,16,30,"LV","Away",26,"10/10/23",5
"Jordan Love","GB","QB","L 17-19",17.8,180,2,1,3,21,0,0,0,0,0,0,0,0,15.3,21,31,"Den","Away",13,"10/24/23",7
"Jordan Love","GB","QB","L 10-24",14.9,229,1,1,4,34,0,0,0,0,0,0,0,0,14.56,24,41,"Min","Home",17,"10/31/23",8
"Jordan Love","GB","QB","W 20-3",14.7,228,1,0,4,7,0,0,0,0,0,0,0,0,13.82,20,26,"LAR","Home",14,"11/7/23",9
"Jordan Love","GB","QB","L 19-23",14,289,2,2,2,11,0,0,0,0,0,0,0,0,16.66,21,40,"Pit","Away",13,"11/14/23",10
"Jordan Love","GB","QB","W 23-20",15.9,322,2,0,3,0,0,0,0,0,0,0,0,0,20.88,27,40,"LAC","Home",9,"11/21/23",11
"Jordan Love","GB","QB","W 29-22",16,268,3,0,3,39,0,0,0,0,0,0,0,0,26.62,22,32,"Det","Away",5,"11/28/23",12
"Jordan Love","GB","QB","W 27-19",16.3,267,3,0,2,10,0,0,0,0,0,0,0,0,23.68,25,36,"KC","Home",7,"12/5/23",13
"Jordan Love","GB","QB","L 22-24",16.9,218,1,1,2,2,0,0,0,0,0,0,1,0,8.92,25,39,"NYG","Away",23,"12/12/23",14
"Jordan Love","GB","QB","L 20-34",17.9,284,2,0,2,1,0,0,0,0,0,0,1,0,17.46,29,39,"TB","Home",12,"12/19/23",15
"Jordan Love","GB","QB","W 33-30",16.6,219,2,0,2,12,1,0,0,0,0,0,0,0,23.96,17,28,"Car","Away",5,"12/26/23",16
"Jordan Love","GB","QB","W 33-10",16.4,256,3,0,2,2,1,0,0,0,0,0,0,0,28.44,24,33,"Min","Away",2,"1/2/24",17
"Jordan Love","GB","QB","W 17-9",16.6,316,2,0,3,-1,0,0,0,0,0,0,1,0,18.54,27,32,"Chi","Home",9,"1/9/24",18
"Jordan Mason","SF","RB","W 30-7",0.6,0,0,0,0,0,0,0,0,0,0,0,0,0,0,0,0,"Pit","Away",96,"9/12/23",1
"Jordan Mason","SF","RB","W 30-23",0,0,0,0,0,0,0,0,0,0,0,0,0,0,0,0,0,"LAR","Away",96,"9/19/23",2
"Jordan Mason","SF","RB","W 30-12",0,0,0,0,3,11,0,0,0,0,0,0,0,0,1.1,0,0,"NYG","Home",76,"9/26/23",3
"Jordan Mason","SF","RB","W 35-16",5.4,0,0,0,3,10,0,1,13,0,1,0,0,0,3.3,0,0,"Ari","Home",55,"10/3/23",4
"Jordan Mason","SF","RB","W 42-10",4.6,0,0,0,10,69,1,0,0,0,1,0,0,0,12.9,0,0,"Dal","Home",17,"10/10/23",5
"Jordan Mason","SF","RB","L 17-19",4.6,0,0,0,5,27,1,0,0,0,0,0,0,0,8.7,0,0,"Cle","Away",27,"10/17/23",6
"Jordan Mason","SF","RB","L 17-22",3.3,0,0,0,0,0,0,0,0,0,0,0,0,0,0,0,0,"Min","Away",76,"10/24/23",7
"Jordan Mason","SF","RB","L 17-31",2.5,0,0,0,0,0,0,0,0,0,0,0,0,0,0,0,0,"Cin","Home",97,"10/31/23",8
"Jordan Mason","SF","RB","W 34-3",0.5,0,0,0,0,0,0,0,0,0,0,0,0,0,0,0,0,"Jax","Away",83,"11/14/23",10
"Jordan Mason","SF","RB","W 27-14",0,0,0,0,0,0,0,0,0,0,0,0,0,0,0,0,0,"TB","Home",80,"11/21/23",11
"Jordan Mason","SF","RB","W 31-13",0,0,0,0,0,0,0,0,0,0,0,0,0,0,0,0,0,"Sea","Away",90,"11/28/23",12
"Jordan Mason","SF","RB","W 42-19",0,0,0,0,2,10,0,0,0,0,0,0,0,0,1,0,0,"Phi","Away",58.5,"12/5/23",13
"Jordan Mason","SF","RB","W 28-16",5.1,0,0,0,4,20,1,1,6,0,1,0,0,0,9.6,0,0,"Sea","Home",29.5,"12/12/23",14
"Jordan Mason","SF","RB","W 45-29",4.8,0,0,0,5,20,0,0,0,0,0,0,0,0,2,0,0,"Ari","Away",67,"12/19/23",15
"Jordan Mason","SF","RB","L 19-33",4.1,0,0,0,0,0,0,0,0,0,0,0,0,0,0,0,0,"Bal","Home",92,"12/26/23",16
"Jordan Mason","SF","RB","W 27-10",0,0,0,0,2,3,0,0,0,0,0,0,0,0,0.3,0,0,"Wsh","Away",77.5,"1/2/24",17
"Jordan Mason","SF","RB","L 20-21",11.4,0,0,0,6,36,0,1,12,0,1,0,0,0,5.8,0,0,"LAR","Home",42,"1/9/24",18
"Jordan Mims","NO","RB","W 48-17",0,0,0,0,0,0,0,0,0,0,2,0,0,0,0,0,0,"Atl","Home",88.5,"1/9/24",18
"Josh Allen","Buf","QB","L 16-22",21.1,236,1,3,6,36,0,0,0,0,0,0,1,0,9.04,29,41,"NYJ","Away",23,"9/12/23",1
"Josh Allen","Buf","QB","W 38-10",24.4,274,3,0,3,7,0,0,0,0,0,0,0,0,23.66,31,37,"LV","Home",6,"9/19/23",2
"Josh Allen","Buf","QB","W 37-3",20.8,218,1,1,3,46,1,0,0,0,0,0,0,0,21.32,20,32,"Wsh","Away",8,"9/26/23",3
"Josh Allen","Buf","QB","W 48-20",20.9,320,4,0,4,17,1,0,0,0,0,0,0,0,36.5,21,25,"Mia","Home",1,"10/3/23",4
"Josh Allen","Buf","QB","L 20-25",20.7,359,2,1,4,14,1,0,0,0,0,0,0,0,27.76,27,40,"Jax","Home",2,"10/10/23",5
"Josh Allen","Buf","QB","W 14-9",22.9,169,2,1,2,11,0,0,0,0,0,0,0,0,13.86,19,30,"NYG","Home",13,"10/17/23",6
"Josh Allen","Buf","QB","L 25-29",19.7,265,2,1,7,17,1,0,0,0,0,0,1,0,24.3,27,41,"NE","Away",4,"10/24/23",7
"Josh Allen","Buf","QB","W 24-18",21.3,324,2,1,7,41,1,0,0,0,0,0,0,0,29.06,31,40,"TB","Home",2,"10/31/23",8
"Josh Allen","Buf","QB","L 18-24",22.5,258,1,1,8,44,1,0,0,0,0,0,0,0,24.72,26,38,"Cin","Away",5,"11/7/23",9
"Josh Allen","Buf","QB","L 22-24",24.9,177,1,2,4,13,1,0,0,0,0,0,1,0,14.38,15,26,"Den","Home",15,"11/14/23",10
"Josh Allen","Buf","QB","W 32-6",18.9,275,3,1,5,15,0,0,0,0,0,0,0,0,22.5,20,32,"NYJ","Home",6,"11/21/23",11
"Josh Allen","Buf","QB","L 34-37",20.9,339,2,1,9,81,2,0,0,0,0,0,0,0,39.66,29,51,"Phi","Away",1,"11/28/23",12
"Josh Allen","Buf","QB","W 20-17",21.3,233,1,1,10,32,1,0,0,0,0,0,0,0,20.52,23,42,"KC","Away",9,"12/12/23",14
"Josh Allen","Buf","QB","W 31-10",21.1,94,1,0,8,24,1,0,0,0,0,0,0,0,16.16,7,15,"Dal","Home",16,"12/19/23",15
"Josh Allen","Buf","QB","W 24-22",21.2,237,1,1,5,15,2,0,0,0,0,0,0,0,24.98,15,21,"LAC","Away",1,"12/26/23",16
"Josh Allen","Buf","QB","W 27-21",19.6,169,0,1,11,44,2,0,0,0,0,0,0,0,21.16,15,30,"NE","Home",6,"1/2/24",17
"Josh Allen","Buf","QB","W 21-14",20.3,359,2,2,15,67,0,0,0,0,0,0,1,0,23.06,30,38,"Mia","Away",4,"1/9/24",18
"Josh Downs","Ind","WR","L 21-31",5.1,0,0,0,0,0,0,3,30,0,7,0,0,0,6,0,0,"Jax","Home",66.5,"9/12/23",1
"Josh Downs","Ind","WR","W 31-20",7.2,0,0,0,0,0,0,4,37,0,5,0,0,0,7.7,0,0,"Hou","Away",64,"9/19/23",2
"Josh Downs","Ind","WR","W 22-19",9.4,0,0,0,0,0,0,8,57,0,12,0,0,0,13.7,0,0,"Bal","Away",32,"9/26/23",3
"Josh Downs","Ind","WR","L 23-29",10.4,0,0,0,0,0,0,2,34,0,3,0,0,0,5.4,0,0,"LAR","Home",67,"10/3/23",4
"Josh Downs","Ind","WR","W 23-16",8.9,0,0,0,0,0,0,6,97,0,6,0,0,0,15.7,0,0,"Ten","Home",18,"10/10/23",5
"Josh Downs","Ind","WR","L 20-37",11.4,0,0,0,0,0,0,5,21,1,8,0,0,0,13.1,0,0,"Jax","Away",30,"10/17/23",6
"Josh Downs","Ind","WR","L 38-39",9.7,0,0,0,0,0,0,5,125,1,6,0,0,0,23.5,0,0,"Cle","Home",4,"10/24/23",7
"Josh Downs","Ind","WR","L 27-38",10.6,0,0,0,0,0,0,7,72,0,9,0,0,0,14.2,0,0,"NO","Home",29.5,"10/31/23",8
"Josh Downs","Ind","WR","W 27-13",11.5,0,0,0,0,0,0,1,10,0,1,0,0,0,2,0,0,"Car","Away",89.5,"11/7/23",9
"Josh Downs","Ind","WR","W 10-6",8.6,0,0,0,0,0,0,2,40,0,3,0,0,0,6,0,0,"NE","Away",55.5,"11/14/23",10
"Josh Downs","Ind","WR","W 27-20",10.6,0,0,0,0,0,0,5,43,0,13,0,0,0,9.3,0,0,"TB","Home",44,"11/28/23",12
"Josh Downs","Ind","WR","W 31-28",11.5,0,0,0,0,0,0,3,14,0,5,0,0,0,4.4,0,0,"Ten","Away",55,"12/5/23",13
"Josh Downs","Ind","WR","L 14-34",10.8,0,0,0,0,0,0,3,32,0,3,0,0,0,6.2,0,0,"Cin","Away",55,"12/12/23",14
"Josh Downs","Ind","WR","W 30-13",9.4,0,0,0,0,0,0,3,19,0,3,0,0,0,4.9,0,0,"Pit","Home",73,"12/19/23",15
"Josh Downs","Ind","WR","L 10-29",9.5,0,0,0,0,0,0,6,39,0,9,0,0,0,9.9,0,0,"Atl","Away",43,"12/26/23",16
"Josh Downs","Ind","WR","W 23-20",8.2,0,0,0,0,0,0,2,53,0,2,0,0,0,7.3,0,0,"LV","Home",53,"1/2/24",17
"Josh Downs","Ind","WR","L 19-23",8.1,0,0,0,0,0,0,3,48,0,3,0,0,0,7.8,0,0,"Hou","Home",48,"1/9/24",18
"Josh Jacobs","LV","RB","W 17-16",16.5,0,0,0,19,48,0,2,23,0,3,0,0,0,9.1,0,0,"Den","Away",32,"9/12/23",1
"Josh Jacobs","LV","RB","L 10-38",15.7,0,0,0,9,-2,0,5,51,0,6,0,0,0,9.9,0,0,"Buf","Away",25,"9/19/23",2
"Josh Jacobs","LV","RB","L 18-23",16.9,0,0,0,17,62,0,3,18,0,5,0,0,0,11,0,0,"Pit","Home",20,"9/26/23",3
"Josh Jacobs","LV","RB","L 17-24",15.2,0,0,0,17,58,1,8,81,0,11,0,0,0,27.9,0,0,"LAC","Away",3,"10/3/23",4
"Josh Jacobs","LV","RB","W 17-13",18.3,0,0,0,20,69,1,5,20,0,5,0,0,0,19.9,0,0,"GB","Home",6,"10/10/23",5
"Josh Jacobs","LV","RB","W 21-17",18.2,0,0,0,25,77,0,2,16,0,5,0,0,0,11.3,0,0,"NE","Home",22,"10/17/23",6
"Josh Jacobs","LV","RB","L 12-30",17.8,0,0,0,11,35,0,1,6,0,4,0,0,0,5.1,0,0,"Chi","Away",42,"10/24/23",7
"Josh Jacobs","LV","RB","L 14-26",16.3,0,0,0,15,61,1,2,27,0,4,0,0,0,16.8,0,0,"Det","Away",11,"10/31/23",8
"Josh Jacobs","LV","RB","W 30-6",16.9,0,0,0,26,98,2,0,0,0,0,0,0,0,21.8,0,0,"NYG","Home",3,"11/7/23",9
"Josh Jacobs","LV","RB","W 16-12",16.2,0,0,0,27,116,0,2,11,0,2,0,1,0,12.7,0,0,"NYJ","Home",21,"11/14/23",10
"Josh Jacobs","LV","RB","L 13-20",16.1,0,0,0,14,39,0,1,12,0,1,0,0,0,6.1,0,0,"Mia","Away",36.5,"11/21/23",11
"Josh Jacobs","LV","RB","L 17-31",15,0,0,0,20,110,1,4,15,0,6,0,0,0,22.5,0,0,"KC","Home",5,"11/28/23",12
"Josh Jacobs","LV","RB","L 0-3",15.6,0,0,0,13,34,0,2,16,0,2,0,0,0,7,0,0,"Min","Home",42,"12/12/23",14
"Josh Oliver","Min","TE","L 17-20",1.8,0,0,0,0,0,0,3,32,0,3,0,0,0,6.2,0,0,"TB","Home",23,"9/12/23",1
"Josh Oliver","Min","TE","L 28-34",1.9,0,0,0,0,0,0,2,13,0,3,0,0,0,3.3,0,0,"Phi","Away",44.5,"9/19/23",2
"Josh Oliver","Min","TE","L 24-28",4.1,0,0,0,0,0,0,2,4,1,2,0,0,0,8.4,0,0,"LAC","Home",17,"9/26/23",3
"Josh Oliver","Min","TE","W 21-13",4,0,0,0,0,0,0,0,0,0,0,0,0,0,0,0,0,"Car","Away",79.5,"10/3/23",4
"Josh Oliver","Min","TE","L 20-27",3.4,0,0,0,0,0,0,1,15,0,2,0,1,0,0.5,0,0,"KC","Home",54,"10/10/23",5
"Josh Oliver","Min","TE","W 19-13",3.5,0,0,0,0,0,0,0,0,0,0,0,0,0,0,0,0,"Chi","Away",72,"10/17/23",6
"Josh Oliver","Min","TE","W 22-17",3.3,0,0,0,0,0,0,2,6,0,2,0,0,0,2.6,0,0,"SF","Home",30.5,"10/24/23",7
"Josh Oliver","Min","TE","W 24-10",3.3,0,0,0,0,0,0,0,0,0,0,0,0,0,0,0,0,"GB","Away",73,"10/31/23",8
"Josh Oliver","Min","TE","W 31-28",2.1,0,0,0,0,0,0,2,1,0,2,0,0,0,2.1,0,0,"Atl","Away",39,"11/7/23",9
"Josh Oliver","Min","TE","W 27-19",3.1,0,0,0,0,0,0,0,0,0,0,0,0,0,0,0,0,"NO","Home",69.5,"11/14/23",10
"Josh Oliver","Min","TE","L 20-21",1.1,0,0,0,0,0,0,4,47,1,4,0,0,0,14.7,0,0,"Den","Away",3,"11/21/23",11
"Josh Oliver","Min","TE","L 10-12",2.7,0,0,0,0,0,0,0,0,0,0,0,0,0,0,0,0,"Chi","Home",78,"11/28/23",12
"Josh Oliver","Min","TE","W 3-0",1.5,0,0,0,0,0,0,0,0,0,1,0,0,0,0,0,0,"LV","Away",73,"12/12/23",14
"Josh Oliver","Min","TE","L 24-27",1.9,0,0,0,0,0,0,2,14,0,2,0,0,0,3.4,0,0,"Cin","Away",42.5,"12/19/23",15
"Josh Oliver","Min","TE","L 24-30",1.9,0,0,0,0,0,0,1,33,0,2,0,0,0,4.3,0,0,"Det","Home",38,"12/26/23",16
"Josh Oliver","Min","TE","L 10-33",3.9,0,0,0,0,0,0,1,17,0,2,0,0,0,2.7,0,0,"GB","Home",44,"1/2/24",17
"Josh Oliver","Min","TE","L 20-30",4.5,0,0,0,0,0,0,2,31,0,3,0,0,0,5.1,0,0,"Det","Away",27,"1/9/24",18
"Josh Pederson","Jax","TE","L 31-34",NA,0,0,0,0,0,0,0,0,0,0,0,0,0,0,0,0,"Cin","Home",66,"12/5/23",13
"Josh Pederson","Jax","TE","L 27-31",0,0,0,0,0,0,0,0,0,0,0,0,0,0,0,0,0,"Cle","Away",73,"12/12/23",14
"Josh Pederson","Jax","TE","L 7-23",0,0,0,0,0,0,0,0,0,0,0,0,0,0,0,0,0,"Bal","Home",81.5,"12/19/23",15
"Josh Reynolds","Det","WR","W 21-20",5.7,0,0,0,0,0,0,4,80,0,7,0,0,0,12,0,0,"KC","Away",30,"9/12/23",1
"Josh Reynolds","Det","WR","L 31-37",8.1,0,0,0,0,0,0,5,66,2,6,0,0,0,23.6,0,0,"Sea","Home",9,"9/19/23",2
"Josh Reynolds","Det","WR","W 20-6",10,0,0,0,0,0,0,0,0,0,0,0,0,0,0,0,0,"Atl","Home",141,"9/26/23",3
"Josh Reynolds","Det","WR","W 34-20",8.2,0,0,0,0,0,0,3,69,0,6,0,0,0,9.9,0,0,"GB","Away",40,"10/3/23",4
"Josh Reynolds","Det","WR","W 42-24",9.6,0,0,0,0,0,0,4,76,1,5,0,0,0,17.6,0,0,"Car","Home",16,"10/10/23",5
"Josh Reynolds","Det","WR","W 20-6",6.2,0,0,0,0,0,0,3,50,0,3,0,0,0,8,0,0,"TB","Away",47,"10/17/23",6
"Josh Reynolds","Det","WR","L 6-38",7.5,0,0,0,0,0,0,2,43,0,3,0,0,0,6.3,0,0,"Bal","Away",56,"10/24/23",7
"Josh Reynolds","Det","WR","W 26-14",6.4,0,0,0,0,0,0,1,13,0,1,0,1,0,0.3,0,0,"LV","Home",112.5,"10/31/23",8
"Josh Reynolds","Det","WR","W 41-38",5.4,0,0,0,0,0,0,2,15,0,4,0,0,0,3.5,0,0,"LAC","Away",72,"11/14/23",10
"Josh Reynolds","Det","WR","W 31-26",5.9,0,0,0,0,0,0,1,11,0,2,0,0,0,2.1,0,0,"Chi","Home",86.5,"11/21/23",11
"Josh Reynolds","Det","WR","L 22-29",5.6,0,0,0,0,0,0,2,15,1,4,0,0,0,9.5,0,0,"GB","Home",42.5,"11/28/23",12
"Josh Reynolds","Det","WR","W 33-28",4.4,0,0,0,0,0,0,1,12,0,3,0,0,0,2.2,0,0,"NO","Away",72.5,"12/5/23",13
"Josh Reynolds","Det","WR","L 13-28",5.5,0,0,0,0,0,0,3,44,1,4,0,0,0,13.4,0,0,"Chi","Away",23,"12/12/23",14
"Josh Reynolds","Det","WR","W 42-17",6.7,0,0,0,0,0,0,2,41,0,3,0,0,0,6.1,0,0,"Den","Home",61.5,"12/19/23",15
"Josh Reynolds","Det","WR","W 30-24",5.5,0,0,0,0,0,0,1,16,0,4,0,0,0,2.6,0,0,"Min","Away",92,"12/26/23",16
"Josh Reynolds","Det","WR","L 19-20",5.2,0,0,0,0,0,0,1,13,0,2,0,0,0,2.3,0,0,"Dal","Away",88.5,"1/2/24",17
"Josh Reynolds","Det","WR","W 30-20",7.6,0,0,0,0,0,0,5,44,0,7,0,0,0,9.4,0,0,"Min","Home",40,"1/9/24",18
"Josh Whyle","Ten","TE","L 15-16",1,0,0,0,0,0,0,0,0,0,0,0,0,0,0,0,0,"NO","Away",75,"9/12/23",1
"Josh Whyle","Ten","TE","W 27-24",0.5,0,0,0,0,0,0,0,0,0,0,0,0,0,0,0,0,"LAC","Home",76,"9/19/23",2
"Josh Whyle","Ten","TE","L 3-27",0.5,0,0,0,0,0,0,0,0,0,0,0,0,0,0,0,0,"Cle","Away",79,"9/26/23",3
"Josh Whyle","Ten","TE","W 27-3",0,0,0,0,0,0,0,2,26,1,2,0,0,0,10.6,0,0,"Cin","Home",11.5,"10/3/23",4
"Josh Whyle","Ten","TE","L 16-23",1.1,0,0,0,0,0,0,1,7,0,1,0,0,0,1.7,0,0,"Ind","Away",50.5,"10/10/23",5
"Josh Whyle","Ten","TE","L 16-24",1.1,0,0,0,0,0,0,1,11,0,1,0,0,0,2.1,0,0,"Bal","Home",37,"10/17/23",6
"Josh Whyle","Ten","TE","L 16-20",1.5,0,0,0,0,0,0,0,0,0,1,0,0,0,0,0,0,"Pit","Away",68,"11/7/23",9
"Josh Whyle","Ten","TE","L 6-20",1.6,0,0,0,0,0,0,2,16,0,5,0,0,0,3.6,0,0,"TB","Away",30,"11/14/23",10
"Josh Whyle","Ten","TE","L 14-34",3.2,0,0,0,0,0,0,1,7,0,2,0,0,0,1.7,0,0,"Jax","Away",40,"11/21/23",11
"Josh Whyle","Ten","TE","W 17-10",3.6,0,0,0,0,0,0,1,11,0,1,0,0,0,2.1,0,0,"Car","Home",44,"11/28/23",12
"Josh Whyle","Ten","TE","L 28-31",3.1,0,0,0,0,0,0,1,16,0,2,0,0,0,2.6,0,0,"Ind","Home",32.5,"12/5/23",13
"Joshua Dobbs","Ari","QB","L 16-20",12.2,132,0,0,3,-3,0,0,0,0,0,0,2,0,0.98,21,30,"Wsh","Away",32,"9/12/23",1
"Joshua Dobbs","Ari","QB","L 28-31",13,228,1,0,3,41,1,0,0,0,0,0,0,0,25.22,21,31,"NYG","Home",4.5,"9/19/23",2
"Joshua Dobbs","Ari","QB","W 28-16",11,189,1,0,6,55,0,0,0,0,0,0,0,0,17.06,17,21,"Dal","Home",16,"9/26/23",3
"Joshua Dobbs","Ari","QB","L 16-35",12.5,265,2,0,12,48,0,0,0,0,0,0,0,0,23.4,28,41,"SF","Away",6,"10/3/23",4
"Joshua Dobbs","Ari","QB","L 20-34",18.4,166,2,2,3,1,0,0,0,0,0,0,1,0,8.74,15,32,"Cin","Home",22,"10/10/23",5
"Joshua Dobbs","Ari","QB","L 9-26",16.3,235,0,1,7,47,0,0,0,0,0,0,1,0,10.1,21,41,"LAR","Away",20,"10/17/23",6
"Joshua Dobbs","Min","QB","W 22-17",15.3,146,0,0,7,43,1,0,0,0,0,0,0,0,16.14,19,33,"SF","Home",12,"10/24/23",7
"Joshua Dobbs","Min","QB","W 24-10",13.7,208,2,2,6,26,1,0,0,0,0,0,0,0,22.92,25,37,"GB","Away",8,"10/31/23",8
"Joshua Dobbs","Min","QB","W 31-28",0,158,2,0,7,66,1,0,0,0,0,0,2,0,24.92,20,30,"Atl","Away",4,"11/7/23",9
"Joshua Dobbs","Min","QB","W 27-19",15.2,268,1,0,8,44,1,0,0,0,0,0,0,0,25.12,23,34,"NO","Home",3,"11/14/23",10
"Joshua Dobbs","Min","QB","L 20-21",17.4,221,1,1,8,21,1,0,0,0,0,0,1,0,16.94,20,32,"Den","Away",13,"11/21/23",11
"Joshua Dobbs","Min","QB","L 10-12",16.6,185,1,4,2,11,0,0,0,0,0,0,0,0,4.5,22,32,"Chi","Home",31,"11/28/23",12
"Joshua Dobbs","Min","QB","W 3-0",15,63,0,0,5,21,0,0,0,0,0,0,0,0,4.62,10,23,"LV","Away",28,"12/12/23",14
"Joshua Kelley","LAC","RB","L 34-36",5.9,0,0,0,16,91,1,0,0,0,1,0,0,0,15.1,0,0,"Mia","Home",12,"9/12/23",1
"Joshua Kelley","LAC","RB","L 24-27",14.3,0,0,0,13,39,0,0,0,0,1,0,0,0,3.9,0,0,"Ten","Away",51.5,"9/19/23",2
"Joshua Kelley","LAC","RB","W 28-24",14.2,0,0,0,11,12,0,1,5,0,1,0,0,0,2.7,0,0,"Min","Away",64.5,"9/26/23",3
"Joshua Kelley","LAC","RB","W 24-17",13.4,0,0,0,17,65,0,0,0,0,0,0,0,0,6.5,0,0,"LV","Home",37,"10/3/23",4
"Joshua Kelley","LAC","RB","L 17-20",4.8,0,0,0,1,2,0,1,2,0,2,0,0,0,1.4,0,0,"Dal","Home",69,"10/17/23",6
"Joshua Kelley","LAC","RB","L 17-31",3.6,0,0,0,7,75,1,0,0,0,0,0,0,0,13.5,0,0,"KC","Away",18,"10/24/23",7
"Joshua Kelley","LAC","RB","W 30-13",4.9,0,0,0,6,21,0,0,0,0,0,0,0,0,2.1,0,0,"Chi","Home",65.5,"10/31/23",8
"Joshua Kelley","LAC","RB","W 27-6",3.8,0,0,0,3,18,0,1,4,0,1,0,0,0,3.2,0,0,"NYJ","Away",47.5,"11/7/23",9
"Joshua Kelley","LAC","RB","L 38-41",3.8,0,0,0,5,16,0,0,0,0,0,0,0,0,1.6,0,0,"Det","Home",57,"11/14/23",10
"Joshua Kelley","LAC","RB","L 20-23",3.8,0,0,0,6,13,0,0,0,0,0,0,0,0,1.3,0,0,"GB","Away",66.5,"11/21/23",11
"Joshua Kelley","LAC","RB","L 10-20",3.6,0,0,0,3,8,0,2,6,0,2,0,0,0,3.4,0,0,"Bal","Home",52,"11/28/23",12
"Joshua Kelley","LAC","RB","W 6-0",3.6,0,0,0,6,16,0,2,9,0,3,0,0,0,4.5,0,0,"NE","Away",35,"12/5/23",13
"Joshua Kelley","LAC","RB","L 7-24",4,0,0,0,3,6,0,0,0,0,0,0,0,0,0.6,0,0,"Den","Home",74.5,"12/12/23",14
"Joshua Kelley","LAC","RB","L 21-63",2.4,0,0,0,5,22,0,1,6,0,1,0,1,0,1.8,0,0,"LV","Away",68,"12/19/23",15
"Joshua Kelley","LAC","RB","L 22-24",3.2,0,0,0,1,-2,0,0,0,0,0,0,0,0,-0.2,0,0,"Buf","Home",107,"12/26/23",16
"Joshua Kelley","LAC","RB","L 9-16",2.3,0,0,0,2,2,0,0,0,0,0,0,0,0,0.2,0,0,"Den","Away",79.5,"1/2/24",17
"Joshua Kelley","LAC","RB","L 12-13",5.8,0,0,0,2,1,0,0,0,0,0,0,0,0,0.1,0,0,"KC","Home",72,"1/9/24",18
"Joshua Palmer","LAC","WR","L 34-36",4.5,0,0,0,0,0,0,1,4,0,1,0,0,0,1.4,0,0,"Mia","Home",103.5,"9/12/23",1
"Joshua Palmer","LAC","WR","L 24-27",5.1,0,0,0,0,0,0,3,13,0,5,0,0,0,4.3,0,0,"Ten","Away",88.5,"9/19/23",2
"Joshua Palmer","LAC","WR","W 28-24",6,0,0,0,0,0,0,4,66,1,7,0,1,0,14.6,0,0,"Min","Away",29,"9/26/23",3
"Joshua Palmer","LAC","WR","W 24-17",11.5,0,0,0,0,0,0,3,77,0,8,0,0,0,10.7,0,0,"LV","Home",35,"10/3/23",4
"Joshua Palmer","LAC","WR","L 17-20",11.6,0,0,0,0,0,0,4,60,0,7,0,0,0,10,0,0,"Dal","Home",38,"10/17/23",6
"Joshua Palmer","LAC","WR","L 17-31",11.9,0,0,0,0,0,0,5,133,0,7,0,0,0,18.3,0,0,"KC","Away",10,"10/24/23",7
"Joshua Palmer","LAC","WR","W 30-13",10.7,0,0,0,0,0,0,3,24,0,4,0,0,0,5.4,0,0,"Chi","Home",77.5,"10/31/23",8
"Joshua Palmer","LAC","WR","W 27-6",0,0,0,0,0,0,0,0,0,0,0,0,0,0,0,0,0,"NYJ","Away",126.5,"11/7/23",9
"Joshua Palmer","LAC","WR","L 21-63",8.5,0,0,0,0,0,0,4,113,1,4,0,0,0,21.3,0,0,"LV","Away",12,"12/19/23",15
"Joshua Palmer","LAC","WR","L 22-24",9.9,0,0,0,0,0,0,5,47,0,8,0,0,0,9.7,0,0,"Buf","Home",44,"12/26/23",16
"Joshua Palmer","LAC","WR","L 12-13",9.6,0,0,0,1,6,0,6,44,0,10,0,0,0,11,0,0,"KC","Home",36,"1/9/24",18
"Josiah Deguara","GB","TE","W 38-20",1.6,0,0,0,0,0,0,0,0,0,0,0,0,0,0,0,0,"Chi","Away",75,"9/12/23",1
"Josiah Deguara","GB","TE","L 24-25",0.9,0,0,0,0,0,0,2,5,0,2,0,0,0,2.5,0,0,"Atl","Away",47.5,"9/19/23",2
"Josiah Deguara","GB","TE","W 18-17",1.5,0,0,0,0,0,0,0,0,0,0,0,0,0,0,0,0,"NO","Home",79,"9/26/23",3
"Josiah Deguara","GB","TE","L 20-34",1.1,0,0,0,0,0,0,4,34,0,4,0,0,0,7.4,0,0,"Det","Home",21,"10/3/23",4
"Josiah Deguara","GB","TE","L 13-17",1.1,0,0,0,0,0,0,1,19,0,1,0,0,0,2.9,0,0,"LV","Away",44,"10/10/23",5
"Josiah Deguara","GB","TE","L 17-19",2.2,0,0,0,0,0,0,0,0,0,0,0,0,0,0,0,0,"Den","Away",62,"10/24/23",7
"Josiah Deguara","GB","TE","L 10-24",1.6,0,0,0,0,0,0,0,0,0,0,0,0,0,0,0,0,"Min","Home",73,"10/31/23",8
"Josiah Deguara","GB","TE","W 20-3",1,0,0,0,0,0,0,1,7,0,1,0,0,0,1.7,0,0,"LAR","Home",43,"11/7/23",9
"Josiah Deguara","GB","TE","L 19-23",1.5,0,0,0,0,0,0,0,0,0,0,0,0,0,0,0,0,"Pit","Away",69.5,"11/14/23",10
"Josiah Deguara","GB","TE","W 23-20",0.5,0,0,0,0,0,0,0,0,0,0,0,0,0,0,0,0,"LAC","Home",67,"11/21/23",11
"Josiah Deguara","GB","TE","L 22-24",1.7,0,0,0,0,0,0,0,0,0,0,0,0,0,0,0,0,"NYG","Away",73,"12/12/23",14
"Josiah Deguara","GB","TE","L 20-34",0,0,0,0,0,0,0,0,0,0,0,0,0,0,0,0,0,"TB","Home",81.5,"12/19/23",15
"Josiah Deguara","GB","TE","W 33-30",0,0,0,0,0,0,0,0,0,0,0,0,0,0,0,0,0,"Car","Away",78,"12/26/23",16
"Josiah Deguara","GB","TE","W 33-10",0,0,0,0,0,0,0,0,0,0,0,0,0,0,0,0,0,"Min","Away",76,"1/2/24",17
"Josiah Deguara","GB","TE","W 17-9",0,0,0,0,0,0,0,0,0,0,0,0,0,0,0,0,0,"Chi","Home",76.5,"1/9/24",18
"JuJu Smith-Schuster","NE","WR","L 20-25",10.8,0,0,0,0,0,0,4,33,0,7,0,0,0,7.3,0,0,"Phi","Home",54,"9/12/23",1
"JuJu Smith-Schuster","NE","WR","L 17-24",5.4,0,0,0,0,0,0,5,28,0,6,0,0,0,7.8,0,0,"Mia","Home",63,"9/19/23",2
"JuJu Smith-Schuster","NE","WR","W 15-10",7.9,0,0,0,0,0,0,1,5,0,3,0,0,0,1.5,0,0,"NYJ","Away",110.5,"9/26/23",3
"JuJu Smith-Schuster","NE","WR","L 3-38",8,0,0,0,0,0,0,1,14,0,5,0,0,0,2.4,0,0,"Dal","Away",102,"10/3/23",4
"JuJu Smith-Schuster","NE","WR","L 0-34",6.8,0,0,0,0,0,0,3,6,0,4,0,0,0,3.6,0,0,"NO","Home",70,"10/10/23",5
"JuJu Smith-Schuster","NE","WR","L 17-31",7.3,0,0,0,0,0,0,1,3,1,1,0,0,0,7.3,0,0,"Mia","Away",61.5,"10/31/23",8
"JuJu Smith-Schuster","NE","WR","L 17-20",7.8,0,0,0,0,0,0,6,51,0,7,0,0,0,11.1,0,0,"Wsh","Home",25,"11/7/23",9
"JuJu Smith-Schuster","NE","WR","L 6-10",7.4,0,0,0,0,0,0,1,9,0,1,0,0,0,1.9,0,0,"Ind","Home",93.5,"11/14/23",10
"JuJu Smith-Schuster","NE","WR","L 7-10",5.4,0,0,0,0,0,0,2,10,0,4,0,0,0,3,0,0,"NYG","Away",96,"11/28/23",12
"JuJu Smith-Schuster","NE","WR","L 0-6",7.3,0,0,0,0,0,0,1,11,0,3,0,0,0,2.1,0,0,"LAC","Home",76,"12/5/23",13
"JuJu Smith-Schuster","NE","WR","W 21-18",9,0,0,0,0,0,0,4,90,0,6,0,0,0,13,0,0,"Pit","Away",25,"12/12/23",14
"Julian Hill","Mia","TE","W 70-20",0,0,0,0,0,0,0,0,0,0,1,0,0,0,0,0,0,"Den","Home",79,"9/26/23",3
"Julian Hill","Mia","TE","L 20-48",0,0,0,0,0,0,0,0,0,0,0,0,0,0,0,0,0,"Buf","Away",79.5,"10/3/23",4
"Julian Hill","Mia","TE","W 31-16",0,0,0,0,0,0,0,0,0,0,0,0,0,0,0,0,0,"NYG","Home",71,"10/10/23",5
"Julian Hill","Mia","TE","W 42-21",0,0,0,0,0,0,0,0,0,0,0,0,0,0,0,0,0,"Car","Home",72,"10/17/23",6
"Julian Hill","Mia","TE","L 17-31",0.7,0,0,0,0,0,0,0,0,0,0,0,0,0,0,0,0,"Phi","Away",62,"10/24/23",7
"Julian Hill","Mia","TE","W 31-17",0.6,0,0,0,0,0,0,1,4,0,2,0,0,0,1.4,0,0,"NE","Home",48.5,"10/31/23",8
"Julian Hill","Mia","TE","L 14-21",0.6,0,0,0,0,0,0,0,0,0,0,0,0,0,0,0,0,"KC","Away",68,"11/7/23",9
"Julian Hill","Mia","TE","W 20-13",2.4,0,0,0,0,0,0,1,10,0,1,0,1,0,0,0,0,"LV","Home",67,"11/21/23",11
"Julian Hill","Mia","TE","W 34-13",0.6,0,0,0,0,0,0,0,0,0,0,0,0,0,0,0,0,"NYJ","Away",78,"11/28/23",12
"Julian Hill","Mia","TE","W 45-15",0.6,0,0,0,0,0,0,2,23,0,2,0,0,0,4.3,0,0,"Wsh","Away",25,"12/5/23",13
"Julian Hill","Mia","TE","L 27-28",1.2,0,0,0,0,0,0,0,0,0,0,0,0,0,0,0,0,"Ten","Home",73,"12/12/23",14
"Julian Hill","Mia","TE","W 30-0",1.7,0,0,0,0,0,0,0,0,0,0,0,0,0,0,0,0,"NYJ","Home",81.5,"12/19/23",15
"Julian Hill","Mia","TE","W 22-20",0.6,0,0,0,0,0,0,0,0,0,0,0,0,0,0,0,0,"Dal","Home",78,"12/26/23",16
"Julian Hill","Mia","TE","L 19-56",0,0,0,0,0,0,0,1,9,0,1,0,0,0,1.9,0,0,"Bal","Away",48.5,"1/2/24",17
"Julian Hill","Mia","TE","L 14-21",1.2,0,0,0,0,0,0,1,2,0,2,0,0,0,1.2,0,0,"Buf","Home",58,"1/9/24",18
"Julio Jones","Phi","WR","W 31-17",0,0,0,0,0,0,0,1,3,0,1,0,0,0,1.3,0,0,"Mia","Home",94.5,"10/24/23",7
"Julio Jones","Phi","WR","W 38-31",2.2,0,0,0,0,0,0,1,8,1,2,0,0,0,7.8,0,0,"Wsh","Away",59,"10/31/23",8
"Julio Jones","Phi","WR","W 28-23",2.3,0,0,0,0,0,0,0,0,0,0,0,0,0,0,0,0,"Dal","Home",126.5,"11/7/23",9
"Julio Jones","Phi","WR","W 21-17",4,0,0,0,0,0,0,2,5,0,2,0,0,0,2.5,0,0,"KC","Away",83,"11/21/23",11
"Julio Jones","Phi","WR","W 37-34",4.5,0,0,0,0,0,0,1,0,0,3,0,0,0,1,0,0,"Buf","Home",120.5,"11/28/23",12
"Julio Jones","Phi","WR","L 19-42",4.9,0,0,0,0,0,0,0,0,0,0,0,0,0,0,0,0,"SF","Home",113,"12/5/23",13
"Julio Jones","Phi","WR","L 13-33",0.6,0,0,0,0,0,0,0,0,0,0,0,0,0,0,0,0,"Dal","Away",134,"12/12/23",14
"Julio Jones","Phi","WR","L 17-20",0.5,0,0,0,0,0,0,1,6,0,1,0,0,0,1.6,0,0,"Sea","Away",103,"12/19/23",15
"Julio Jones","Phi","WR","W 33-25",1,0,0,0,0,0,0,1,5,0,4,0,0,0,1.5,0,0,"NYG","Home",113.5,"12/26/23",16
"Julio Jones","Phi","WR","L 31-35",2.1,0,0,0,0,0,0,2,34,2,2,0,0,0,17.4,0,0,"Ari","Home",15,"1/2/24",17
"Julio Jones","Phi","WR","L 10-27",5.6,0,0,0,0,0,0,2,13,0,4,0,0,0,3.3,0,0,"NYG","Away",84,"1/9/24",18
"Julius Chestnut","Ten","RB","L 15-16",2,0,0,0,0,0,0,0,0,0,0,0,0,0,0,0,0,"NO","Away",96,"9/12/23",1
"Julius Chestnut","Ten","RB","W 27-24",0.1,0,0,0,0,0,0,0,0,0,0,0,0,0,0,0,0,"LAC","Home",96,"9/19/23",2
"Julius Chestnut","Ten","RB","L 3-27",0.1,0,0,0,0,0,0,0,0,0,0,0,0,0,0,0,0,"Cle","Away",95.5,"9/26/23",3
"Justice Hill","Bal","RB","W 25-9",3.1,0,0,0,8,9,2,0,0,0,0,0,0,0,12.9,0,0,"Hou","Home",19,"9/12/23",1
"Justice Hill","Bal","RB","W 27-24",7.4,0,0,0,11,41,0,3,12,0,3,0,0,0,8.3,0,0,"Cin","Away",27.5,"9/19/23",2
"Justice Hill","Bal","RB","W 28-3",9.5,0,0,0,3,33,0,0,0,0,0,0,0,0,3.3,0,0,"Cle","Away",55,"10/3/23",4
"Justice Hill","Bal","RB","L 10-17",7,0,0,0,7,32,1,4,13,0,4,0,1,0,12.5,0,0,"Pit","Away",21,"10/10/23",5
"Justice Hill","Bal","RB","W 24-16",8.1,0,0,0,8,35,0,3,0,0,3,0,0,0,6.5,0,0,"Ten","Away",36,"10/17/23",6
"Justice Hill","Bal","RB","W 38-6",8.2,0,0,0,4,46,0,1,2,0,1,0,0,0,5.8,0,0,"Det","Home",36.5,"10/24/23",7
"Justice Hill","Bal","RB","W 31-24",8.7,0,0,0,4,15,0,4,40,0,4,0,0,0,9.5,0,0,"Ari","Away",26.5,"10/31/23",8
"Justice Hill","Bal","RB","W 37-3",6.2,0,0,0,13,40,0,0,0,0,1,0,0,0,4,0,0,"Sea","Home",45,"11/7/23",9
"Justice Hill","Bal","RB","L 31-33",5.7,0,0,0,2,7,0,0,0,0,0,0,0,0,0.7,0,0,"Cle","Home",63,"11/14/23",10
"Justice Hill","Bal","RB","W 34-20",3.2,0,0,0,1,1,0,1,6,0,1,0,0,0,1.7,0,0,"Cin","Home",60,"11/21/23",11
"Justice Hill","Bal","RB","W 20-10",3.9,0,0,0,5,31,0,0,0,0,1,0,0,0,3.1,0,0,"LAC","Away",53,"11/28/23",12
"Justice Hill","Bal","RB","W 37-31",4.1,0,0,0,0,0,0,1,12,0,2,0,0,0,2.2,0,0,"LAR","Home",56,"12/12/23",14
"Justice Hill","Bal","RB","W 23-7",3.5,0,0,0,5,23,0,0,0,0,1,0,0,0,2.3,0,0,"Jax","Away",62,"12/19/23",15
"Justice Hill","Bal","RB","W 33-19",7.7,0,0,0,10,26,0,3,31,0,3,0,0,0,8.7,0,0,"SF","Away",36,"12/26/23",16
"Justice Hill","Bal","RB","W 56-19",9.2,0,0,0,3,48,0,5,64,1,5,0,0,0,22.2,0,0,"Mia","Home",9,"1/2/24",17
"Justice Hill","Bal","RB","L 10-17",6.4,0,0,0,0,0,0,3,26,0,10,0,0,0,5.6,0,0,"Pit","Home",43,"1/9/24",18
"Justin Fields","Chi","QB","L 20-38",19.5,216,1,1,9,59,0,0,0,0,0,0,1,0,14.54,24,37,"GB","Home",16,"9/12/23",1
"Justin Fields","Chi","QB","L 17-27",19,211,1,2,4,3,1,0,0,0,0,0,0,0,14.74,16,29,"TB","Away",21.5,"9/19/23",2
"Justin Fields","Chi","QB","L 10-41",18.7,99,1,1,11,47,0,0,0,0,0,0,0,0,10.66,11,22,"KC","Away",24,"9/26/23",3
"Justin Fields","Chi","QB","L 28-31",20,335,4,1,4,25,0,0,0,0,0,0,1,0,27.9,28,35,"Den","Home",4,"10/3/23",4
"Justin Fields","Chi","QB","W 40-20",17.5,282,4,0,11,57,0,0,0,0,0,0,0,0,32.98,15,29,"Wsh","Away",1,"10/10/23",5
"Justin Fields","Chi","QB","L 13-19",20.3,58,0,1,8,46,0,0,0,0,0,0,0,0,4.92,6,10,"Min","Home",29,"10/17/23",6
"Justin Fields","Chi","QB","L 26-31",17.9,169,1,0,18,104,0,0,0,0,0,0,0,0,21.16,16,23,"Det","Away",8,"11/21/23",11
"Justin Fields","Chi","QB","W 12-10",17.4,217,0,0,12,59,0,0,0,0,0,0,2,0,10.58,27,37,"Min","Away",22,"11/28/23",12
"Justin Fields","Chi","QB","W 28-13",18.9,223,1,0,12,58,1,0,0,0,0,0,0,0,24.72,19,33,"Det","Home",3,"12/12/23",14
"Justin Fields","Chi","QB","L 17-20",18,166,1,2,7,30,0,0,0,0,0,0,0,0,9.64,19,40,"Cle","Away",27,"12/19/23",15
"Justin Fields","Chi","QB","W 27-16",20,170,1,1,9,97,1,0,0,0,0,0,0,0,24.5,15,27,"Ari","Home",4,"12/26/23",16
"Justin Fields","Chi","QB","W 37-17",16.8,268,1,0,11,45,1,0,0,0,0,0,0,0,25.22,20,32,"Atl","Home",3,"1/2/24",17
"Justin Fields","Chi","QB","L 9-17",19.2,148,0,0,8,27,0,0,0,0,0,0,0,0,8.62,11,16,"GB","Away",24,"1/9/24",18
"Justin Herbert","LAC","QB","L 34-36",16.9,229,1,0,5,17,1,0,0,0,0,0,0,0,20.86,23,33,"Mia","Home",5,"9/12/23",1
"Justin Herbert","LAC","QB","L 24-27",19,305,2,0,1,0,0,0,0,0,0,0,0,0,22.2,27,41,"Ten","Away",10,"9/19/23",2
"Justin Herbert","LAC","QB","W 28-24",20.2,405,3,0,2,11,0,0,0,0,0,0,0,0,29.3,40,47,"Min","Away",1,"9/26/23",3
"Justin Herbert","LAC","QB","W 24-17",21.9,167,1,1,12,27,2,0,0,0,0,0,0,0,23.38,13,24,"LV","Home",7,"10/3/23",4
"Justin Herbert","LAC","QB","L 17-20",18.6,227,2,1,6,20,0,1,10,0,1,0,0,0,19.08,22,37,"Dal","Home",5,"10/17/23",6
"Justin Herbert","LAC","QB","L 17-31",18.9,259,1,2,2,5,0,0,0,0,0,0,0,0,10.86,17,30,"KC","Away",21,"10/24/23",7
"Justin Herbert","LAC","QB","W 30-13",19.7,298,3,0,1,1,0,0,0,0,0,0,0,0,24.02,31,40,"Chi","Home",7,"10/31/23",8
"Justin Herbert","LAC","QB","W 27-6",18,136,0,0,3,17,0,0,0,0,0,0,0,0,7.14,16,30,"NYJ","Away",25,"11/7/23",9
"Justin Herbert","LAC","QB","L 38-41",18.9,323,4,1,4,15,0,0,0,0,0,0,0,0,28.42,27,40,"Det","Home",2,"11/14/23",10
"Justin Herbert","LAC","QB","L 20-23",18.7,260,2,0,8,73,0,0,0,0,0,0,0,0,25.7,21,36,"GB","Away",3,"11/21/23",11
"Justin Herbert","LAC","QB","L 10-20",18.6,217,1,1,4,47,0,0,0,0,0,0,1,0,13.38,29,44,"Bal","Home",16,"11/28/23",12
"Justin Herbert","LAC","QB","W 6-0",18.6,212,0,0,4,-5,0,0,0,0,0,0,0,0,7.98,22,37,"NE","Away",22,"12/5/23",13
"Justin Herbert","LAC","QB","L 7-24",19.1,96,0,1,0,0,0,0,0,0,0,0,0,0,1.84,9,17,"Den","Home",32,"12/12/23",14
"Justin Jefferson","Min","WR","L 17-20",20.1,0,0,0,0,0,0,9,150,0,12,0,0,0,24,0,0,"TB","Home",7,"9/12/23",1
"Justin Jefferson","Min","WR","L 28-34",22.1,0,0,0,0,0,0,11,159,0,13,0,1,0,24.9,0,0,"Phi","Away",8,"9/19/23",2
"Justin Jefferson","Min","WR","L 24-28",23.1,0,0,0,0,0,0,7,149,1,13,0,0,0,27.9,0,0,"LAC","Home",5,"9/26/23",3
"Justin Jefferson","Min","WR","W 21-13",22.1,0,0,0,0,0,0,6,85,2,9,0,0,0,26.5,0,0,"Car","Away",7,"10/3/23",4
"Justin Jefferson","Min","WR","L 20-27",23.1,0,0,0,0,0,0,3,28,0,6,0,0,0,5.8,0,0,"KC","Home",59,"10/10/23",5
"Justin Jefferson","Min","WR","W 3-0",16.1,0,0,0,0,0,0,2,27,0,3,0,0,0,4.7,0,0,"LV","Away",65,"12/12/23",14
"Justin Jefferson","Min","WR","L 24-27",18.9,0,0,0,0,0,0,7,84,0,10,0,0,0,15.4,0,1,"Cin","Away",22,"12/19/23",15
"Justin Jefferson","Min","WR","L 24-30",19.2,0,0,0,0,0,0,6,141,1,10,0,0,0,26.1,0,0,"Det","Home",7,"12/26/23",16
"Justin Jefferson","Min","WR","L 10-33",16.8,0,0,0,0,0,0,5,59,0,10,0,0,0,10.9,0,0,"GB","Home",34.5,"1/2/24",17
"Justin Jefferson","Min","WR","L 20-30",20.4,0,0,0,1,-12,0,12,192,1,14,0,0,0,36,0,0,"Det","Away",1,"1/9/24",18
"Justin Watson","KC","WR","L 20-21",2.8,0,0,0,0,0,0,2,45,0,4,0,0,0,6.5,0,0,"Det","Home",60.5,"9/12/23",1
"Justin Watson","KC","WR","W 17-9",1.4,0,0,0,0,0,0,3,62,0,5,0,1,0,7.2,0,0,"Jax","Away",66,"9/19/23",2
"Justin Watson","KC","WR","W 41-10",5.4,0,0,0,0,0,0,2,51,0,3,0,0,0,7.1,0,0,"Chi","Home",65,"9/26/23",3
"Justin Watson","KC","WR","W 23-20",5.8,0,0,0,0,0,0,1,5,0,1,0,0,0,1.5,0,0,"NYJ","Away",115.5,"10/3/23",4
"Justin Watson","KC","WR","W 27-20",4.5,0,0,0,0,0,0,2,56,0,3,0,0,0,7.6,0,0,"Min","Away",51,"10/10/23",5
"Justin Watson","KC","WR","W 19-8",5.4,0,0,0,0,0,0,0,0,0,1,0,0,0,0,0,0,"Den","Home",128,"10/17/23",6
"Justin Watson","KC","WR","L 9-24",3.5,0,0,0,0,0,0,2,42,0,3,0,0,0,6.2,0,0,"Den","Away",72.5,"10/31/23",8
"Justin Watson","KC","WR","W 21-14",4.9,0,0,0,0,0,0,2,15,0,5,0,0,0,3.5,0,0,"Mia","Home",76.5,"11/7/23",9
"Justin Watson","KC","WR","L 17-21",5.3,0,0,0,0,0,0,5,53,1,11,0,0,0,16.3,0,0,"Phi","Home",16.5,"11/21/23",11
"Justin Watson","KC","WR","W 31-17",7.7,0,0,0,0,0,0,1,3,1,3,0,0,0,7.3,0,0,"LV","Away",57,"11/28/23",12
"Justin Watson","KC","WR","L 19-27",7.5,0,0,0,0,0,0,0,0,0,0,0,0,0,0,0,0,"GB","Away",113,"12/5/23",13
"Justin Watson","KC","WR","L 17-20",5.5,0,0,0,0,0,0,1,18,0,1,0,0,0,2.8,0,0,"Buf","Home",88.5,"12/12/23",14
"Justin Watson","KC","WR","W 27-17",3.3,0,0,0,0,0,0,1,31,0,3,0,0,0,4.1,0,0,"NE","Away",78.5,"12/19/23",15
"Justin Watson","KC","WR","L 14-20",5.8,0,0,0,0,0,0,4,38,1,6,0,0,0,13.8,0,0,"LV","Home",29.5,"12/26/23",16
"Justin Watson","KC","WR","W 25-17",6.9,0,0,0,0,0,0,1,41,0,3,0,0,0,5.1,0,0,"Cin","Home",69,"1/2/24",17
"Justin Watson","KC","WR","W 13-12",5.2,0,0,0,0,0,0,0,0,0,1,0,0,0,0,0,0,"LAC","Away",142.5,"1/9/24",18
"Justyn Ross","KC","WR","L 20-21",3.6,0,0,0,0,0,0,1,6,0,1,0,0,0,1.6,0,0,"Det","Home",98.5,"9/12/23",1
"Justyn Ross","KC","WR","W 17-9",1.4,0,0,0,0,0,0,0,0,0,0,0,0,0,0,0,0,"Jax","Away",145,"9/19/23",2
"Justyn Ross","KC","WR","W 41-10",2,0,0,0,0,0,0,0,0,0,1,0,0,0,0,0,0,"Chi","Home",141,"9/26/23",3
"Justyn Ross","KC","WR","W 23-20",1.9,0,0,0,0,0,0,0,0,0,0,0,0,0,0,0,0,"NYJ","Away",143,"10/3/23",4
"Justyn Ross","KC","WR","W 27-20",0.6,0,0,0,0,0,0,2,28,0,4,0,0,0,4.8,0,0,"Min","Away",62.5,"10/10/23",5
"Justyn Ross","KC","WR","W 19-8",1.3,0,0,0,0,0,0,0,0,0,0,0,0,0,0,0,0,"Den","Home",128,"10/17/23",6
"Justyn Ross","KC","WR","W 31-17",3.9,0,0,0,0,0,0,0,0,0,0,0,0,0,0,0,0,"LAC","Home",116,"10/24/23",7
"Justyn Ross","KC","WR","L 14-20",0,0,0,0,0,0,0,1,2,0,1,0,0,0,1.2,0,0,"LV","Home",117.5,"12/26/23",16
"Justyn Ross","KC","WR","W 25-17",0,0,0,0,0,0,0,0,0,0,0,0,0,0,0,0,0,"Cin","Home",137.5,"1/2/24",17
"Justyn Ross","KC","WR","W 13-12",6.7,0,0,0,0,0,0,2,17,0,4,0,0,0,3.7,0,0,"LAC","Away",77.5,"1/9/24",18
"Juwan Johnson","NO","TE","W 16-15",8,0,0,0,0,0,0,3,36,0,5,0,0,0,6.6,0,0,"Ten","Home",19.5,"9/12/23",1
"Juwan Johnson","NO","TE","W 20-17",7.5,0,0,0,0,0,0,2,13,0,3,0,0,0,3.3,0,0,"Car","Away",44.5,"9/19/23",2
"Juwan Johnson","NO","TE","L 17-18",7,0,0,0,0,0,0,2,12,0,4,0,0,0,3.2,0,0,"GB","Away",30.5,"9/26/23",3
"Juwan Johnson","NO","TE","W 38-27",6.5,0,0,0,0,0,0,1,5,0,2,0,0,0,1.5,0,0,"Ind","Away",46,"10/31/23",8
"Juwan Johnson","NO","TE","W 24-17",5.8,0,0,0,0,0,0,5,29,1,5,0,0,0,13.9,0,0,"Chi","Home",11,"11/7/23",9
"Juwan Johnson","NO","TE","L 19-27",7.1,0,0,0,0,0,0,1,2,0,3,0,0,0,1.2,0,0,"Min","Away",50,"11/14/23",10
"Juwan Johnson","NO","TE","L 15-24",6.6,0,0,0,0,0,0,4,45,0,7,0,0,0,8.5,0,0,"Atl","Away",14.5,"11/28/23",12
"Juwan Johnson","NO","TE","L 28-33",8.6,0,0,0,0,0,0,0,0,0,3,0,0,0,0,0,0,"Det","Home",66,"12/5/23",13
"Juwan Johnson","NO","TE","W 28-6",6.9,0,0,0,0,0,0,2,10,0,3,0,0,0,3,0,0,"Car","Home",38,"12/12/23",14
"Juwan Johnson","NO","TE","W 24-6",5.2,0,0,0,0,0,0,2,38,1,2,0,0,0,11.8,0,0,"NYG","Home",11,"12/19/23",15
"Juwan Johnson","NO","TE","L 22-30",3.9,0,0,0,0,0,0,4,48,1,7,0,0,0,14.8,0,0,"LAR","Away",5,"12/26/23",16
"Juwan Johnson","NO","TE","W 23-13",7,0,0,0,0,0,0,8,90,1,12,0,0,0,23,0,0,"TB","Away",1,"1/2/24",17
"Juwan Johnson","NO","TE","W 48-17",8.5,0,0,0,0,0,0,3,40,0,3,0,0,0,7,0,0,"Atl","Home",17,"1/9/24",18
"Juwann Winfree","Ind","WR","L 21-31",0,0,0,0,0,0,0,0,0,0,0,0,0,0,0,0,0,"Jax","Home",135,"9/12/23",1
"Juwann Winfree","Ind","WR","W 31-20",0,0,0,0,0,0,0,0,0,0,0,0,0,0,0,0,0,"Hou","Away",145,"9/19/23",2
"Juwann Winfree","Ind","WR","W 22-19",0,0,0,0,0,0,0,0,0,0,0,0,0,0,0,0,0,"Bal","Away",141,"9/26/23",3
"Juwann Winfree","Ind","WR","L 38-39",0.9,0,0,0,0,0,0,0,0,0,0,0,0,0,0,0,0,"Cle","Home",116,"10/24/23",7
"Juwann Winfree","Ind","WR","L 27-38",0,0,0,0,0,0,0,0,0,0,1,0,0,0,0,0,0,"NO","Home",138,"10/31/23",8
"Juwann Winfree","Ind","WR","W 27-13",0.2,0,0,0,0,0,0,0,0,0,0,0,0,0,0,0,0,"Car","Away",126.5,"11/7/23",9
"Juwann Winfree","Ind","WR","W 10-6",0,0,0,0,0,0,0,0,0,0,0,0,0,0,0,0,0,"NE","Away",123.5,"11/14/23",10
"Juwann Winfree","Ind","WR","L 19-23",0,0,0,0,0,0,0,0,0,0,0,0,0,0,0,0,0,"Hou","Home",142.5,"1/9/24",18
"K.J. Osborn","Min","WR","L 17-20",7.9,0,0,0,0,0,0,3,31,0,6,0,0,0,6.1,0,0,"TB","Home",64.5,"9/12/23",1
"K.J. Osborn","Min","WR","L 28-34",8.6,0,0,0,0,0,0,3,34,1,6,0,0,0,12.4,0,0,"Phi","Away",43.5,"9/19/23",2
"K.J. Osborn","Min","WR","L 24-28",8.4,0,0,0,0,0,0,1,36,1,3,0,0,0,10.6,0,0,"LAC","Home",42.5,"9/26/23",3
"K.J. Osborn","Min","WR","W 21-13",6.1,0,0,0,0,0,0,1,16,0,2,0,0,0,2.6,0,0,"Car","Away",99,"10/3/23",4
"K.J. Osborn","Min","WR","L 20-27",6.8,0,0,0,0,0,0,5,49,0,9,0,0,0,9.9,0,0,"KC","Home",34.5,"10/10/23",5
"K.J. Osborn","Min","WR","W 19-13",12.9,0,0,0,0,0,0,4,48,0,5,0,0,0,8.8,0,0,"Chi","Away",44.5,"10/17/23",6
"K.J. Osborn","Min","WR","W 22-17",12.1,0,0,0,0,0,0,5,47,0,6,0,0,0,9.7,0,0,"SF","Home",40,"10/24/23",7
"K.J. Osborn","Min","WR","W 24-10",11.2,0,0,0,0,0,0,8,99,0,10,0,0,0,17.9,0,0,"GB","Away",15,"10/31/23",8
"K.J. Osborn","Min","WR","W 31-28",8.9,0,0,0,0,0,0,2,17,0,2,0,0,0,3.7,0,0,"Atl","Away",73,"11/7/23",9
"K.J. Osborn","Min","WR","L 20-21",9,0,0,0,0,0,0,1,7,0,2,0,0,0,1.7,0,0,"Den","Away",94.5,"11/21/23",11
"K.J. Osborn","Min","WR","L 10-12",7.7,0,0,0,0,0,0,3,34,0,4,0,0,0,6.4,0,0,"Chi","Home",67.5,"11/28/23",12
"K.J. Osborn","Min","WR","W 3-0",3.3,0,0,0,0,0,0,4,15,0,7,0,0,0,5.5,0,0,"LV","Away",60,"12/12/23",14
"K.J. Osborn","Min","WR","L 24-27",6.1,0,0,0,0,0,0,1,3,0,2,0,0,0,1.3,0,0,"Cin","Away",110,"12/19/23",15
"K.J. Osborn","Min","WR","L 24-30",6.1,0,0,0,0,0,0,5,95,1,7,0,0,0,20.5,0,0,"Det","Home",14,"12/26/23",16
"K.J. Osborn","Min","WR","L 10-33",6.7,0,0,0,0,0,0,0,0,0,0,0,0,0,0,0,0,"GB","Home",137.5,"1/2/24",17
"K.J. Osborn","Min","WR","L 20-30",6.9,0,0,0,0,0,0,2,9,0,4,0,0,0,2.9,0,0,"Det","Away",88.5,"1/9/24",18
"KaVontae Turpin","Dal","WR","W 40-0",1,0,0,0,3,14,1,2,11,0,3,0,0,0,10.5,0,0,"NYG","Away",39,"9/12/23",1
"KaVontae Turpin","Dal","WR","W 30-10",3.1,0,0,0,2,6,0,1,9,0,1,0,0,0,2.5,0,0,"NYJ","Home",98.5,"9/19/23",2
"KaVontae Turpin","Dal","WR","L 16-28",2,0,0,0,0,0,0,0,0,0,0,0,0,0,0,0,0,"Ari","Away",141,"9/26/23",3
"KaVontae Turpin","Dal","WR","W 38-3",1.4,0,0,0,1,46,0,1,5,0,1,0,0,0,6.1,0,0,"NE","Home",61,"10/3/23",4
"KaVontae Turpin","Dal","WR","L 10-42",1.4,0,0,0,0,0,0,1,26,1,1,0,0,0,9.6,0,0,"SF","Away",38,"10/10/23",5
"KaVontae Turpin","Dal","WR","W 20-17",0,0,0,0,0,0,0,0,0,0,0,0,0,0,0,0,0,"LAC","Away",128,"10/17/23",6
"KaVontae Turpin","Dal","WR","W 43-20",1.7,0,0,0,0,0,0,1,13,0,2,0,0,0,2.3,0,0,"LAR","Home",98,"10/31/23",8
"KaVontae Turpin","Dal","WR","L 23-28",1.5,0,0,0,1,0,0,1,5,1,1,0,0,0,7.5,0,0,"Phi","Away",44,"11/7/23",9
"KaVontae Turpin","Dal","WR","W 33-10",2.5,0,0,0,1,13,0,2,10,0,3,0,0,0,4.3,0,0,"Car","Away",69,"11/21/23",11
"KaVontae Turpin","Dal","WR","W 45-10",2.6,0,0,0,0,0,0,1,34,1,1,0,0,0,10.4,0,0,"Wsh","Home",37,"11/28/23",12
"KaVontae Turpin","Dal","WR","W 41-35",3.3,0,0,0,0,0,0,1,10,0,3,0,0,0,2,0,0,"Sea","Home",78.5,"12/5/23",13
"KaVontae Turpin","Dal","WR","W 33-13",4.2,0,0,0,1,22,0,0,0,0,1,0,0,0,2.2,0,0,"Phi","Home",93,"12/12/23",14
"KaVontae Turpin","Dal","WR","L 10-31",3.5,0,0,0,0,0,0,0,0,0,0,0,0,0,0,0,0,"Buf","Away",140,"12/19/23",15
"KaVontae Turpin","Dal","WR","L 20-22",1.8,0,0,0,1,4,0,1,4,0,1,0,0,0,1.8,0,0,"Mia","Away",106,"12/26/23",16
"KaVontae Turpin","Dal","WR","W 20-19",2.2,0,0,0,0,0,0,0,0,0,0,0,0,0,0,0,0,"Det","Home",137.5,"1/2/24",17
"KaVontae Turpin","Dal","WR","W 38-10",1.3,0,0,0,1,5,0,0,0,0,0,0,0,0,0.5,0,0,"Wsh","Away",120,"1/9/24",18
"Kadarius Toney","KC","WR","L 20-21",10.5,0,0,0,1,-1,0,1,1,0,5,0,0,0,1,0,0,"Det","Home",106,"9/12/23",1
"Kadarius Toney","KC","WR","W 17-9",7.4,0,0,0,1,3,0,5,35,0,5,0,0,0,8.8,0,0,"Jax","Away",57,"9/19/23",2
"Kadarius Toney","KC","WR","W 41-10",9.1,0,0,0,0,0,0,1,-1,0,1,0,0,0,0.9,0,0,"Chi","Home",116,"9/26/23",3
"Kadarius Toney","KC","WR","W 23-20",7.7,0,0,0,0,0,0,2,22,0,2,0,0,0,4.2,0,0,"NYJ","Away",79.5,"10/3/23",4
"Kadarius Toney","KC","WR","W 27-20",6.3,0,0,0,1,1,0,5,26,0,6,0,0,0,7.7,0,0,"Min","Away",50,"10/10/23",5
"Kadarius Toney","KC","WR","W 19-8",8.8,0,0,0,2,-5,0,3,9,1,6,0,0,0,9.4,0,1,"Den","Home",40.5,"10/17/23",6
"Kadarius Toney","KC","WR","W 31-17",8.9,0,0,0,0,0,0,1,13,0,1,0,0,0,2.3,0,0,"LAC","Home",81,"10/24/23",7
"Kadarius Toney","KC","WR","L 9-24",6.9,0,0,0,1,-3,0,1,4,0,1,0,0,0,1.1,0,0,"Den","Away",109,"10/31/23",8
"Kadarius Toney","KC","WR","W 21-14",3.1,0,0,0,0,0,0,1,18,0,1,0,0,0,2.8,0,0,"Mia","Home",82,"11/7/23",9
"Kadarius Toney","KC","WR","L 17-21",3,0,0,0,2,14,0,2,12,0,2,0,0,0,4.6,0,0,"Phi","Home",66,"11/21/23",11
"Kadarius Toney","KC","WR","L 19-27",4.3,0,0,0,1,6,0,0,0,0,0,0,0,0,0.6,0,0,"GB","Away",90,"12/5/23",13
"Kadarius Toney","KC","WR","L 17-20",4.6,0,0,0,2,16,0,3,25,0,4,0,0,0,7.1,0,0,"Buf","Home",48,"12/12/23",14
"Kadarius Toney","KC","WR","W 27-17",4.3,0,0,0,0,0,0,2,5,0,4,0,0,0,2.5,0,0,"NE","Away",91,"12/19/23",15
"Kalif Raymond","Det","WR","W 21-20",5.3,0,0,0,0,0,0,1,20,0,1,0,0,0,3,0,0,"KC","Away",88.5,"9/12/23",1
"Kalif Raymond","Det","WR","L 31-37",3.8,0,0,0,1,11,0,2,46,1,3,0,0,0,13.7,0,0,"Sea","Home",36,"9/19/23",2
"Kalif Raymond","Det","WR","W 20-6",3.3,0,0,0,0,0,0,4,55,0,6,0,0,0,9.5,0,0,"Atl","Home",49,"9/26/23",3
"Kalif Raymond","Det","WR","W 34-20",5.7,0,0,0,1,40,0,1,-2,0,1,0,0,0,4.8,0,0,"GB","Away",73,"10/3/23",4
"Kalif Raymond","Det","WR","W 42-24",7.8,0,0,0,0,0,0,3,45,0,3,0,0,0,7.5,0,0,"Car","Home",52,"10/10/23",5
"Kalif Raymond","Det","WR","W 20-6",3,0,0,0,1,3,0,3,23,0,3,0,0,0,5.6,0,0,"TB","Away",62.5,"10/17/23",6
"Kalif Raymond","Det","WR","L 6-38",4.6,0,0,0,0,0,0,2,20,0,2,0,0,0,4,0,0,"Bal","Away",65.5,"10/24/23",7
"Kalif Raymond","Det","WR","W 26-14",3.6,0,0,0,1,-2,0,2,24,0,4,0,0,0,4.2,0,0,"LV","Home",87,"10/31/23",8
"Kalif Raymond","Det","WR","W 41-38",5.5,0,0,0,0,0,0,2,46,0,4,0,0,0,6.6,0,0,"LAC","Away",50.5,"11/14/23",10
"Kalif Raymond","Det","WR","W 31-26",4.1,0,0,0,0,0,0,1,5,0,2,0,0,0,1.5,0,0,"Chi","Home",100,"11/21/23",11
"Kalif Raymond","Det","WR","L 22-29",3.9,0,0,0,1,6,0,5,90,0,5,0,0,0,14.6,0,0,"GB","Home",28,"11/28/23",12
"Kalif Raymond","Det","WR","W 33-28",5.8,0,0,0,1,9,0,0,0,0,0,0,0,0,0.9,0,0,"NO","Away",88.5,"12/5/23",13
"Kalif Raymond","Det","WR","L 13-28",4.5,0,0,0,0,0,0,3,15,0,4,0,0,0,4.5,0,0,"Chi","Away",68,"12/12/23",14
"Kalif Raymond","Det","WR","W 42-17",4.1,0,0,0,0,0,0,1,12,0,1,0,0,0,2.2,0,0,"Den","Home",96.5,"12/19/23",15
"Kalif Raymond","Det","WR","W 30-24",3.2,0,0,0,1,8,0,2,29,0,2,0,0,0,5.7,0,0,"Min","Away",71,"12/26/23",16
"Kalif Raymond","Det","WR","L 19-20",2.8,0,0,0,0,0,0,1,11,0,1,0,0,0,2.1,0,0,"Dal","Away",91.5,"1/2/24",17
"Kalif Raymond","Det","WR","W 30-20",7.3,0,0,0,0,0,0,2,50,0,2,0,0,0,7,0,0,"Min","Home",53,"1/9/24",18
"Kareem Hunt","Cle","RB","W 27-3",4.5,0,0,0,5,13,0,2,22,0,3,0,0,0,5.5,0,0,"Ten","Home",46.5,"9/26/23",3
"Kareem Hunt","Cle","RB","L 3-28",5.4,0,0,0,5,12,0,0,0,0,0,0,0,0,1.2,0,0,"Bal","Home",72,"10/3/23",4
"Kareem Hunt","Cle","RB","W 19-17",4.9,0,0,0,12,47,1,3,24,0,3,0,0,0,16.1,0,0,"SF","Home",12,"10/17/23",6
"Kareem Hunt","Cle","RB","W 39-38",8,0,0,0,10,31,2,0,0,0,1,0,0,0,15.1,0,0,"Ind","Away",14,"10/24/23",7
"Kareem Hunt","Cle","RB","L 20-24",6.9,0,0,0,14,55,1,1,12,0,1,0,0,0,13.7,0,0,"Sea","Away",16,"10/31/23",8
"Kareem Hunt","Cle","RB","W 27-0",8.2,0,0,0,14,38,1,0,0,0,1,0,0,0,9.8,0,0,"Ari","Home",24,"11/7/23",9
"Kareem Hunt","Cle","RB","W 33-31",7.2,0,0,0,10,32,1,0,0,0,0,0,0,0,9.2,0,0,"Bal","Away",33,"11/14/23",10
"Kareem Hunt","Cle","RB","W 13-10",9.3,0,0,0,12,36,0,3,1,0,3,0,0,0,6.7,0,0,"Pit","Home",32,"11/21/23",11
"Kareem Hunt","Cle","RB","L 12-29",9.5,0,0,0,7,22,0,0,0,0,0,0,0,0,2.2,0,0,"Den","Away",61,"11/28/23",12
"Kareem Hunt","Cle","RB","L 19-36",8.4,0,0,0,12,48,0,1,0,0,1,0,0,0,5.8,0,0,"LAR","Away",31,"12/5/23",13
"Kareem Hunt","Cle","RB","W 31-27",8.2,0,0,0,10,27,1,1,3,0,1,0,0,0,10,0,0,"Jax","Home",27,"12/12/23",14
"Kareem Hunt","Cle","RB","W 20-17",7.1,0,0,0,7,8,0,1,12,0,1,0,0,0,3,0,0,"Chi","Home",60,"12/19/23",15
"Kareem Hunt","Cle","RB","W 36-22",5.4,0,0,0,7,11,1,2,5,0,4,0,0,0,9.6,0,0,"Hou","Away",32,"12/26/23",16
"Kareem Hunt","Cle","RB","W 37-20",7.5,0,0,0,10,31,1,0,0,0,1,0,0,0,9.1,0,0,"NYJ","Home",33.5,"1/2/24",17
"Kareem Hunt","Cle","RB","L 14-31",5,0,0,0,0,0,0,1,5,0,1,0,0,0,1.5,0,0,"Cin","Away",65,"1/9/24",18
"Kayshon Boutte","NE","WR","L 20-25",4,0,0,0,0,0,0,0,0,0,4,0,0,0,0,0,0,"Phi","Home",135,"9/12/23",1
"Kayshon Boutte","NE","WR","L 6-10",1.6,0,0,0,0,0,0,1,11,0,1,0,0,0,2.1,0,0,"Ind","Home",90,"11/14/23",10
"Kayshon Boutte","NE","WR","L 7-10",3.4,0,0,0,0,0,0,1,8,0,2,0,0,0,1.8,0,0,"NYG","Away",107.5,"11/28/23",12
"Kayshon Boutte","NE","WR","W 26-23",0,0,0,0,0,0,0,0,0,0,0,0,0,0,0,0,0,"Den","Away",144.5,"12/26/23",16
"Kayshon Boutte","NE","WR","L 3-17",4.2,0,0,0,0,0,0,0,0,0,0,0,0,0,0,0,0,"NYJ","Home",142.5,"1/9/24",18
"Ke'Shawn Vaughn","TB","RB","L 11-25",1.4,0,0,0,0,0,0,0,0,0,0,0,0,0,0,0,0,"Phi","Home",95.5,"9/26/23",3
"Ke'Shawn Vaughn","TB","RB","W 26-9",0,0,0,0,9,16,0,1,3,0,1,0,0,0,2.9,0,0,"NO","Away",58,"10/3/23",4
"Ke'Shawn Vaughn","TB","RB","L 6-20",5.2,0,0,0,6,9,0,0,0,0,2,0,0,0,0.9,0,0,"Det","Home",76.5,"10/17/23",6
"Ke'Shawn Vaughn","TB","RB","L 13-16",5.8,0,0,0,4,7,0,0,0,0,1,0,0,0,0.7,0,0,"Atl","Home",58,"10/24/23",7
"Ke'Shawn Vaughn","TB","RB","L 18-24",4.4,0,0,0,1,1,0,0,0,0,0,0,0,0,0.1,0,0,"Buf","Away",82,"10/31/23",8
"Ke'Shawn Vaughn","TB","RB","L 37-39",0.8,0,0,0,4,9,0,1,-1,0,1,0,0,0,1.8,0,0,"Hou","Away",59.5,"11/7/23",9
"Keaontay Ingram","Ari","RB","L 16-20",3.7,0,0,0,5,-4,0,0,0,0,0,0,0,0,-0.4,0,0,"Wsh","Away",110.5,"9/12/23",1
"Keaontay Ingram","Ari","RB","L 28-31",4,0,0,0,2,6,0,0,0,0,0,0,0,0,0.6,0,0,"NYG","Home",71,"9/19/23",2
"Keaontay Ingram","Ari","RB","W 28-16",2.4,0,0,0,5,13,0,1,8,0,1,0,0,0,3.1,0,0,"Dal","Home",61.5,"9/26/23",3
"Keaontay Ingram","Ari","RB","L 9-26",8,0,0,0,10,40,0,2,11,0,2,0,0,0,7.1,0,0,"LAR","Away",33.5,"10/17/23",6
"Keaontay Ingram","Ari","RB","L 10-20",8.1,0,0,0,0,0,0,0,0,0,0,0,0,0,0,0,0,"Sea","Away",76,"10/24/23",7
"Keaontay Ingram","Ari","RB","L 24-31",0,0,0,0,2,9,0,1,7,0,1,0,0,0,2.6,0,0,"Bal","Home",63.5,"10/31/23",8
"Keaontay Ingram","Ari","RB","L 0-27",9.4,0,0,0,9,8,0,0,0,0,0,0,0,0,0.8,0,0,"Cle","Away",68,"11/7/23",9
"Keaontay Ingram","Ari","RB","W 25-23",5.8,0,0,0,2,2,0,0,0,0,0,0,0,0,0.2,0,0,"Atl","Home",69,"11/14/23",10
"Kearis Jackson","Ten","WR","L 15-16",0.5,0,0,0,0,0,0,0,0,0,0,0,0,0,0,0,0,"NO","Away",135,"9/12/23",1
"Kearis Jackson","Ten","WR","W 27-24",0.1,0,0,0,0,0,0,0,0,0,0,0,0,0,0,0,0,"LAC","Home",145,"9/19/23",2
"Keaton Mitchell","Bal","RB","W 24-16",1.3,0,0,0,0,0,0,0,0,0,0,0,0,0,0,0,0,"Ten","Away",93,"10/17/23",6
"Keaton Mitchell","Bal","RB","W 38-6",0,0,0,0,0,0,0,1,9,0,1,0,0,0,1.9,0,0,"Det","Home",51.5,"10/24/23",7
"Keaton Mitchell","Bal","RB","W 37-3",0,0,0,0,9,138,1,1,-4,0,1,0,0,0,20.4,0,0,"Sea","Home",5,"11/7/23",9
"Keaton Mitchell","Bal","RB","L 31-33",2.6,0,0,0,3,34,1,1,32,0,2,0,0,0,13.6,0,0,"Cle","Home",19,"11/14/23",10
"Keaton Mitchell","Bal","RB","W 34-20",6.7,0,0,0,8,33,0,1,8,0,1,0,0,0,5.1,0,0,"Cin","Home",39,"11/21/23",11
"Keaton Mitchell","Bal","RB","W 20-10",7.6,0,0,0,9,64,0,2,25,0,2,0,0,0,10.9,0,0,"LAC","Away",26,"11/28/23",12
"Keaton Mitchell","Bal","RB","W 37-31",7.9,0,0,0,9,54,0,1,8,0,2,0,0,0,7.2,0,0,"LAR","Home",40,"12/12/23",14
"Keaton Mitchell","Bal","RB","W 23-7",9.5,0,0,0,9,73,0,2,15,0,2,0,0,0,10.8,0,0,"Jax","Away",22,"12/19/23",15
"Keelan Doss","LAC","WR","W 24-17",0,0,0,0,0,0,0,0,0,0,0,0,0,0,0,0,0,"LV","Home",143,"10/3/23",4
"Keelan Doss","LAC","WR","L 17-20",0,0,0,0,0,0,0,0,0,0,0,0,0,0,0,0,0,"Dal","Home",128,"10/17/23",6
"Keelan Doss","LAC","WR","L 17-31",0,0,0,0,0,0,0,0,0,0,0,0,0,0,0,0,0,"KC","Away",116,"10/24/23",7
"Keelan Doss","LAC","WR","L 9-16",0,0,0,0,0,0,0,5,25,0,8,0,0,0,7.5,0,0,"Den","Away",51,"1/2/24",17
"Keelan Doss","LAC","WR","L 12-13",2.8,0,0,0,0,0,0,1,8,0,5,0,0,0,1.8,0,0,"KC","Home",100,"1/9/24",18
"Keenan Allen","LAC","WR","L 34-36",14.1,0,0,0,2,6,0,6,76,0,9,0,0,0,14.2,0,0,"Mia","Home",23,"9/12/23",1
"Keenan Allen","LAC","WR","L 24-27",15.2,0,0,0,0,0,0,8,111,2,10,0,0,0,31.1,0,0,"Ten","Away",1,"9/19/23",2
"Keenan Allen","LAC","WR","W 28-24",16.2,49,1,0,0,0,0,18,215,0,20,0,0,0,45.46,1,1,"Min","Away",1,"9/26/23",3
"Keenan Allen","LAC","WR","W 24-17",19.8,0,0,0,0,0,0,3,32,1,5,0,0,0,12.2,0,0,"LV","Home",30,"10/3/23",4
"Keenan Allen","LAC","WR","L 17-20",17.7,0,0,0,0,0,0,7,85,1,11,0,0,0,21.5,0,0,"Dal","Home",5.5,"10/17/23",6
"Keenan Allen","LAC","WR","L 17-31",19,0,0,0,0,0,0,4,55,0,9,0,0,0,9.5,0,0,"KC","Away",41.5,"10/24/23",7
"Keenan Allen","LAC","WR","W 30-13",18,0,0,0,0,0,0,8,69,0,10,0,0,0,14.9,0,0,"Chi","Home",26.5,"10/31/23",8
"Keenan Allen","LAC","WR","W 27-6",17.6,0,0,0,0,0,0,8,77,0,9,0,0,0,15.7,0,0,"NYJ","Away",11,"11/7/23",9
"Keenan Allen","LAC","WR","L 38-41",18.8,0,0,0,0,0,0,11,175,2,14,0,0,0,40.5,0,0,"Det","Home",1,"11/14/23",10
"Keenan Allen","LAC","WR","L 20-23",18.5,0,0,0,0,0,0,10,116,1,16,0,0,0,27.6,0,0,"GB","Away",4,"11/21/23",11
"Keenan Allen","LAC","WR","L 10-20",20.4,0,0,0,0,0,0,14,106,0,16,0,1,0,22.6,0,0,"Bal","Home",7,"11/28/23",12
"Keenan Allen","LAC","WR","W 6-0",20.1,0,0,0,0,0,0,5,58,0,9,0,0,0,10.8,0,0,"NE","Away",33,"12/5/23",13
"Keenan Allen","LAC","WR","L 7-24",20.1,0,0,0,0,0,0,6,68,0,12,0,0,0,12.8,0,1,"Den","Home",26.5,"12/12/23",14
"Keith Kirkwood","NO","WR","W 16-15",1,0,0,0,0,0,0,0,0,0,1,0,0,0,0,0,0,"Ten","Home",135,"9/12/23",1
"Keith Kirkwood","NO","WR","W 20-17",0.5,0,0,0,0,0,0,0,0,0,1,0,0,0,0,0,0,"Car","Away",145,"9/19/23",2
"Keith Kirkwood","NO","WR","L 17-18",1.1,0,0,0,0,0,0,0,0,0,1,0,0,0,0,0,0,"GB","Away",141,"9/26/23",3
"Keith Kirkwood","NO","WR","L 9-26",1.1,0,0,0,0,0,0,0,0,0,0,0,0,0,0,0,0,"TB","Home",143,"10/3/23",4
"Keith Kirkwood","NO","WR","W 34-0",0.5,0,0,0,0,0,0,1,1,0,1,0,0,0,1.1,0,0,"NE","Away",103.5,"10/10/23",5
"Keith Kirkwood","NO","WR","L 13-20",1.1,0,0,0,0,0,0,0,0,0,0,0,0,0,0,0,0,"Hou","Away",128,"10/17/23",6
"Keith Kirkwood","NO","WR","L 24-31",0.6,0,0,0,0,0,0,0,0,0,0,0,0,0,0,0,0,"Jax","Home",116,"10/24/23",7
"Keith Kirkwood","NO","WR","L 15-24",0,0,0,0,0,0,0,2,20,0,3,0,0,0,4,0,0,"Atl","Away",85,"11/28/23",12
"Keith Kirkwood","NO","WR","L 28-33",4.3,0,0,0,0,0,0,0,0,0,0,0,0,0,0,0,0,"Det","Home",113,"12/5/23",13
"Keith Kirkwood","NO","WR","W 28-6",3.2,0,0,0,0,0,0,0,0,0,0,0,0,0,0,0,0,"Car","Home",134,"12/12/23",14
"Keith Kirkwood","NO","WR","W 24-6",3.1,0,0,0,0,0,0,1,7,1,1,0,0,0,7.7,0,0,"NYG","Home",49.5,"12/19/23",15
"Keith Kirkwood","NO","WR","L 22-30",0,0,0,0,0,0,0,1,9,0,1,0,0,0,1.9,0,0,"LAR","Away",103,"12/26/23",16
"Keith Kirkwood","NO","WR","W 23-13",0.6,0,0,0,0,0,0,0,0,0,0,0,0,0,0,0,0,"TB","Away",137.5,"1/2/24",17
"Keith Smith","Atl","RB","W 24-10",0.5,0,0,0,0,0,0,0,0,0,0,0,0,0,0,0,0,"Car","Home",96,"9/12/23",1
"Keith Smith","Atl","RB","W 25-24",0.5,0,0,0,0,0,0,0,0,0,0,0,0,0,0,0,0,"GB","Home",96,"9/19/23",2
"Keith Smith","Atl","RB","L 6-20",0,0,0,0,0,0,0,0,0,0,0,0,0,0,0,0,0,"Det","Away",95.5,"9/26/23",3
"Keith Smith","Atl","RB","L 7-23",0,0,0,0,0,0,0,0,0,0,0,0,0,0,0,0,0,"Jax","Away",93.5,"10/3/23",4
"Keith Smith","Atl","RB","W 21-19",0,0,0,0,0,0,0,1,28,0,1,0,0,0,3.8,0,0,"Hou","Home",43.5,"10/10/23",5
"Keith Smith","Atl","RB","L 16-24",0,0,0,0,0,0,0,0,0,0,0,0,0,0,0,0,0,"Wsh","Home",93,"10/17/23",6
"Keith Smith","Atl","RB","W 16-13",0,0,0,0,0,0,0,1,-1,0,1,0,0,0,0.9,0,0,"TB","Away",57,"10/24/23",7
"Keith Smith","Atl","RB","L 23-28",0,0,0,0,0,0,0,0,0,0,0,0,0,0,0,0,0,"Ten","Away",97,"10/31/23",8
"Keith Smith","Atl","RB","L 23-25",0.5,0,0,0,0,0,0,0,0,0,0,0,0,0,0,0,0,"Ari","Away",83,"11/14/23",10
"Keith Smith","Atl","RB","W 24-15",0.5,0,0,0,0,0,0,1,6,0,1,0,0,0,1.6,0,0,"NO","Home",67,"11/28/23",12
"Keith Smith","Atl","RB","W 13-8",0.4,0,0,0,0,0,0,0,0,0,0,0,0,0,0,0,0,"NYJ","Away",72,"12/5/23",13
"Keith Smith","Atl","RB","L 25-29",0.4,0,0,0,0,0,0,0,0,0,0,0,0,0,0,0,0,"TB","Home",89.5,"12/12/23",14
"Keith Smith","Atl","RB","L 7-9",0.4,0,0,0,0,0,0,0,0,0,0,0,0,0,0,0,0,"Car","Away",94,"12/19/23",15
"Kendre Miller","NO","RB","L 17-18",7.9,0,0,0,9,34,0,1,0,0,1,0,0,0,4.4,0,0,"GB","Away",51.5,"9/26/23",3
"Kendre Miller","NO","RB","L 9-26",6.5,0,0,0,1,3,0,1,5,0,1,0,0,0,1.8,0,0,"TB","Home",69,"10/3/23",4
"Kendre Miller","NO","RB","W 34-0",4.1,0,0,0,12,37,0,4,53,0,4,0,0,0,13,0,0,"NE","Away",16,"10/10/23",5
"Kendre Miller","NO","RB","L 13-20",5.4,0,0,0,2,-1,0,1,13,0,2,0,0,0,2.2,0,0,"Hou","Away",61.5,"10/17/23",6
"Kendre Miller","NO","RB","L 24-31",0,0,0,0,0,0,0,0,0,0,0,0,0,0,0,0,0,"Jax","Home",76,"10/24/23",7
"Kendre Miller","NO","RB","W 38-27",0.9,0,0,0,3,10,0,1,9,0,1,0,0,0,2.9,0,0,"Ind","Away",60.5,"10/31/23",8
"Kendre Miller","NO","RB","W 24-17",2.3,0,0,0,1,0,0,1,31,0,1,0,0,0,4.1,0,0,"Chi","Home",43.5,"11/7/23",9
"Kendre Miller","NO","RB","W 48-17",6.2,0,0,0,13,73,1,1,6,0,1,0,0,0,14.9,0,0,"Atl","Home",13,"1/9/24",18
"Kendrick Bourne","NE","WR","L 20-25",10,0,0,0,0,0,0,6,64,2,11,0,0,0,24.4,0,0,"Phi","Home",5,"9/12/23",1
"Kendrick Bourne","NE","WR","L 17-24",9.7,0,0,0,0,0,0,4,29,0,9,0,0,0,6.9,0,0,"Mia","Home",69.5,"9/19/23",2
"Kendrick Bourne","NE","WR","W 15-10",10.2,0,0,0,0,0,0,4,46,0,5,0,0,0,8.6,0,0,"NYJ","Away",52,"9/26/23",3
"Kendrick Bourne","NE","WR","L 3-38",11.1,0,0,0,0,0,0,2,36,0,3,0,0,0,5.6,0,0,"Dal","Away",63.5,"10/3/23",4
"Kendrick Bourne","NE","WR","L 0-34",8.5,0,0,0,0,0,0,2,43,0,5,0,0,0,6.3,0,0,"NO","Home",55.5,"10/10/23",5
"Kendrick Bourne","NE","WR","L 17-21",10.3,0,0,0,1,4,0,10,89,0,11,0,0,0,19.3,0,0,"LV","Away",10,"10/17/23",6
"Kendrick Bourne","NE","WR","W 29-25",10.8,0,0,0,0,0,0,6,63,1,7,0,1,0,16.3,0,0,"Buf","Home",16,"10/24/23",7
"Kendrick Bourne","NE","WR","L 17-31",10.6,0,0,0,0,0,0,3,36,1,4,0,0,0,12.6,0,0,"Mia","Away",34.5,"10/31/23",8
"Kene Nwangwu","Min","RB","W 22-17",0.2,0,0,0,0,0,0,0,0,0,0,0,0,0,0,0,0,"SF","Home",76,"10/24/23",7
"Kene Nwangwu","Min","RB","W 27-19",0,0,0,0,2,9,0,0,0,0,0,0,0,0,0.9,0,0,"NO","Home",62,"11/14/23",10
"Kene Nwangwu","Min","RB","L 20-21",0.3,0,0,0,0,0,0,0,0,0,0,0,0,0,0,0,0,"Den","Away",80,"11/21/23",11
"Kene Nwangwu","Min","RB","L 10-12",0,0,0,0,0,0,0,0,0,0,0,0,0,0,0,0,0,"Chi","Home",90,"11/28/23",12
"Kene Nwangwu","Min","RB","W 3-0",0,0,0,0,2,3,0,0,0,0,0,0,0,0,0.3,0,0,"LV","Away",76.5,"12/12/23",14
"Kene Nwangwu","Min","RB","L 24-27",4.4,0,0,0,1,1,0,0,0,0,0,0,0,0,0.1,0,0,"Cin","Away",80,"12/19/23",15
"Kene Nwangwu","Min","RB","L 24-30",0,0,0,0,0,0,0,0,0,0,0,0,0,0,0,0,0,"Det","Home",92,"12/26/23",16
"Kene Nwangwu","Min","RB","L 10-33",0,0,0,0,0,0,0,0,0,0,0,0,0,0,0,0,0,"GB","Home",92.5,"1/2/24",17
"Kene Nwangwu","Min","RB","L 20-30",0,0,0,0,0,0,0,0,0,0,0,0,0,0,0,0,0,"Det","Away",88.5,"1/9/24",18
"Kenneth Gainwell","Phi","RB","W 25-20",8.9,0,0,0,14,54,0,4,20,0,4,0,0,0,11.4,0,0,"NE","Away",24.5,"9/12/23",1
"Kenneth Gainwell","Phi","RB","W 25-11",10.4,0,0,0,14,43,0,1,5,0,2,0,0,0,5.8,0,0,"TB","Away",44,"9/26/23",3
"Kenneth Gainwell","Phi","RB","W 34-31",8.5,0,0,0,4,14,0,2,7,0,2,0,0,0,6.1,0,0,"Wsh","Home",40,"10/3/23",4
"Kenneth Gainwell","Phi","RB","W 23-14",7.2,0,0,0,7,17,0,1,7,0,2,0,0,0,3.4,0,0,"LAR","Away",46.5,"10/10/23",5
"Kenneth Gainwell","Phi","RB","L 14-20",6.5,0,0,0,2,13,0,1,4,0,2,0,0,0,2.7,0,0,"NYJ","Away",51.5,"10/17/23",6
"Kenneth Gainwell","Phi","RB","W 31-17",5.1,0,0,0,8,16,1,0,0,0,0,0,0,0,7.6,0,0,"Mia","Home",29,"10/24/23",7
"Kenneth Gainwell","Phi","RB","W 38-31",6.3,0,0,0,2,-4,0,5,30,0,5,0,1,0,5.6,0,0,"Wsh","Away",48,"10/31/23",8
"Kenneth Gainwell","Phi","RB","W 28-23",6.5,0,0,0,3,22,1,1,1,0,1,0,0,0,9.3,0,0,"Dal","Home",26.5,"11/7/23",9
"Kenneth Gainwell","Phi","RB","W 21-17",5.8,0,0,0,1,1,0,1,4,0,1,0,0,0,1.5,0,0,"KC","Away",62.5,"11/21/23",11
"Kenneth Gainwell","Phi","RB","W 37-34",4.8,0,0,0,2,26,0,2,10,0,3,0,0,0,5.6,0,0,"Buf","Home",47,"11/28/23",12
"Kenneth Gainwell","Phi","RB","L 19-42",5,0,0,0,2,5,0,5,42,0,6,0,0,0,9.7,0,0,"SF","Home",25,"12/5/23",13
"Kenneth Gainwell","Phi","RB","L 13-33",5.5,0,0,0,4,28,0,0,0,0,0,0,0,0,2.8,0,0,"Dal","Away",54,"12/12/23",14
"Kenneth Gainwell","Phi","RB","L 17-20",6,0,0,0,6,21,0,0,0,0,1,0,0,0,2.1,0,0,"Sea","Away",66,"12/19/23",15
"Kenneth Gainwell","Phi","RB","W 33-25",6,0,0,0,6,41,0,3,38,0,3,0,0,0,10.9,0,0,"NYG","Home",25.5,"12/26/23",16
"Kenneth Gainwell","Phi","RB","L 31-35",6.5,17,0,0,2,5,0,4,15,0,4,0,0,0,6.68,1,1,"Ari","Home",44,"1/2/24",17
"Kenneth Gainwell","Phi","RB","L 10-27",12.6,0,0,0,7,62,0,0,0,0,1,0,0,0,6.2,0,0,"NYG","Away",39,"1/9/24",18
"Kenneth Walker III","Sea","RB","L 13-30",14.5,0,0,0,12,64,0,4,3,0,5,0,0,0,10.7,0,0,"LAR","Home",26,"9/12/23",1
"Kenneth Walker III","Sea","RB","W 37-31",15,0,0,0,17,43,2,1,11,0,2,0,0,0,18.4,0,0,"Det","Away",14,"9/19/23",2
"Kenneth Walker III","Sea","RB","W 37-27",15,0,0,0,18,97,2,3,59,0,3,0,0,0,30.6,0,0,"Car","Home",3,"9/26/23",3
"Kenneth Walker III","Sea","RB","W 24-3",17.6,0,0,0,17,79,1,0,0,0,0,0,0,0,13.9,0,0,"NYG","Away",14,"10/3/23",4
"Kenneth Walker III","Sea","RB","L 13-17",16.7,0,0,0,19,62,1,3,27,0,3,0,0,0,17.9,0,0,"Cin","Away",7.5,"10/17/23",6
"Kenneth Walker III","Sea","RB","W 20-10",20.9,0,0,0,26,105,0,2,6,0,3,0,0,0,13.1,0,0,"Ari","Home",19,"10/24/23",7
"Kenneth Walker III","Sea","RB","W 24-20",16.1,0,0,0,8,66,0,1,4,0,2,0,0,0,8,0,0,"Cle","Home",34,"10/31/23",8
"Kenneth Walker III","Sea","RB","L 3-37",15.2,0,0,0,9,16,0,1,1,0,2,0,0,0,2.7,0,0,"Bal","Away",51.5,"11/7/23",9
"Kenneth Walker III","Sea","RB","W 29-26",15.8,0,0,0,19,63,0,1,64,1,2,0,0,0,19.7,0,0,"Wsh","Home",7,"11/14/23",10
"Kenneth Walker III","Sea","RB","L 16-17",13.8,0,0,0,4,18,0,1,-2,0,1,0,0,0,2.6,0,0,"LAR","Away",52.5,"11/21/23",11
"Kenneth Walker III","Sea","RB","L 16-28",11.5,0,0,0,8,21,0,4,33,0,5,0,0,0,9.4,0,0,"SF","Away",31.5,"12/12/23",14
"Kenneth Walker III","Sea","RB","W 20-17",13.7,0,0,0,19,86,1,3,26,0,3,0,0,0,20.2,0,0,"Phi","Home",8,"12/19/23",15
"Kenneth Walker III","Sea","RB","W 20-17",14.2,0,0,0,16,54,0,1,2,0,2,0,0,0,6.6,0,0,"Ten","Away",45,"12/26/23",16
"Kenneth Walker III","Sea","RB","L 23-30",14.8,0,0,0,10,53,1,3,22,0,3,0,0,0,16.5,0,0,"Pit","Home",14,"1/2/24",17
"Kenneth Walker III","Sea","RB","W 21-20",15.8,0,0,0,17,78,0,1,3,0,1,0,0,0,9.1,0,0,"Ari","Away",29,"1/9/24",18
"Kenny McIntosh","Sea","RB","L 13-31",1.7,0,0,0,0,0,0,0,0,0,0,0,0,0,0,0,0,"SF","Home",90,"11/28/23",12
"Kenny McIntosh","Sea","RB","L 35-41",0,0,0,0,0,0,0,0,0,0,0,0,0,0,0,0,0,"Dal","Away",72,"12/5/23",13
"Kenny McIntosh","Sea","RB","L 16-28",0,0,0,0,0,0,0,0,0,0,0,0,0,0,0,0,0,"SF","Away",89.5,"12/12/23",14
"Kenny Pickett","Pit","QB","L 7-30",14.4,232,1,2,1,4,0,0,0,0,0,0,0,0,9.68,31,46,"SF","Home",21,"9/12/23",1
"Kenny Pickett","Pit","QB","W 26-22",13.8,222,1,1,4,-6,0,0,0,0,0,0,0,0,10.28,15,30,"Cle","Home",29,"9/19/23",2
"Kenny Pickett","Pit","QB","W 23-18",16.1,235,2,0,3,11,0,0,0,0,0,0,0,0,18.5,16,28,"LV","Away",13,"9/26/23",3
"Kenny Pickett","Pit","QB","L 6-30",16.4,114,0,1,2,9,0,0,0,0,0,0,0,0,3.46,15,23,"Hou","Away",30,"10/3/23",4
"Kenny Pickett","Pit","QB","W 17-10",12.7,224,1,0,6,-6,0,0,0,0,0,0,0,0,12.36,18,32,"Bal","Home",18,"10/10/23",5
"Kenny Pickett","Pit","QB","W 24-17",14.8,230,0,0,8,0,1,0,0,0,0,0,0,0,15.2,17,25,"LAR","Away",14,"10/24/23",7
"Kenny Pickett","Pit","QB","L 10-20",14.1,73,0,0,1,10,0,0,0,0,0,0,0,0,3.92,10,16,"Jax","Home",33,"10/31/23",8
"Kenny Pickett","Pit","QB","W 20-16",15.4,160,1,0,1,-1,0,0,0,0,0,0,0,0,10.3,19,30,"Ten","Home",18,"11/7/23",9
"Kenny Pickett","Pit","QB","W 23-19",14.7,126,0,0,4,16,0,0,0,0,0,0,0,0,6.64,14,23,"GB","Home",26,"11/14/23",10
"Kenny Pickett","Pit","QB","L 10-13",12.3,106,0,0,4,9,0,0,0,0,0,0,0,0,5.14,15,28,"Cle","Away",29,"11/21/23",11
"Kenny Pickett","Pit","QB","W 16-10",13.8,278,0,0,5,5,0,0,0,0,0,0,0,0,11.62,24,33,"Cin","Away",19,"11/28/23",12
"Kenny Pickett","Pit","QB","L 10-24",14.9,70,0,0,3,3,0,0,0,0,0,0,0,0,3.1,7,10,"Ari","Home",27,"12/5/23",13
"Kenny Yeboah","NYJ","TE","W 30-6",0,0,0,0,0,0,0,0,0,0,0,0,0,0,0,0,0,"Hou","Home",73,"12/12/23",14
"Kenny Yeboah","NYJ","TE","L 0-30",0,0,0,0,0,0,0,0,0,0,0,0,0,0,0,0,0,"Mia","Away",81.5,"12/19/23",15
"Kenny Yeboah","NYJ","TE","W 30-28",0,0,0,0,0,0,0,0,0,0,1,0,0,0,0,0,0,"Wsh","Home",78,"12/26/23",16
"Kenny Yeboah","NYJ","TE","L 20-37",2,0,0,0,0,0,0,2,28,0,3,0,0,0,4.8,0,0,"Cle","Away",32,"1/2/24",17
"Kenny Yeboah","NYJ","TE","W 17-3",3.5,0,0,0,0,0,0,0,0,0,0,0,0,0,0,0,0,"NE","Away",76.5,"1/9/24",18
"Kenyan Drake","Bal","RB","L 19-22",2,0,0,0,1,0,0,2,31,0,3,0,1,0,3.1,0,0,"Ind","Home",61.5,"9/26/23",3
"Kenyan Drake","Bal","RB","L 10-17",1.9,0,0,0,0,0,0,0,0,0,0,0,0,0,0,0,0,"Pit","Away",81,"10/10/23",5
"Kevin Harris","NE","RB","L 17-27",1.9,0,0,0,4,25,1,0,0,0,0,0,0,0,8.5,0,0,"KC","Home",32,"12/19/23",15
"Kevin Harris","NE","RB","W 26-23",6.4,0,0,0,7,21,0,0,0,0,0,0,0,0,2.1,0,0,"Den","Away",60.5,"12/26/23",16
"Kevin Harris","NE","RB","L 21-27",5.2,0,0,0,2,15,0,2,54,0,2,0,0,0,8.9,0,0,"Buf","Away",35,"1/2/24",17
"Kevin Harris","NE","RB","L 3-17",6.9,0,0,0,3,4,0,1,4,0,1,0,0,0,1.8,0,0,"NYJ","Home",60.5,"1/9/24",18
"Kevin Rader","Ten","TE","W 27-3",0,0,0,0,0,0,0,0,0,0,0,0,0,0,0,0,0,"Cin","Home",79.5,"10/3/23",4
"Kevin Rader","Ten","TE","L 16-23",0,0,0,0,0,0,0,0,0,0,0,0,0,0,0,0,0,"Ind","Away",71,"10/10/23",5
"Kevin Rader","Ten","TE","L 16-24",0,0,0,0,0,0,0,0,0,0,0,0,0,0,0,0,0,"Bal","Home",72,"10/17/23",6
"Kevin Rader","Ten","TE","W 28-23",0,0,0,0,0,0,0,0,0,0,0,0,0,0,0,0,0,"Atl","Home",73,"10/31/23",8
"Kevin Rader","Ten","TE","L 16-20",0,0,0,0,0,0,0,0,0,0,0,0,0,0,0,0,0,"Pit","Away",68,"11/7/23",9
"Kevin Rader","Ten","TE","L 6-20",0,0,0,0,0,0,0,0,0,0,0,0,0,0,0,0,0,"TB","Away",69.5,"11/14/23",10
"Kevin Rader","Ten","TE","L 14-34",0,0,0,0,0,0,0,0,0,0,0,0,0,0,0,0,0,"Jax","Away",67,"11/21/23",11
"Kevin Rader","Ten","TE","W 17-10",0,0,0,0,0,0,0,0,0,0,0,0,0,0,0,0,0,"Car","Home",78,"11/28/23",12
"Kevin Rader","Ten","TE","L 28-31",0,0,0,0,0,0,0,0,0,0,0,0,0,0,0,0,0,"Ind","Home",66,"12/5/23",13
"Kevin Rader","Ten","TE","W 28-27",1.1,0,0,0,0,0,0,0,0,0,0,0,0,0,0,0,0,"Mia","Away",73,"12/12/23",14
"Kevin Rader","Ten","TE","L 16-19",1,0,0,0,0,0,0,0,0,0,0,0,0,0,0,0,0,"Hou","Home",81.5,"12/19/23",15
"Kevin Rader","Ten","TE","L 17-20",0,0,0,0,0,0,0,0,0,0,0,0,0,0,0,0,0,"Sea","Home",78,"12/26/23",16
"Kevin Rader","Ten","TE","L 3-26",2.1,0,0,0,0,0,0,1,6,0,1,0,0,0,1.6,0,0,"Hou","Away",53,"1/2/24",17
"Kevin Rader","Ten","TE","W 28-20",1.9,0,0,0,0,0,0,0,0,0,2,0,0,0,0,0,0,"Jax","Home",76.5,"1/9/24",18
"KhaDarel Hodge","Atl","WR","W 24-10",2.1,0,0,0,0,0,0,0,0,0,0,0,0,0,0,0,0,"Car","Home",135,"9/12/23",1
"KhaDarel Hodge","Atl","WR","W 25-24",0.4,0,0,0,0,0,0,0,0,0,0,0,0,0,0,0,0,"GB","Home",145,"9/19/23",2
"KhaDarel Hodge","Atl","WR","L 6-20",0.4,0,0,0,0,0,0,1,15,0,1,0,0,0,2.5,0,0,"Det","Away",98.5,"9/26/23",3
"KhaDarel Hodge","Atl","WR","L 7-23",0.4,0,0,0,0,0,0,2,19,0,2,0,0,0,3.9,0,0,"Jax","Away",83,"10/3/23",4
"KhaDarel Hodge","Atl","WR","W 21-19",1.2,0,0,0,1,0,0,1,11,0,1,0,0,0,2.1,0,0,"Hou","Home",87,"10/10/23",5
"KhaDarel Hodge","Atl","WR","L 16-24",1.3,0,0,0,0,0,0,0,0,0,1,0,0,0,0,0,0,"Wsh","Home",128,"10/17/23",6
"KhaDarel Hodge","Atl","WR","W 16-13",0.9,0,0,0,0,0,0,1,19,0,1,0,0,0,2.9,0,0,"TB","Away",78,"10/24/23",7
"KhaDarel Hodge","Atl","WR","L 23-28",1.3,0,0,0,0,0,0,3,75,0,3,0,0,0,10.5,0,0,"Ten","Away",43.5,"10/31/23",8
"KhaDarel Hodge","Atl","WR","L 28-31",4,0,0,0,0,0,0,3,60,0,6,0,0,0,9,0,0,"Min","Home",35,"11/7/23",9
"KhaDarel Hodge","Atl","WR","L 23-25",2.9,0,0,0,0,0,0,0,0,0,0,0,0,0,0,0,0,"Ari","Away",123.5,"11/14/23",10
"KhaDarel Hodge","Atl","WR","W 24-15",2.9,0,0,0,0,0,0,0,0,0,0,0,0,0,0,0,0,"NO","Home",149,"11/28/23",12
"KhaDarel Hodge","Atl","WR","W 13-8",2.6,0,0,0,0,0,0,0,0,0,1,0,0,0,0,0,0,"NYJ","Away",113,"12/5/23",13
"KhaDarel Hodge","Atl","WR","L 25-29",2.2,0,0,0,0,0,0,1,18,0,2,0,0,0,2.8,0,0,"TB","Home",88.5,"12/12/23",14
"KhaDarel Hodge","Atl","WR","L 7-9",2.4,0,0,0,0,0,0,1,10,0,1,0,0,0,2,0,0,"Car","Away",99,"12/19/23",15
"KhaDarel Hodge","Atl","WR","W 29-10",2.6,0,0,0,0,0,0,1,5,0,1,0,0,0,1.5,0,0,"Ind","Home",113.5,"12/26/23",16
"KhaDarel Hodge","Atl","WR","L 17-37",2.2,0,0,0,0,0,0,0,0,0,2,0,0,0,0,0,0,"Chi","Away",137.5,"1/2/24",17
"KhaDarel Hodge","Atl","WR","L 17-48",2.8,0,0,0,0,0,0,0,0,0,1,0,0,0,0,0,0,"NO","Away",142.5,"1/9/24",18
"Khalil Herbert","Chi","RB","L 20-38",11.4,0,0,0,9,27,0,3,37,0,5,0,0,0,11.4,0,0,"GB","Home",24.5,"9/12/23",1
"Khalil Herbert","Chi","RB","L 17-27",10.5,0,0,0,7,35,0,1,23,0,3,0,0,0,6.8,0,0,"TB","Away",35,"9/19/23",2
"Khalil Herbert","Chi","RB","L 10-41",10.4,0,0,0,7,31,0,2,4,0,2,0,1,0,3.5,0,0,"KC","Away",56,"9/26/23",3
"Khalil Herbert","Chi","RB","L 28-31",12.1,0,0,0,18,103,0,4,19,1,5,0,0,0,22.2,0,0,"Den","Home",8,"10/3/23",4
"Khalil Herbert","Chi","RB","W 40-20",11.9,0,0,0,10,76,0,0,0,0,3,0,0,0,7.6,0,0,"Wsh","Away",33,"10/10/23",5
"Khalil Herbert","Chi","RB","L 26-31",11.6,0,0,0,16,35,0,2,6,0,3,0,0,0,6.1,0,0,"Det","Away",36.5,"11/21/23",11
"Khalil Herbert","Chi","RB","W 12-10",14,0,0,0,6,24,0,2,14,0,2,0,0,0,5.8,0,0,"Min","Away",46,"11/28/23",12
"Khalil Herbert","Chi","RB","W 28-13",6.7,0,0,0,3,8,0,0,0,0,0,0,0,0,0.8,0,0,"Det","Home",69,"12/12/23",14
"Khalil Herbert","Chi","RB","L 17-20",4.5,0,0,0,6,8,0,1,4,0,1,0,0,0,2.2,0,0,"Cle","Away",64,"12/19/23",15
"Khalil Herbert","Chi","RB","W 27-16",11,0,0,0,20,112,1,1,9,0,2,0,0,0,19.1,0,0,"Ari","Home",11,"12/26/23",16
"Khalil Herbert","Chi","RB","W 37-17",10.3,0,0,0,18,124,1,2,5,0,3,0,0,0,20.9,0,0,"Atl","Home",10,"1/2/24",17
"Khalil Herbert","Chi","RB","L 9-17",12.8,0,0,0,12,28,0,2,13,0,2,0,0,0,6.1,0,0,"GB","Away",40,"1/9/24",18
"Khalil Shakir","Buf","WR","L 16-22",1.8,0,0,0,0,0,0,0,0,0,0,0,0,0,0,0,0,"NYJ","Away",135,"9/12/23",1
"Khalil Shakir","Buf","WR","W 38-10",1.2,0,0,0,0,0,0,1,11,1,1,0,0,0,8.1,0,0,"LV","Home",60.5,"9/19/23",2
"Khalil Shakir","Buf","WR","W 37-3",1.1,0,0,0,0,0,0,1,5,0,1,0,0,0,1.5,0,0,"Wsh","Away",110.5,"9/26/23",3
"Khalil Shakir","Buf","WR","W 48-20",1.2,0,0,0,0,0,0,0,0,0,1,0,0,0,0,0,0,"Mia","Home",143,"10/3/23",4
"Khalil Shakir","Buf","WR","L 20-25",1.7,0,0,0,0,0,0,1,11,0,1,0,0,0,2.1,0,0,"Jax","Home",87,"10/10/23",5
"Khalil Shakir","Buf","WR","W 14-9",1.8,0,0,0,0,0,0,1,13,0,1,0,0,0,2.3,0,0,"NYG","Home",87.5,"10/17/23",6
"Khalil Shakir","Buf","WR","L 25-29",2.3,0,0,0,0,0,0,4,35,0,4,0,0,0,7.5,0,0,"NE","Away",49.5,"10/24/23",7
"Khalil Shakir","Buf","WR","W 24-18",4.2,0,0,0,0,0,0,6,92,0,6,0,0,0,15.2,0,0,"TB","Home",24.5,"10/31/23",8
"Khalil Shakir","Buf","WR","L 18-24",8,0,0,0,0,0,0,4,57,0,4,0,0,0,9.7,0,0,"Cin","Away",32.5,"11/7/23",9
"Khalil Shakir","Buf","WR","L 22-24",8.4,0,0,0,0,0,0,1,24,0,2,0,0,0,3.4,0,0,"Den","Home",74,"11/14/23",10
"Khalil Shakir","Buf","WR","W 32-6",6.4,0,0,0,0,0,0,3,115,1,4,0,0,0,20.5,0,0,"NYJ","Home",9,"11/21/23",11
"Khalil Shakir","Buf","WR","L 34-37",8.2,0,0,0,0,0,0,3,47,0,5,0,0,0,7.7,0,0,"Phi","Away",54.5,"11/28/23",12
"Khalil Shakir","Buf","WR","W 20-17",5.6,0,0,0,0,0,0,1,12,0,1,0,0,0,2.2,0,0,"KC","Away",93,"12/12/23",14
"Khalil Shakir","Buf","WR","W 31-10",4.3,0,0,0,0,0,0,0,0,0,1,0,0,0,0,0,0,"Dal","Home",140,"12/19/23",15
"Khalil Shakir","Buf","WR","W 24-22",3.3,0,0,0,0,0,0,3,45,0,3,0,0,0,7.5,0,0,"LAC","Away",58,"12/26/23",16
"Khalil Shakir","Buf","WR","W 27-21",4,0,0,0,1,10,0,4,39,0,4,0,0,0,8.9,0,0,"NE","Home",46,"1/2/24",17
"Khalil Shakir","Buf","WR","W 21-14",5.4,0,0,0,0,0,0,6,105,0,6,0,0,0,16.5,0,0,"Mia","Away",18,"1/9/24",18
"Khari Blasingame","Chi","RB","L 20-38",0,0,0,0,0,0,0,0,0,0,1,0,0,0,0,0,0,"GB","Home",96,"9/12/23",1
"Khari Blasingame","Chi","RB","L 17-27",0,0,0,0,0,0,0,0,0,0,0,0,0,0,0,0,0,"TB","Away",96,"9/19/23",2
"Khari Blasingame","Chi","RB","L 10-41",0.4,0,0,0,0,0,0,0,0,0,0,0,0,0,0,0,0,"KC","Away",95.5,"9/26/23",3
"Khari Blasingame","Chi","RB","L 28-31",0.4,0,0,0,0,0,0,0,0,0,0,0,0,0,0,0,0,"Den","Home",93.5,"10/3/23",4
"Khari Blasingame","Chi","RB","W 40-20",0.4,0,0,0,8,26,0,0,0,0,0,0,0,0,2.6,0,0,"Wsh","Away",49,"10/10/23",5
"Khari Blasingame","Chi","RB","L 13-19",2.7,0,0,0,0,0,0,1,1,0,1,0,0,0,1.1,0,0,"Min","Home",73.5,"10/17/23",6
"Khari Blasingame","Chi","RB","W 30-12",0.4,0,0,0,0,0,0,1,4,0,1,0,0,0,1.4,0,0,"LV","Home",54,"10/24/23",7
"Khari Blasingame","Chi","RB","L 13-30",1,0,0,0,0,0,0,0,0,0,1,0,0,0,0,0,0,"LAC","Away",97,"10/31/23",8
"Khari Blasingame","Chi","RB","L 17-24",0.9,0,0,0,0,0,0,0,0,0,0,0,0,0,0,0,0,"NO","Away",82.5,"11/7/23",9
"Khari Blasingame","Chi","RB","L 26-31",0.4,0,0,0,0,0,0,0,0,0,0,0,0,0,0,0,0,"Det","Away",80,"11/21/23",11
"Khari Blasingame","Chi","RB","W 12-10",0.4,0,0,0,0,0,0,0,0,0,0,0,0,0,0,0,0,"Min","Away",90,"11/28/23",12
"Khari Blasingame","Chi","RB","W 28-13",0.4,0,0,0,0,0,0,1,-3,0,1,0,0,0,0.7,0,0,"Det","Home",72,"12/12/23",14
"Khari Blasingame","Chi","RB","L 17-20",0.4,0,0,0,0,0,0,0,0,0,0,0,0,0,0,0,0,"Cle","Away",94,"12/19/23",15
"Khari Blasingame","Chi","RB","W 27-16",0.5,0,0,0,0,0,0,0,0,0,0,0,0,0,0,0,0,"Ari","Home",92,"12/26/23",16
"Khari Blasingame","Chi","RB","W 37-17",0.4,0,0,0,0,0,0,0,0,0,1,0,0,0,0,0,0,"Atl","Home",92.5,"1/2/24",17
"Khari Blasingame","Chi","RB","L 9-17",0.9,0,0,0,0,0,0,0,0,0,0,0,0,0,0,0,0,"GB","Away",88.5,"1/9/24",18
"Kirk Cousins","Min","QB","L 17-20",17.4,344,2,1,3,7,0,0,0,0,0,0,2,0,16.46,33,44,"TB","Home",10,"9/12/23",1
"Kirk Cousins","Min","QB","L 28-34",17.9,364,4,0,0,0,0,0,0,0,0,0,1,0,28.56,31,44,"Phi","Away",2,"9/19/23",2
"Kirk Cousins","Min","QB","L 24-28",19.9,367,3,1,1,10,0,0,0,0,0,0,0,0,25.68,32,50,"LAC","Home",4.5,"9/26/23",3
"Kirk Cousins","Min","QB","W 21-13",19.1,139,2,2,1,0,0,0,0,0,0,0,0,0,9.56,12,19,"Car","Away",23,"10/3/23",4
"Kirk Cousins","Min","QB","L 20-27",17.8,284,2,0,3,5,0,0,0,0,0,0,0,0,19.86,29,47,"KC","Home",9,"10/10/23",5
"Kirk Cousins","Min","QB","W 19-13",20.1,181,1,0,2,-5,0,0,0,0,0,0,1,0,8.74,21,31,"Chi","Away",23,"10/17/23",6
"Kirk Cousins","Min","QB","W 22-17",15.7,378,2,1,2,-1,0,0,0,0,0,0,0,0,21.02,35,45,"SF","Home",7,"10/24/23",7
"Kirk Cousins","Min","QB","W 24-10",17.4,274,2,0,2,9,0,0,0,0,0,0,0,0,19.86,23,31,"GB","Away",11,"10/31/23",8
"Ko Kieft","TB","TE","W 20-17",2.8,0,0,0,0,0,0,0,0,0,3,0,0,0,0,0,0,"Min","Away",75,"9/12/23",1
"Ko Kieft","TB","TE","W 27-17",3.2,0,0,0,0,0,0,0,0,0,0,0,0,0,0,0,0,"Chi","Home",76,"9/19/23",2
"Ko Kieft","TB","TE","L 11-25",1.6,0,0,0,0,0,0,0,0,0,0,0,0,0,0,0,0,"Phi","Home",79,"9/26/23",3
"Ko Kieft","TB","TE","W 26-9",1,0,0,0,0,0,0,0,0,0,0,0,0,0,0,0,0,"NO","Away",79.5,"10/3/23",4
"Ko Kieft","TB","TE","L 6-20",1.6,0,0,0,0,0,0,0,0,0,0,0,0,0,0,0,0,"Det","Home",72,"10/17/23",6
"Ko Kieft","TB","TE","L 13-16",0.5,0,0,0,0,0,0,0,0,0,0,0,0,0,0,0,0,"Atl","Home",62,"10/24/23",7
"Ko Kieft","TB","TE","L 18-24",0,0,0,0,0,0,0,0,0,0,0,0,0,0,0,0,0,"Buf","Away",73,"10/31/23",8
"Ko Kieft","TB","TE","L 37-39",0,0,0,0,0,0,0,0,0,0,0,0,0,0,0,0,0,"Hou","Away",68,"11/7/23",9
"Ko Kieft","TB","TE","W 20-6",0,0,0,0,0,0,0,0,0,0,0,0,0,0,0,0,0,"Ten","Home",69.5,"11/14/23",10
"Ko Kieft","TB","TE","L 14-27",0,0,0,0,0,0,0,0,0,0,0,0,0,0,0,0,0,"SF","Away",67,"11/21/23",11
"Ko Kieft","TB","TE","L 20-27",0,0,0,0,0,0,0,0,0,0,0,0,0,0,0,0,0,"Ind","Away",78,"11/28/23",12
"Ko Kieft","TB","TE","W 21-18",0,0,0,0,0,0,0,0,0,0,0,0,0,0,0,0,0,"Car","Home",66,"12/5/23",13
"Ko Kieft","TB","TE","W 29-25",0,0,0,0,0,0,0,0,0,0,1,0,0,0,0,0,0,"Atl","Away",73,"12/12/23",14
"Ko Kieft","TB","TE","W 34-20",0.5,0,0,0,0,0,0,1,2,1,1,0,0,0,7.2,0,0,"GB","Away",23.5,"12/19/23",15
"Ko Kieft","TB","TE","W 30-12",1.1,0,0,0,0,0,0,0,0,0,0,0,0,0,0,0,0,"Jax","Home",78,"12/26/23",16
"Ko Kieft","TB","TE","W 9-0",0.5,0,0,0,0,0,0,0,0,0,0,0,0,0,0,0,0,"Car","Away",76.5,"1/9/24",18
"Kristian Wilkerson","LV","WR","W 17-16",0.3,0,0,0,0,0,0,0,0,0,0,0,0,0,0,0,0,"Den","Away",135,"9/12/23",1
"Kristian Wilkerson","LV","WR","L 10-38",7.4,0,0,0,0,0,0,0,0,0,0,0,0,0,0,0,0,"Buf","Away",145,"9/19/23",2
"Kwamie Lassiter II","Cin","WR","W 34-20",0,0,0,0,0,0,0,1,2,0,1,0,0,0,1.2,0,0,"Ari","Away",102,"10/10/23",5
"Kyle Allen","Buf","QB","W 38-10",0,0,0,0,2,-2,0,0,0,0,0,0,0,0,-0.2,0,0,"LV","Home",36,"9/19/23",2
"Kyle Allen","Buf","QB","W 37-3",0,0,0,0,2,-2,0,0,0,0,0,0,0,0,-0.2,0,0,"Wsh","Away",41,"9/26/23",3
"Kyle Allen","Buf","QB","W 48-20",0,0,0,0,3,-3,0,0,0,0,0,0,0,0,-0.3,0,0,"Mia","Home",41,"10/3/23",4
"Kyle Allen","Buf","QB","W 14-9",0,0,0,0,0,0,0,0,0,0,0,0,0,0,0,0,0,"NYG","Home",35.5,"10/17/23",6
"Kyle Allen","Buf","QB","W 32-6",0,0,0,0,2,-2,0,0,0,0,0,0,0,0,-0.2,0,0,"NYJ","Home",33,"11/21/23",11
"Kyle Allen","Buf","QB","W 31-10",0,0,0,0,2,-2,0,0,0,0,0,0,0,0,-0.2,0,0,"Dal","Home",42,"12/19/23",15
"Kyle Allen","Buf","QB","W 27-21",0,0,0,0,2,-2,0,0,0,0,0,0,0,0,-0.2,0,0,"NE","Home",37.5,"1/2/24",17
"Kyle Juszczyk","SF","RB","W 30-7",1.6,0,0,0,0,0,0,0,0,0,0,0,0,0,0,0,0,"Pit","Away",96,"9/12/23",1
"Kyle Juszczyk","SF","RB","W 30-23",1.7,0,0,0,0,0,0,0,0,0,0,0,0,0,0,0,0,"LAR","Away",96,"9/19/23",2
"Kyle Juszczyk","SF","RB","W 30-12",1.2,0,0,0,1,3,0,0,0,0,0,0,0,0,0.3,0,0,"NYG","Home",79,"9/26/23",3
"Kyle Juszczyk","SF","RB","W 35-16",0.7,0,0,0,2,3,0,1,4,0,1,0,0,0,1.7,0,0,"Ari","Home",70,"10/3/23",4
"Kyle Juszczyk","SF","RB","W 42-10",0.9,0,0,0,0,0,0,4,26,1,4,0,0,0,12.6,0,0,"Dal","Home",19.5,"10/10/23",5
"Kyle Juszczyk","SF","RB","L 17-19",1.9,0,0,0,0,0,0,1,9,0,1,0,0,0,1.9,0,0,"Cle","Away",64,"10/17/23",6
"Kyle Juszczyk","SF","RB","L 17-22",2.4,0,0,0,0,0,0,0,0,0,0,0,0,0,0,0,0,"Min","Away",76,"10/24/23",7
"Kyle Juszczyk","SF","RB","L 17-31",2.2,0,0,0,2,0,0,0,0,0,0,0,0,0,0,0,0,"Cin","Home",97,"10/31/23",8
"Kyle Juszczyk","SF","RB","W 34-3",1.9,0,0,0,0,0,0,2,26,1,3,0,0,0,10.6,0,0,"Jax","Away",26,"11/14/23",10
"Kyle Juszczyk","SF","RB","W 27-14",2.4,0,0,0,0,0,0,0,0,0,0,0,0,0,0,0,0,"TB","Home",80,"11/21/23",11
"Kyle Juszczyk","SF","RB","W 31-13",2.5,0,0,0,0,0,0,0,0,0,1,0,0,0,0,0,0,"Sea","Away",90,"11/28/23",12
"Kyle Juszczyk","SF","RB","W 42-19",2,0,0,0,0,0,0,0,0,0,0,0,0,0,0,0,0,"Phi","Away",72,"12/5/23",13
"Kyle Juszczyk","SF","RB","W 28-16",1.7,0,0,0,0,0,0,0,0,0,0,0,0,0,0,0,0,"Sea","Home",89.5,"12/12/23",14
"Kyle Juszczyk","SF","RB","W 45-29",1.8,0,0,0,0,0,0,2,26,0,2,0,0,0,4.6,0,0,"Ari","Away",49,"12/19/23",15
"Kyle Juszczyk","SF","RB","L 19-33",1.6,0,0,0,0,0,0,1,5,0,2,0,0,0,1.5,0,0,"Bal","Home",68.5,"12/26/23",16
"Kyle Juszczyk","SF","RB","W 27-10",1.6,0,0,0,0,0,0,3,23,0,3,0,0,0,5.3,0,0,"Wsh","Away",50.5,"1/2/24",17
"Kyle Juszczyk","SF","RB","L 20-21",2.2,0,0,0,0,0,0,0,0,0,0,0,0,0,0,0,0,"LAR","Home",88.5,"1/9/24",18
"Kyle Philips","Ten","WR","L 16-23",5,0,0,0,0,0,0,0,0,0,1,0,0,0,0,0,0,"Ind","Away",124.5,"10/10/23",5
"Kyle Philips","Ten","WR","L 16-24",4.3,0,0,0,0,0,0,1,6,0,2,0,1,0,-0.4,0,0,"Bal","Home",156,"10/17/23",6
"Kyle Philips","Ten","WR","W 28-23",1.3,0,0,0,0,0,0,3,24,0,3,0,0,0,5.4,0,0,"Atl","Home",77.5,"10/31/23",8
"Kyle Philips","Ten","WR","L 16-20",3.2,0,0,0,0,0,0,4,68,0,5,0,0,0,10.8,0,0,"Pit","Away",26,"11/7/23",9
"Kyle Philips","Ten","WR","L 6-20",5.3,0,0,0,0,0,0,3,61,0,5,0,0,0,9.1,0,0,"TB","Away",40,"11/14/23",10
"Kyle Philips","Ten","WR","L 14-34",6.2,0,0,0,0,0,0,1,10,0,1,0,0,0,2,0,0,"Jax","Away",88.5,"11/21/23",11
"Kyle Philips","Ten","WR","W 17-10",5.1,0,0,0,0,0,0,1,-3,0,2,0,0,0,0.7,0,0,"Car","Home",125,"11/28/23",12
"Kyle Philips","Ten","WR","W 28-27",0.1,0,0,0,0,0,0,0,0,0,0,0,0,0,0,0,0,"Mia","Away",134,"12/12/23",14
"Kyle Philips","Ten","WR","W 28-20",0.4,0,0,0,0,0,0,2,15,0,3,0,0,0,3.5,0,0,"Jax","Home",79.5,"1/9/24",18
"Kyle Pitts","Atl","TE","W 24-10",10.1,0,0,0,0,0,0,2,44,0,3,0,0,0,6.4,0,0,"Car","Home",22,"9/12/23",1
"Kyle Pitts","Atl","TE","W 25-24",9.2,0,0,0,0,0,0,2,15,0,5,0,0,0,3.5,0,0,"GB","Home",42,"9/19/23",2
"Kyle Pitts","Atl","TE","L 6-20",8.9,0,0,0,1,-4,0,5,41,0,9,0,0,0,8.7,0,0,"Det","Away",15.5,"9/26/23",3
"Kyle Pitts","Atl","TE","L 7-23",9.2,0,0,0,0,0,0,2,21,0,4,0,0,0,4.1,0,0,"Jax","Away",31,"10/3/23",4
"Kyle Pitts","Atl","TE","W 21-19",8.4,0,0,0,0,0,0,7,87,0,11,0,0,0,15.7,0,0,"Hou","Home",8,"10/10/23",5
"Kyle Pitts","Atl","TE","L 16-24",9.1,0,0,0,0,0,0,4,43,1,6,0,0,0,14.3,0,0,"Wsh","Home",3,"10/17/23",6
"Kyle Pitts","Atl","TE","W 16-13",9.7,0,0,0,0,0,0,3,47,0,5,0,0,0,7.7,0,0,"TB","Away",16,"10/24/23",7
"Kyle Pitts","Atl","TE","L 23-28",8.4,0,0,0,0,0,0,3,35,0,5,0,0,0,6.5,0,0,"Ten","Away",22,"10/31/23",8
"Kyle Pitts","Atl","TE","L 28-31",8.6,0,0,0,0,0,0,4,56,0,5,0,0,0,9.6,0,0,"Min","Home",17,"11/7/23",9
"Kyle Pitts","Atl","TE","L 23-25",8.9,0,0,0,0,0,0,3,30,0,5,0,0,0,6,0,0,"Ari","Away",19,"11/14/23",10
"Kyle Pitts","Atl","TE","W 24-15",9,0,0,0,0,0,0,2,22,0,2,0,0,0,4.2,0,0,"NO","Home",30,"11/28/23",12
"Kyle Pitts","Atl","TE","W 13-8",7.5,0,0,0,0,0,0,4,51,0,8,0,0,0,9.1,0,0,"NYJ","Away",12,"12/5/23",13
"Kyle Pitts","Atl","TE","L 25-29",8.2,0,0,0,0,0,0,3,57,1,6,0,0,0,14.7,0,0,"TB","Home",7,"12/12/23",14
"Kyle Pitts","Atl","TE","L 7-9",7.2,0,0,0,0,0,0,3,37,0,4,0,0,0,6.7,0,0,"Car","Away",27,"12/19/23",15
"Kyle Pitts","Atl","TE","W 29-10",8.5,0,0,0,0,0,0,3,49,1,4,0,0,0,13.9,0,0,"Ind","Home",10,"12/26/23",16
"Kyle Pitts","Atl","TE","L 17-37",8.1,0,0,0,0,0,0,1,5,0,5,0,0,0,1.5,0,0,"Chi","Away",56,"1/2/24",17
"Kyle Pitts","Atl","TE","L 17-48",8.1,0,0,0,0,0,0,2,27,0,3,0,0,0,4.7,0,0,"NO","Away",29,"1/9/24",18
"Kyle Trask","TB","QB","L 18-24",0,0,0,0,0,0,0,0,0,0,0,0,0,0,0,0,0,"Buf","Away",38,"10/31/23",8
"Kyle Trask","TB","QB","W 20-6",0,0,0,0,1,-1,0,0,0,0,0,0,0,0,-0.1,0,0,"Ten","Home",37,"11/14/23",10
"Kyle Trask","TB","QB","L 20-27",0,0,0,0,0,0,0,0,0,0,0,0,0,0,0,0,1,"Ind","Away",36,"11/28/23",12
"Kylen Granson","Ind","TE","L 21-31",3.5,0,0,0,0,0,0,4,39,0,6,0,0,0,7.9,0,0,"Jax","Home",14.5,"9/12/23",1
"Kylen Granson","Ind","TE","W 31-20",5.1,0,0,0,0,0,0,3,16,1,4,0,0,0,10.6,0,0,"Hou","Away",9,"9/19/23",2
"Kylen Granson","Ind","TE","W 22-19",7.4,0,0,0,0,0,0,2,9,0,4,0,0,0,2.9,0,0,"Bal","Away",35,"9/26/23",3
"Kylen Granson","Ind","TE","L 23-29",6.4,0,0,0,0,0,0,2,24,0,5,0,0,0,4.4,0,0,"LAR","Home",29.5,"10/3/23",4
"Kylen Granson","Ind","TE","W 23-16",6.9,0,0,0,0,0,0,2,15,0,3,0,0,0,3.5,0,0,"Ten","Home",36,"10/10/23",5
"Kylen Granson","Ind","TE","L 20-37",7.4,0,0,0,0,0,0,3,67,0,4,0,0,0,9.7,0,0,"Jax","Away",13,"10/17/23",6
"Kylen Granson","Ind","TE","W 27-13",6.1,0,0,0,0,0,0,0,0,0,2,0,0,0,0,0,0,"Car","Away",68,"11/7/23",9
"Kylen Granson","Ind","TE","W 10-6",6,0,0,0,0,0,0,1,5,0,2,0,0,0,1.5,0,0,"NE","Away",47,"11/14/23",10
"Kylen Granson","Ind","TE","W 27-20",4.4,0,0,0,0,0,0,0,0,0,1,0,0,0,0,0,0,"TB","Home",78,"11/28/23",12
"Kylen Granson","Ind","TE","W 31-28",3.5,0,0,0,1,2,0,3,72,0,3,0,0,0,10.4,0,0,"Ten","Away",9,"12/5/23",13
"Kylen Granson","Ind","TE","L 14-34",3.7,0,0,0,0,0,0,2,17,0,4,0,0,0,3.7,0,0,"Cin","Away",33,"12/12/23",14
"Kylen Granson","Ind","TE","W 30-13",3.6,0,0,0,0,0,0,1,6,0,1,0,0,0,1.6,0,0,"Pit","Home",56.5,"12/19/23",15
"Kylen Granson","Ind","TE","L 10-29",4.2,0,0,0,0,0,0,5,62,0,7,0,0,0,11.2,0,0,"Atl","Away",12.5,"12/26/23",16
"Kylen Granson","Ind","TE","W 23-20",5.1,0,0,0,0,0,0,1,13,0,3,0,0,0,2.3,0,0,"LV","Home",46.5,"1/2/24",17
"Kylen Granson","Ind","TE","L 19-23",6.3,0,0,0,0,0,0,1,23,0,1,0,0,0,3.3,0,0,"Hou","Home",37,"1/9/24",18
"Kyler Murray","Ari","QB","W 25-23",15.5,249,0,1,6,33,1,0,0,0,0,0,0,0,17.26,19,32,"Atl","Home",12,"11/14/23",10
"Kyler Murray","Ari","QB","L 16-21",17.8,214,1,1,7,51,1,0,0,0,0,0,0,0,21.66,20,30,"Hou","Away",7,"11/21/23",11
"Kyler Murray","Ari","QB","L 14-37",18,256,1,0,1,2,1,0,0,0,0,0,0,0,20.44,27,45,"LAR","Home",9,"11/28/23",12
"Kyler Murray","Ari","QB","W 24-10",16.6,145,1,0,9,20,0,0,0,0,0,0,0,0,11.8,13,23,"Pit","Away",17,"12/5/23",13
"Kyler Murray","Ari","QB","L 29-45",16.8,211,1,2,6,49,0,0,0,0,0,0,0,0,13.34,26,39,"SF","Home",21,"12/19/23",15
"Kyler Murray","Ari","QB","L 16-27",15.7,230,2,0,5,32,0,0,0,0,0,0,0,0,20.4,24,38,"Chi","Away",11,"12/26/23",16
"Kyler Murray","Ari","QB","W 35-31",17.9,232,3,1,5,24,0,0,0,0,0,0,0,0,23.68,25,31,"Phi","Away",4,"1/2/24",17
"Kyler Murray","Ari","QB","L 20-21",18.6,262,1,0,5,33,0,0,0,0,0,0,0,0,17.78,22,30,"Sea","Home",12,"1/9/24",18
"Kyren Williams","LAR","RB","W 30-13",6.1,0,0,0,15,52,2,0,2,0,2,0,0,0,17.4,0,0,"Sea","Away",9,"9/12/23",1
"Kyren Williams","LAR","RB","L 23-30",11.5,0,0,0,14,52,1,6,48,1,10,0,0,0,28,0,0,"SF","Home",2,"9/19/23",2
"Kyren Williams","LAR","RB","L 16-19",18,0,0,0,10,38,0,2,27,0,7,0,0,0,8.5,0,0,"Cin","Away",27.5,"9/26/23",3
"Kyren Williams","LAR","RB","W 29-23",18,0,0,0,25,103,2,3,24,0,3,0,0,0,27.7,0,0,"Ind","Away",4,"10/3/23",4
"Kyren Williams","LAR","RB","L 14-23",17.5,0,0,0,13,53,0,2,4,0,2,0,0,0,7.7,0,0,"Phi","Home",32,"10/10/23",5
"Kyren Williams","LAR","RB","W 26-9",18.8,0,0,0,20,158,1,0,0,0,0,0,0,0,21.8,0,0,"Ari","Home",3,"10/17/23",6
"Kyren Williams","LAR","RB","W 37-14",14.5,0,0,0,16,143,0,6,61,2,6,0,0,0,38.4,0,0,"Ari","Away",1,"11/28/23",12
"Kyren Williams","LAR","RB","W 36-19",16.6,0,0,0,21,88,1,3,24,0,5,0,0,0,20.2,0,0,"Cle","Home",9,"12/5/23",13
"Kyren Williams","LAR","RB","L 31-37",18.4,0,0,0,25,114,0,3,-1,0,4,0,0,0,14.3,0,0,"Bal","Away",18,"12/12/23",14
"Kyren Williams","LAR","RB","W 28-20",22.8,0,0,0,27,152,1,5,3,0,7,0,2,0,24.5,0,0,"Wsh","Home",5,"12/19/23",15
"Kyren Williams","LAR","RB","W 30-22",20.8,0,0,0,22,104,1,0,0,0,0,0,0,0,16.4,0,0,"NO","Home",12,"12/26/23",16
"Kyren Williams","LAR","RB","W 26-25",20.2,0,0,0,20,87,3,2,14,0,2,0,0,0,30.1,0,0,"NYG","Away",1,"1/2/24",17
"La'Mical Perine","KC","RB","L 14-20",0,0,0,0,0,0,0,0,0,0,0,0,0,0,0,0,0,"LV","Home",92,"12/26/23",16
"La'Mical Perine","KC","RB","W 25-17",4.5,0,0,0,0,0,0,0,0,0,0,0,0,0,0,0,0,"Cin","Home",92.5,"1/2/24",17
"La'Mical Perine","KC","RB","W 13-12",10.1,0,0,0,21,76,0,3,33,0,4,0,0,0,13.9,0,0,"LAC","Away",15,"1/9/24",18
"Lamar Jackson","Bal","QB","W 25-9",22.5,169,0,1,6,38,0,0,0,0,0,0,1,0,6.56,17,22,"Hou","Home",27,"9/12/23",1
"Lamar Jackson","Bal","QB","W 27-24",20.6,237,2,0,12,54,0,0,0,0,0,0,0,0,22.88,24,33,"Cin","Away",9,"9/19/23",2
"Lamar Jackson","Bal","QB","L 19-22",20.8,202,0,0,14,101,2,0,0,0,0,0,1,0,28.18,22,31,"Ind","Home",3,"9/26/23",3
"Lamar Jackson","Bal","QB","W 28-3",17.9,186,2,0,9,27,2,0,0,0,0,0,1,0,28.14,15,19,"Cle","Away",3,"10/3/23",4
"Lamar Jackson","Bal","QB","L 10-17",20.8,236,0,1,6,45,0,0,0,0,0,0,1,0,9.94,22,38,"Pit","Away",20,"10/10/23",5
"Lamar Jackson","Bal","QB","W 24-16",21.4,223,1,1,13,62,0,0,0,0,0,0,0,0,17.12,21,30,"Ten","Away",8,"10/17/23",6
"Lamar Jackson","Bal","QB","W 38-6",19.1,357,3,0,9,36,1,0,0,0,0,0,1,0,33.88,21,27,"Det","Home",1,"10/24/23",7
"Lamar Jackson","Bal","QB","W 31-24",23.5,157,1,0,5,17,0,0,0,0,0,0,0,0,11.98,18,27,"Ari","Away",25,"10/31/23",8
"Lamar Jackson","Bal","QB","W 37-3",20.3,187,0,0,10,60,0,0,0,0,0,0,1,0,11.48,21,26,"Sea","Home",16,"11/7/23",9
"Lamar Jackson","Bal","QB","L 31-33",19.6,223,1,2,8,41,0,0,0,0,0,0,0,0,13.02,13,23,"Cle","Home",18,"11/14/23",10
"Lamar Jackson","Bal","QB","W 34-20",21.7,264,2,0,9,54,0,0,0,0,0,0,0,0,23.96,16,26,"Cin","Home",4,"11/21/23",11
"Lamar Jackson","Bal","QB","W 20-10",22.3,177,1,0,11,39,0,0,0,0,0,0,0,0,14.98,18,32,"LAC","Away",13,"11/28/23",12
"Lamar Jackson","Bal","QB","W 37-31",20.8,316,3,1,11,70,0,0,0,0,0,0,0,0,31.64,24,43,"LAR","Home",1,"12/12/23",14
"Lamar Jackson","Bal","QB","W 23-7",21.7,171,1,1,12,97,0,0,0,0,0,0,0,0,18.54,14,24,"Jax","Away",9,"12/19/23",15
"Lamar Jackson","Bal","QB","W 33-19",21.2,252,2,0,7,45,0,0,0,0,0,0,0,0,22.58,23,35,"SF","Away",8,"12/26/23",16
"Lamar Jackson","Bal","QB","W 56-19",20.6,321,5,0,6,35,0,0,0,0,0,0,0,0,36.34,18,21,"Mia","Home",1,"1/2/24",17
"Laquon Treadwell","Bal","WR","W 28-3",0,0,0,0,0,0,0,0,0,0,0,0,0,0,0,0,0,"Cle","Away",143,"10/3/23",4
"Laquon Treadwell","Bal","WR","L 10-17",0,0,0,0,0,0,0,0,0,0,0,0,0,0,0,0,0,"Pit","Away",124.5,"10/10/23",5
"Laquon Treadwell","Bal","WR","W 33-19",0,0,0,0,0,0,0,0,0,0,0,0,0,0,0,0,0,"SF","Away",144.5,"12/26/23",16
"Laquon Treadwell","Bal","WR","W 56-19",0,0,0,0,0,0,0,0,0,0,0,0,0,0,0,0,0,"Mia","Home",137.5,"1/2/24",17
"Laquon Treadwell","Bal","WR","L 10-17",6.2,0,0,0,0,0,0,1,16,0,3,0,0,0,2.6,0,0,"Pit","Home",93,"1/9/24",18
"Latavius Murray","Buf","RB","L 16-22",1.4,0,0,0,2,8,0,1,9,0,2,0,0,0,2.7,0,0,"NYJ","Away",59.5,"9/12/23",1
"Latavius Murray","Buf","RB","W 38-10",3.3,0,0,0,6,22,1,2,9,0,2,0,0,0,11.1,0,0,"LV","Home",23,"9/19/23",2
"Latavius Murray","Buf","RB","W 37-3",4.1,0,0,0,5,15,1,1,6,0,1,0,0,0,9.1,0,0,"Wsh","Away",26,"9/26/23",3
"Latavius Murray","Buf","RB","W 48-20",5.1,0,0,0,4,32,0,2,24,0,2,0,0,0,7.6,0,0,"Mia","Home",32,"10/3/23",4
"Latavius Murray","Buf","RB","L 20-25",5.6,0,0,0,2,6,0,1,1,0,1,0,0,0,1.7,0,0,"Jax","Home",58.5,"10/10/23",5
"Latavius Murray","Buf","RB","W 14-9",6.1,0,0,0,12,45,0,0,0,0,0,0,0,0,4.5,0,0,"NYG","Home",43,"10/17/23",6
"Latavius Murray","Buf","RB","L 25-29",8.8,0,0,0,4,8,0,2,20,0,2,0,0,0,4.8,0,0,"NE","Away",44,"10/24/23",7
"Latavius Murray","Buf","RB","W 24-18",8.6,0,0,0,5,7,0,1,4,0,1,0,0,0,2.1,0,0,"TB","Home",65.5,"10/31/23",8
"Latavius Murray","Buf","RB","L 18-24",7.1,0,0,0,2,4,0,1,6,0,1,0,0,0,2,0,0,"Cin","Away",58,"11/7/23",9
"Latavius Murray","Buf","RB","L 22-24",7.7,0,0,0,9,68,1,2,1,0,3,0,0,0,14.9,0,0,"Den","Home",16,"11/14/23",10
"Latavius Murray","Buf","RB","W 32-6",8,0,0,0,10,35,0,0,0,0,0,0,0,0,3.5,0,0,"NYJ","Home",45.5,"11/21/23",11
"Latavius Murray","Buf","RB","L 34-37",5.8,0,0,0,9,30,0,3,18,0,5,0,0,0,7.8,0,0,"Phi","Away",37,"11/28/23",12
"Latavius Murray","Buf","RB","W 20-17",7.4,0,0,0,3,9,0,1,21,0,1,0,0,0,4,0,0,"KC","Away",49.5,"12/12/23",14
"Latavius Murray","Buf","RB","W 31-10",5.2,0,0,0,5,11,1,0,0,0,0,0,0,0,7.1,0,0,"Dal","Home",37.5,"12/19/23",15
"Latavius Murray","Buf","RB","W 24-22",7.8,0,0,0,0,0,0,0,0,0,0,0,0,0,0,0,0,"LAC","Away",92,"12/26/23",16
"Latavius Murray","Buf","RB","W 27-21",3,0,0,0,1,0,0,0,0,0,1,0,0,0,0,0,0,"NE","Home",92.5,"1/2/24",17
"Laviska Shenault Jr.","Car","WR","L 10-24",6.6,0,0,0,2,5,0,2,16,0,2,0,0,0,4.1,0,0,"Atl","Away",80,"9/12/23",1
"Laviska Shenault Jr.","Car","WR","L 17-20",2.1,0,0,0,1,7,0,0,0,0,0,0,0,0,0.7,0,0,"NO","Home",123,"9/19/23",2
"Laviska Shenault Jr.","Car","WR","L 27-37",2.5,0,0,0,2,7,0,1,0,0,1,0,0,0,1.7,0,0,"Sea","Away",105,"9/26/23",3
"Laviska Shenault Jr.","Car","WR","L 13-21",6,0,0,0,1,7,0,1,12,0,1,0,0,0,2.9,0,0,"Min","Home",92,"10/3/23",4
"Laviska Shenault Jr.","Car","WR","L 24-42",1.9,0,0,0,5,27,0,0,0,0,0,0,0,0,2.7,0,0,"Det","Away",79,"10/10/23",5
"Laviska Shenault Jr.","Car","WR","L 21-42",4.2,0,0,0,1,2,0,3,15,0,3,0,0,0,4.7,0,0,"Mia","Away",71,"10/17/23",6
"Laviska Shenault Jr.","Car","WR","L 10-33",3.7,0,0,0,0,0,0,2,9,0,2,0,0,0,2.9,0,0,"Dal","Home",81,"11/21/23",11
"Laviska Shenault Jr.","Car","WR","L 10-17",4.9,0,0,0,0,0,0,1,8,0,1,0,0,0,1.8,0,0,"Ten","Away",107.5,"11/28/23",12
"Lawrence Cager","NYG","TE","L 0-40",0,0,0,0,0,0,0,2,17,0,2,0,0,0,3.7,0,0,"Dal","Home",35,"9/12/23",1
"Lawrence Cager","NYG","TE","L 12-30",0,0,0,0,0,0,0,0,0,0,0,0,0,0,0,0,0,"SF","Away",79,"9/26/23",3
"Lawrence Cager","NYG","TE","L 3-24",0,0,0,0,0,0,0,0,0,0,0,0,0,0,0,0,0,"Sea","Home",79.5,"10/3/23",4
"Lawrence Cager","NYG","TE","L 16-31",1.7,0,0,0,0,0,0,0,0,0,0,0,0,0,0,0,0,"Mia","Away",71,"10/10/23",5
"Lawrence Cager","NYG","TE","L 6-30",2.2,0,0,0,0,0,0,0,0,0,0,0,0,0,0,0,0,"LV","Away",68,"11/7/23",9
"Lawrence Cager","NYG","TE","L 17-49",1.4,0,0,0,0,0,0,1,10,1,2,0,0,0,8,0,0,"Dal","Away",15.5,"11/14/23",10
"Lawrence Cager","NYG","TE","W 31-19",2.5,0,0,0,0,0,0,0,0,0,0,0,0,0,0,0,0,"Wsh","Away",67,"11/21/23",11
"Lawrence Cager","NYG","TE","W 10-7",1.5,0,0,0,0,0,0,0,0,0,0,0,0,0,0,0,0,"NE","Home",78,"11/28/23",12
"Lawrence Cager","NYG","TE","W 24-22",1.6,0,0,0,0,0,0,0,0,0,0,0,0,0,0,0,0,"GB","Home",73,"12/12/23",14
"Lawrence Cager","NYG","TE","L 6-24",0,0,0,0,0,0,0,1,9,0,1,0,0,0,1.9,0,0,"NO","Away",51.5,"12/19/23",15
"Leonard Fournette","Buf","RB","W 24-22",3,0,0,0,5,20,0,0,0,0,0,0,0,0,2,0,0,"LAC","Away",63.5,"12/26/23",16
"Leonard Fournette","Buf","RB","W 21-14",0,0,0,0,7,20,0,0,0,0,0,0,0,0,2,0,0,"Mia","Away",57,"1/9/24",18
"Lil'Jordan Humphrey","Den","WR","L 16-17",1.6,0,0,0,0,0,0,2,11,1,2,0,0,0,9.1,0,0,"LV","Home",44.5,"9/12/23",1
"Lil'Jordan Humphrey","Den","WR","L 33-35",3.1,0,0,0,0,0,0,1,4,0,2,0,0,0,1.4,0,0,"Wsh","Home",116,"9/19/23",2
"Lil'Jordan Humphrey","Den","WR","L 20-70",2.8,0,0,0,0,0,0,0,0,0,0,0,0,0,0,0,0,"Mia","Away",141,"9/26/23",3
"Lil'Jordan Humphrey","Den","WR","W 31-28",0.6,0,0,0,0,0,0,1,11,0,1,0,0,0,2.1,0,0,"Chi","Away",103.5,"10/3/23",4
"Lil'Jordan Humphrey","Den","WR","L 21-31",2.2,0,0,0,0,0,0,0,0,0,0,0,0,0,0,0,0,"NYJ","Home",124.5,"10/10/23",5
"Lil'Jordan Humphrey","Den","WR","L 8-19",0,0,0,0,0,0,0,0,0,0,0,0,0,0,0,0,0,"KC","Away",128,"10/17/23",6
"Lil'Jordan Humphrey","Den","WR","W 19-17",0,0,0,0,0,0,0,0,0,0,0,0,0,0,0,0,0,"GB","Home",116,"10/24/23",7
"Lil'Jordan Humphrey","Den","WR","W 24-9",2.5,0,0,0,0,0,0,0,0,0,0,0,0,0,0,0,0,"KC","Home",138,"10/31/23",8
"Lil'Jordan Humphrey","Den","WR","W 24-22",1.5,0,0,0,0,0,0,1,14,0,1,0,0,0,2.4,0,0,"Buf","Away",86,"11/14/23",10
"Lil'Jordan Humphrey","Den","WR","W 21-20",0.9,0,0,0,0,0,0,0,0,0,1,0,0,0,0,0,0,"Min","Home",126,"11/21/23",11
"Lil'Jordan Humphrey","Den","WR","W 29-12",0.9,0,0,0,0,0,0,1,13,0,1,0,0,0,2.3,0,0,"Cle","Home",103,"11/28/23",12
"Lil'Jordan Humphrey","Den","WR","L 17-22",0,0,0,0,0,0,0,1,12,0,1,0,0,0,2.2,0,0,"Hou","Away",72.5,"12/5/23",13
"Lil'Jordan Humphrey","Den","WR","W 24-7",0.5,0,0,0,0,0,0,1,12,0,1,0,0,0,2.2,0,0,"LAC","Away",93,"12/12/23",14
"Lil'Jordan Humphrey","Den","WR","L 17-42",1.5,0,0,0,0,0,0,3,16,1,4,0,0,0,10.6,0,0,"Det","Away",32.5,"12/19/23",15
"Lil'Jordan Humphrey","Den","WR","L 23-26",1.8,0,0,0,0,0,0,0,0,0,0,0,0,0,0,0,0,"NE","Home",144.5,"12/26/23",16
"Lil'Jordan Humphrey","Den","WR","W 16-9",5.9,0,0,0,0,0,0,2,69,1,4,0,0,0,14.9,0,0,"LAC","Home",26,"1/2/24",17
"Lil'Jordan Humphrey","Den","WR","L 14-27",0.9,0,0,0,0,0,0,0,0,0,1,0,0,0,0,0,0,"LV","Away",142.5,"1/9/24",18
"Logan Thomas","Wsh","TE","W 20-16",7.1,0,0,0,0,0,0,4,43,0,8,0,0,0,8.3,0,0,"Ari","Home",11,"9/12/23",1
"Logan Thomas","Wsh","TE","W 35-33",8,0,0,0,0,0,0,2,22,1,3,0,0,0,10.2,0,0,"Den","Away",10,"9/19/23",2
"Logan Thomas","Wsh","TE","L 31-34",8.5,0,0,0,1,2,0,3,41,0,3,0,0,0,7.3,0,0,"Phi","Away",22,"10/3/23",4
"Logan Thomas","Wsh","TE","L 20-40",6.8,0,0,0,0,0,0,9,77,1,11,0,1,0,20.7,0,0,"Chi","Home",4,"10/10/23",5
"Logan Thomas","Wsh","TE","W 24-16",9.2,0,0,0,0,0,0,1,2,0,1,0,0,0,1.2,0,0,"Atl","Away",50,"10/17/23",6
"Logan Thomas","Wsh","TE","L 7-14",8.7,0,0,0,0,0,0,4,51,0,6,0,0,0,9.1,0,0,"NYG","Away",14,"10/24/23",7
"Logan Thomas","Wsh","TE","L 31-38",9.1,0,0,0,0,0,0,6,44,1,8,0,0,0,16.4,0,0,"Phi","Home",10,"10/31/23",8
"Logan Thomas","Wsh","TE","W 20-17",9.5,0,0,0,0,0,0,4,31,0,5,0,0,0,7.1,0,0,"NE","Away",23,"11/7/23",9
"Logan Thomas","Wsh","TE","L 26-29",8.9,0,0,0,0,0,0,5,40,0,5,0,0,0,9,0,0,"Sea","Away",13,"11/14/23",10
"Logan Thomas","Wsh","TE","L 19-31",8.9,0,0,0,0,0,0,5,58,0,8,0,1,0,8.8,0,0,"NYG","Home",14,"11/21/23",11
"Logan Thomas","Wsh","TE","L 10-45",9.4,0,0,0,0,0,0,2,15,0,4,0,0,0,3.5,0,0,"Dal","Away",35,"11/28/23",12
"Logan Thomas","Wsh","TE","L 15-45",9.2,0,0,0,0,0,0,0,0,0,1,0,0,0,2,0,0,"Mia","Home",39,"12/5/23",13
"Logan Thomas","Wsh","TE","L 20-28",7.4,0,0,0,0,0,0,1,7,0,3,0,0,0,1.7,0,0,"LAR","Away",54.5,"12/19/23",15
"Logan Thomas","Wsh","TE","L 28-30",5.8,0,0,0,0,0,0,5,36,1,6,0,0,0,14.6,0,0,"NYJ","Away",7,"12/26/23",16
"Logan Thomas","Wsh","TE","L 10-27",7.4,0,0,0,0,0,0,3,20,0,4,0,0,0,5,0,0,"SF","Home",31,"1/2/24",17
"Logan Thomas","Wsh","TE","L 10-38",7.7,0,0,0,0,0,0,1,9,0,2,0,0,0,1.9,0,0,"Dal","Home",49,"1/9/24",18
"Logan Woodside","Atl","QB","L 17-48",0,27,0,1,1,6,0,0,0,0,0,0,0,0,-0.32,3,4,"NO","Away",42,"1/9/24",18
"Lucas Krull","Den","TE","W 24-22",0,0,0,0,0,0,0,0,0,0,1,0,0,0,0,0,0,"Buf","Away",69.5,"11/14/23",10
"Lucas Krull","Den","TE","L 17-22",0,0,0,0,0,0,0,0,0,0,1,0,0,0,0,0,0,"Hou","Away",66,"12/5/23",13
"Lucas Krull","Den","TE","W 24-7",0,0,0,0,0,0,0,1,35,0,1,0,0,0,4.5,0,0,"LAC","Away",32,"12/12/23",14
"Lucas Krull","Den","TE","L 17-42",0,0,0,0,0,0,0,1,18,0,3,0,0,0,2.8,0,0,"Det","Away",46,"12/19/23",15
"Lucas Krull","Den","TE","L 23-26",2.3,0,0,0,0,0,0,4,28,1,5,0,0,0,12.8,0,0,"NE","Home",11,"12/26/23",16
"Lucas Krull","Den","TE","W 16-9",5.1,0,0,0,0,0,0,2,14,0,2,0,0,0,3.4,0,0,"LAC","Home",40.5,"1/2/24",17
"Lucas Krull","Den","TE","L 14-27",3.9,0,0,0,0,0,0,0,0,0,1,0,0,0,0,0,0,"LV","Away",76.5,"1/9/24",18
"Lucky Jackson","Min","WR","L 24-30",NA,0,0,0,0,0,0,0,0,0,0,0,0,0,0,0,0,"Det","Home",144.5,"12/26/23",16
"Lucky Jackson","Min","WR","L 10-33",0,0,0,0,0,0,0,0,0,0,0,0,0,0,0,0,0,"GB","Home",137.5,"1/2/24",17
"Lucky Jackson","Min","WR","L 20-30",0,0,0,0,0,0,0,0,0,0,0,0,0,0,0,0,0,"Det","Away",142.5,"1/9/24",18
"Luke Farrell","Jax","TE","W 31-21",0,0,0,0,0,0,0,0,0,0,0,0,0,0,0,0,0,"Ind","Away",75,"9/12/23",1
"Luke Farrell","Jax","TE","L 9-17",0.5,0,0,0,0,0,0,0,0,0,0,0,0,0,0,0,0,"KC","Home",76,"9/19/23",2
"Luke Farrell","Jax","TE","L 17-37",0.2,0,0,0,0,0,0,1,4,0,1,0,0,0,1.4,0,0,"Hou","Home",56,"9/26/23",3
"Luke Farrell","Jax","TE","W 23-7",0.5,0,0,0,0,0,0,2,10,0,2,0,0,0,3,0,0,"Atl","Home",36,"10/3/23",4
"Luke Farrell","Jax","TE","W 25-20",1.1,0,0,0,0,0,0,1,16,0,1,0,0,0,2.6,0,0,"Buf","Away",46,"10/10/23",5
"Luke Farrell","Jax","TE","W 37-20",1.7,0,0,0,0,0,0,0,0,0,0,0,0,0,0,0,0,"Ind","Home",72,"10/17/23",6
"Luke Farrell","Jax","TE","W 31-24",0.5,0,0,0,0,0,0,0,0,0,0,0,0,0,0,0,0,"NO","Away",62,"10/24/23",7
"Luke Farrell","Jax","TE","W 20-10",0.5,0,0,0,0,0,0,1,5,0,1,0,0,0,1.5,0,0,"Pit","Away",46,"10/31/23",8
"Luke Farrell","Jax","TE","L 3-34",1.1,0,0,0,0,0,0,0,0,0,0,0,0,0,0,0,0,"SF","Home",69.5,"11/14/23",10
"Luke Farrell","Jax","TE","W 34-14",0.6,0,0,0,0,0,0,2,21,0,2,0,0,0,4.1,0,0,"Ten","Home",27,"11/21/23",11
"Luke Farrell","Jax","TE","W 24-21",0.6,0,0,0,0,0,0,3,55,0,5,0,0,0,8.5,0,0,"Hou","Away",14.5,"11/28/23",12
"Luke Farrell","Jax","TE","L 31-34",2.9,0,0,0,0,0,0,1,9,0,1,0,0,0,1.9,0,0,"Cin","Home",40,"12/5/23",13
"Luke Farrell","Jax","TE","L 27-31",2.8,0,0,0,0,0,0,0,0,0,0,0,0,0,0,0,0,"Cle","Away",73,"12/12/23",14
"Luke Farrell","Jax","TE","L 7-23",1.8,0,0,0,0,0,0,1,28,0,1,0,0,0,3.8,0,0,"Bal","Home",38.5,"12/19/23",15
"Luke Farrell","Jax","TE","L 12-30",1.8,0,0,0,0,0,0,0,0,0,0,0,0,0,0,0,0,"TB","Away",78,"12/26/23",16
"Luke Farrell","Jax","TE","W 26-0",1.1,0,0,0,0,0,0,1,7,0,1,0,0,0,1.7,0,0,"Car","Home",50,"1/2/24",17
"Luke Farrell","Jax","TE","L 20-28",1.8,0,0,0,0,0,0,0,0,0,0,0,0,0,0,0,0,"Ten","Away",76.5,"1/9/24",18
"Luke Musgrave","GB","TE","W 38-20",6.7,0,0,0,0,0,0,3,50,0,4,0,0,0,8,0,0,"Chi","Away",13,"9/12/23",1
"Luke Musgrave","GB","TE","L 24-25",8.5,0,0,0,0,0,0,2,25,0,3,0,0,0,4.5,0,0,"Atl","Away",37,"9/19/23",2
"Luke Musgrave","GB","TE","W 18-17",8,0,0,0,0,0,0,6,49,0,8,0,0,0,10.9,0,0,"NO","Home",10,"9/26/23",3
"Luke Musgrave","GB","TE","L 20-34",9.1,0,0,0,0,0,0,1,1,0,1,0,0,0,1.1,0,0,"Det","Home",55,"10/3/23",4
"Luke Musgrave","GB","TE","L 13-17",8.2,0,0,0,0,0,0,6,34,0,7,0,0,0,9.4,0,0,"LV","Away",15,"10/10/23",5
"Luke Musgrave","GB","TE","L 17-19",8.3,0,0,0,0,0,0,4,30,0,5,0,0,0,7,0,0,"Den","Away",18,"10/24/23",7
"Luke Musgrave","GB","TE","L 10-24",8.4,0,0,0,0,0,0,2,9,0,3,0,0,0,2.9,0,0,"Min","Home",32,"10/31/23",8
"Luke Musgrave","GB","TE","W 20-3",7,0,0,0,0,0,0,3,51,1,4,0,0,0,14.1,0,0,"LAR","Home",9,"11/7/23",9
"Luke Musgrave","GB","TE","L 19-23",7.6,0,0,0,0,0,0,2,64,0,4,0,0,0,8.4,0,0,"Pit","Away",14,"11/14/23",10
"Luke Musgrave","GB","TE","W 23-20",8.3,0,0,0,0,0,0,4,28,0,6,0,0,0,6.8,0,0,"LAC","Home",19,"11/21/23",11
"Luke Musgrave","GB","TE","W 17-9",3.9,0,0,0,0,0,0,1,11,0,1,0,0,0,2.1,0,0,"Chi","Home",47.5,"1/9/24",18
"Luke Schoonmaker","Dal","TE","W 40-0",2.4,0,0,0,0,0,0,0,0,0,0,0,0,0,0,0,0,"NYG","Away",75,"9/12/23",1
"Luke Schoonmaker","Dal","TE","W 30-10",0.5,0,0,0,0,0,0,1,1,1,1,0,0,0,7.1,0,0,"NYJ","Home",26,"9/19/23",2
"Luke Schoonmaker","Dal","TE","L 16-28",0.6,0,0,0,0,0,0,0,0,0,1,0,0,0,0,0,0,"Ari","Away",79,"9/26/23",3
"Luke Schoonmaker","Dal","TE","W 38-3",1.1,0,0,0,0,0,0,0,0,0,3,0,0,0,0,0,0,"NE","Home",79.5,"10/3/23",4
"Luke Schoonmaker","Dal","TE","L 10-42",2.9,0,0,0,0,0,0,0,0,0,1,0,0,0,0,0,0,"SF","Away",71,"10/10/23",5
"Luke Schoonmaker","Dal","TE","W 20-17",2.4,0,0,0,0,0,0,0,0,0,0,0,0,0,0,0,0,"LAC","Away",72,"10/17/23",6
"Luke Schoonmaker","Dal","TE","W 43-20",1.8,0,0,0,0,0,0,1,13,0,1,0,0,0,2.3,0,0,"LAR","Home",37,"10/31/23",8
"Luke Schoonmaker","Dal","TE","L 23-28",2.6,0,0,0,0,0,0,1,0,0,1,0,0,0,1,0,0,"Phi","Away",46,"11/7/23",9
"Luke Schoonmaker","Dal","TE","W 49-17",1.8,0,0,0,0,0,0,0,0,0,1,0,0,0,0,0,0,"NYG","Home",69.5,"11/14/23",10
"Luke Schoonmaker","Dal","TE","W 33-10",1.9,0,0,0,0,0,0,2,23,1,2,0,0,0,10.3,0,0,"Car","Away",8,"11/21/23",11
"Luke Schoonmaker","Dal","TE","W 45-10",2.1,0,0,0,0,0,0,1,12,0,2,0,0,0,2.2,0,0,"Wsh","Home",42.5,"11/28/23",12
"Luke Schoonmaker","Dal","TE","W 41-35",2.7,0,0,0,0,0,0,1,12,0,1,0,0,0,2.2,0,0,"Sea","Home",36,"12/5/23",13
"Luke Schoonmaker","Dal","TE","W 33-13",0.7,0,0,0,0,0,0,0,0,0,0,0,0,0,0,0,0,"Phi","Home",73,"12/12/23",14
"Luke Schoonmaker","Dal","TE","L 10-31",1.4,0,0,0,0,0,0,0,0,0,0,0,0,0,0,0,0,"Buf","Away",81.5,"12/19/23",15
"Luke Schoonmaker","Dal","TE","L 20-22",0.7,0,0,0,0,0,0,1,4,0,1,0,0,0,1.4,0,0,"Mia","Away",58.5,"12/26/23",16
"Luke Schoonmaker","Dal","TE","W 20-19",1.4,0,0,0,0,0,0,0,0,0,0,0,0,0,0,0,0,"Det","Home",76,"1/2/24",17
"Luke Schoonmaker","Dal","TE","W 38-10",1.3,0,0,0,0,0,0,0,0,0,0,0,0,0,0,0,0,"Wsh","Away",76.5,"1/9/24",18
"Lynn Bowden Jr.","NO","WR","L 17-18",0,0,0,0,0,0,0,0,0,0,0,0,0,0,0,0,0,"GB","Away",141,"9/26/23",3
"Lynn Bowden Jr.","NO","WR","L 9-26",0,0,0,0,0,0,0,0,0,0,1,0,0,0,0,0,0,"TB","Home",143,"10/3/23",4
"Lynn Bowden Jr.","NO","WR","W 34-0",0.3,0,0,0,0,0,0,0,0,0,0,0,0,0,0,0,0,"NE","Away",124.5,"10/10/23",5
"Lynn Bowden Jr.","NO","WR","L 13-20",0,0,0,0,0,0,0,0,0,0,0,0,0,0,0,0,0,"Hou","Away",128,"10/17/23",6
"Lynn Bowden Jr.","NO","WR","L 24-31",0.5,0,0,0,0,0,0,0,0,0,0,0,0,0,0,0,0,"Jax","Home",116,"10/24/23",7
"Lynn Bowden Jr.","NO","WR","W 38-27",0.3,0,0,0,0,0,0,0,0,0,0,0,0,0,0,0,0,"Ind","Away",138,"10/31/23",8
"Lynn Bowden Jr.","NO","WR","W 24-17",0.3,0,0,0,0,0,0,0,0,0,0,0,0,0,0,0,0,"Chi","Home",126.5,"11/7/23",9
"Lynn Bowden Jr.","NO","WR","L 19-27",0,0,0,0,0,0,0,1,12,0,1,0,0,0,2.2,0,0,"Min","Away",87.5,"11/14/23",10
"Lynn Bowden Jr.","NO","WR","L 15-24",1.1,0,0,0,2,40,0,0,0,0,2,0,0,0,4,0,0,"Atl","Away",85,"11/28/23",12
"Lynn Bowden Jr.","NO","WR","L 28-33",5.7,0,0,0,2,-6,0,1,5,0,1,0,0,0,0.9,0,0,"Det","Home",88.5,"12/5/23",13
"Lynn Bowden Jr.","NO","WR","W 28-6",4.9,0,0,0,0,0,0,4,24,0,4,0,0,0,6.4,0,0,"Car","Home",53,"12/12/23",14
"Lynn Bowden Jr.","NO","WR","W 24-6",6.4,0,0,0,0,0,0,3,31,0,5,0,0,0,6.1,0,0,"NYG","Home",61.5,"12/19/23",15
"Lynn Bowden Jr.","NO","WR","L 22-30",3.6,0,0,0,0,0,0,0,0,0,0,0,0,0,0,0,0,"LAR","Away",144.5,"12/26/23",16
"Lynn Bowden Jr.","NO","WR","W 23-13",2,0,0,0,0,0,0,1,6,0,1,0,0,0,1.6,0,0,"TB","Away",98.5,"1/2/24",17
"Lynn Bowden Jr.","NO","WR","W 48-17",2.3,0,0,0,1,-2,0,1,5,0,1,0,0,0,1.3,0,0,"Atl","Home",113,"1/9/24",18
"Mac Jones","NE","QB","L 20-25",14.7,316,3,1,2,15,0,0,0,0,0,0,0,0,24.14,35,54,"Phi","Home",2,"9/12/23",1
"Mac Jones","NE","QB","L 17-24",14.2,231,1,1,5,25,0,0,0,0,0,0,0,0,13.74,31,42,"Mia","Home",24,"9/19/23",2
"Mac Jones","NE","QB","W 15-10",13.3,201,1,0,4,13,0,0,0,0,0,0,0,0,13.34,15,29,"NYJ","Away",21,"9/26/23",3
"Mac Jones","NE","QB","L 3-38",13.6,150,0,2,3,7,0,0,0,0,0,0,1,0,0.7,12,21,"Dal","Away",36,"10/3/23",4
"Mac Jones","NE","QB","L 0-34",12.8,110,0,2,1,0,0,0,0,0,0,0,1,0,-1.6,12,22,"NO","Home",37,"10/10/23",5
"Mac Jones","NE","QB","L 17-21",13,200,0,1,1,-1,0,0,0,0,0,0,0,0,5.9,24,33,"LV","Away",27,"10/17/23",6
"Mac Jones","NE","QB","W 29-25",11,272,2,0,3,11,0,0,0,0,0,0,0,0,19.98,25,30,"Buf","Home",8,"10/24/23",7
"Mac Jones","NE","QB","L 17-31",13.4,161,2,1,1,-2,0,0,0,0,0,0,0,0,12.24,19,29,"Mia","Away",23,"10/31/23",8
"Mac Jones","NE","QB","L 17-20",13.4,220,1,1,3,3,0,0,0,0,0,0,0,0,11.1,24,44,"Wsh","Home",17,"11/7/23",9
"Mac Jones","NE","QB","L 6-10",12.6,170,0,1,3,25,0,0,0,0,0,0,0,0,7.3,15,20,"Ind","Home",25,"11/14/23",10
"Mac Jones","NE","QB","L 7-10",11.7,89,0,2,0,0,0,0,0,0,0,0,0,0,-0.44,12,21,"NYG","Away",39,"11/28/23",12
"Mack Hollins","Atl","WR","W 24-10",6.3,0,0,0,0,0,0,3,31,0,4,0,0,0,6.1,0,0,"Car","Home",64.5,"9/12/23",1
"Mack Hollins","Atl","WR","W 25-24",6,0,0,0,0,0,0,3,60,0,6,0,0,0,9,0,0,"GB","Home",56,"9/19/23",2
"Mack Hollins","Atl","WR","L 6-20",7.2,0,0,0,0,0,0,1,23,0,4,0,0,0,3.3,0,0,"Det","Away",90,"9/26/23",3
"Mack Hollins","Atl","WR","L 7-23",5.9,0,0,0,0,0,0,0,0,0,3,0,0,0,0,0,0,"Jax","Away",143,"10/3/23",4
"Mack Hollins","Atl","WR","W 21-19",5.2,0,0,0,0,0,0,2,29,0,2,0,0,0,4.9,0,0,"Hou","Home",61,"10/10/23",5
"Mack Hollins","Atl","WR","L 16-24",3.5,0,0,0,0,0,0,3,41,0,4,0,0,0,7.1,0,0,"Wsh","Home",52,"10/17/23",6
"Mack Hollins","Atl","WR","W 16-13",2.4,0,0,0,0,0,0,0,0,0,0,0,0,0,0,0,0,"TB","Away",116,"10/24/23",7
"Mack Hollins","Atl","WR","L 23-28",1.3,0,0,0,0,0,0,2,27,0,3,0,0,0,4.7,0,0,"Ten","Away",84,"10/31/23",8
"Mack Hollins","Atl","WR","L 28-31",3.6,0,0,0,0,0,0,3,36,0,3,0,0,0,6.6,0,0,"Min","Home",50.5,"11/7/23",9
"Mack Hollins","Atl","WR","L 25-29",0,0,0,0,0,0,0,1,4,0,1,0,0,0,1.4,0,0,"TB","Home",105.5,"12/12/23",14
"Mack Hollins","Atl","WR","W 29-10",0,0,0,0,0,0,0,0,0,0,0,0,0,0,0,0,0,"Ind","Home",144.5,"12/26/23",16
"Mack Hollins","Atl","WR","L 17-37",0,0,0,0,0,0,0,0,0,0,0,0,0,0,0,0,0,"Chi","Away",137.5,"1/2/24",17
"Mack Hollins","Atl","WR","L 17-48",0,0,0,0,0,0,0,0,0,0,0,0,0,0,0,0,0,"NO","Away",142.5,"1/9/24",18
"Malik Cunningham","NE","QB","L 17-21",0,0,0,0,0,0,0,0,0,0,0,0,0,0,0,0,0,"LV","Away",35.5,"10/17/23",6
"Malik Cunningham","Bal","QB","L 10-17",0,0,0,0,0,0,0,0,0,0,0,0,0,0,0,0,0,"Pit","Home",39.5,"1/9/24",18
"Malik Davis","Dal","RB","W 20-17",0,0,0,0,0,0,0,0,0,0,0,0,0,0,0,0,0,"LAC","Away",93,"10/17/23",6
"Malik Davis","Dal","RB","L 10-31",0,0,0,0,0,0,0,0,0,0,0,0,0,0,0,0,0,"Buf","Away",94,"12/19/23",15
"Malik Davis","Dal","RB","L 20-22",0,0,0,0,0,0,0,0,0,0,0,0,0,0,0,0,0,"Mia","Away",92,"12/26/23",16
"Malik Heath","GB","WR","W 38-20",3.2,0,0,0,0,0,0,0,0,0,1,0,0,0,0,0,0,"Chi","Away",135,"9/12/23",1
"Malik Heath","GB","WR","L 24-25",3.7,0,0,0,0,0,0,0,0,0,1,0,0,0,0,0,0,"Atl","Away",145,"9/19/23",2
"Malik Heath","GB","WR","W 18-17",2,0,0,0,0,0,0,0,0,0,2,0,0,0,0,0,0,"NO","Home",141,"9/26/23",3
"Malik Heath","GB","WR","W 20-3",0.9,0,0,0,0,0,0,0,0,0,1,0,0,0,0,0,0,"LAR","Home",126.5,"11/7/23",9
"Malik Heath","GB","WR","L 19-23",0.9,0,0,0,0,0,0,0,0,0,0,0,0,0,0,0,0,"Pit","Away",123.5,"11/14/23",10
"Malik Heath","GB","WR","W 23-20",0.5,0,0,0,0,0,0,1,7,0,1,0,0,0,1.7,0,0,"LAC","Home",94.5,"11/21/23",11
"Malik Heath","GB","WR","W 29-22",3.8,0,0,0,0,0,0,4,46,0,4,0,0,0,8.6,0,0,"Det","Away",49,"11/28/23",12
"Malik Heath","GB","WR","W 27-19",2.1,0,0,0,0,0,0,1,15,0,2,0,0,0,2.5,0,0,"KC","Home",69,"12/5/23",13
"Malik Heath","GB","WR","L 22-24",3.8,0,0,0,0,0,0,1,6,1,2,0,0,0,7.6,0,0,"NYG","Away",44,"12/12/23",14
"Malik Heath","GB","WR","L 20-34",4,0,0,0,0,0,0,3,29,0,3,0,0,0,5.9,0,0,"TB","Home",65.5,"12/19/23",15
"Malik Heath","GB","WR","W 33-30",7.8,0,0,0,0,0,0,1,0,0,1,0,0,0,1,0,0,"Car","Away",120,"12/26/23",16
"Malik Heath","GB","WR","W 33-10",5.5,0,0,0,0,0,0,1,13,0,2,0,0,0,2.3,0,0,"Min","Away",88.5,"1/2/24",17
"Malik Heath","GB","WR","W 17-9",2.1,0,0,0,0,0,0,3,9,0,4,0,0,0,3.9,0,0,"Chi","Home",76,"1/9/24",18
"Malik Taylor","NYJ","WR","W 13-10",0,0,0,0,0,0,0,0,0,0,0,0,0,0,0,0,0,"NYG","Away",138,"10/31/23",8
"Malik Taylor","NYJ","WR","L 6-27",0,0,0,0,0,0,0,1,7,0,2,0,0,0,1.7,0,0,"LAC","Home",97,"11/7/23",9
"Malik Taylor","NYJ","WR","L 12-16",0.8,0,0,0,0,0,0,1,6,0,2,0,0,0,1.6,0,0,"LV","Away",99.5,"11/14/23",10
"Malik Willis","Ten","QB","L 3-27",0,0,0,0,0,0,0,0,0,0,0,0,0,0,0,0,0,"Cle","Away",38,"9/26/23",3
"Malik Willis","Ten","QB","L 16-24",0,74,0,0,3,17,0,0,0,0,0,0,0,0,4.66,4,5,"Bal","Home",30,"10/17/23",6
"Malik Willis","Ten","QB","W 28-23",1.2,0,0,0,2,4,0,0,0,0,0,0,1,0,-1.6,0,0,"Atl","Home",41,"10/31/23",8
"Marcedes Lewis","Chi","TE","L 20-38",0.5,0,0,0,0,0,0,0,0,0,0,0,0,0,0,0,0,"GB","Home",75,"9/12/23",1
"Marcedes Lewis","Chi","TE","L 17-27",0,0,0,0,0,0,0,0,0,0,0,0,0,0,0,0,0,"TB","Away",76,"9/19/23",2
"Marcedes Lewis","Chi","TE","L 10-41",0,0,0,0,0,0,0,0,0,0,0,0,0,0,0,0,0,"KC","Away",79,"9/26/23",3
"Marcedes Lewis","Chi","TE","L 28-31",0,0,0,0,0,0,0,1,8,0,1,0,0,0,1.8,0,0,"Den","Home",46,"10/3/23",4
"Marcedes Lewis","Chi","TE","W 40-20",0.5,0,0,0,0,0,0,0,0,0,0,0,0,0,0,0,0,"Wsh","Away",71,"10/10/23",5
"Marcedes Lewis","Chi","TE","L 13-19",0,0,0,0,0,0,0,0,0,0,0,0,0,0,0,0,0,"Min","Home",72,"10/17/23",6
"Marcedes Lewis","Chi","TE","W 30-12",0,0,0,0,0,0,0,1,16,0,1,0,0,0,2.6,0,0,"LV","Home",30.5,"10/24/23",7
"Marcedes Lewis","Chi","TE","L 13-30",0.5,0,0,0,0,0,0,0,0,0,0,0,0,0,0,0,0,"LAC","Away",73,"10/31/23",8
"Marcedes Lewis","Chi","TE","L 17-24",0.5,0,0,0,0,0,0,0,0,0,0,0,0,0,0,0,0,"NO","Away",68,"11/7/23",9
"Marcedes Lewis","Chi","TE","W 16-13",0.5,0,0,0,0,0,0,0,0,0,0,0,0,0,0,0,0,"Car","Home",69.5,"11/14/23",10
"Marcedes Lewis","Chi","TE","L 26-31",0.5,0,0,0,0,0,0,0,0,0,1,0,0,0,0,0,0,"Det","Away",67,"11/21/23",11
"Marcedes Lewis","Chi","TE","W 12-10",0.5,0,0,0,0,0,0,0,0,0,0,0,0,0,0,0,0,"Min","Away",78,"11/28/23",12
"Marcedes Lewis","Chi","TE","W 28-13",0.5,0,0,0,0,0,0,1,4,0,1,0,0,0,1.4,0,0,"Det","Home",47,"12/12/23",14
"Marcedes Lewis","Chi","TE","L 17-20",0.5,0,0,0,0,0,0,0,0,0,0,0,0,0,0,0,0,"Cle","Away",81.5,"12/19/23",15
"Marcedes Lewis","Chi","TE","W 27-16",0.5,0,0,0,0,0,0,1,1,1,1,0,0,0,7.1,0,0,"Ari","Home",28,"12/26/23",16
"Marcedes Lewis","Chi","TE","W 37-17",0.5,0,0,0,0,0,0,0,0,0,0,0,0,0,0,0,0,"Atl","Home",76,"1/2/24",17
"Marcedes Lewis","Chi","TE","L 9-17",0.5,0,0,0,0,0,0,0,0,0,0,0,0,0,0,0,0,"GB","Away",76.5,"1/9/24",18
"Marcus Mariota","Phi","QB","L 19-42",0,16,0,0,2,6,0,0,0,0,0,0,0,0,1.24,2,3,"SF","Home",30,"12/5/23",13
"Marcus Mariota","Phi","QB","L 13-33",0,0,0,0,0,0,0,0,0,0,0,0,0,0,0,0,0,"Dal","Away",36,"12/12/23",14
"Marcus Mariota","Phi","QB","L 10-27",0,148,1,1,6,46,0,0,0,0,0,0,1,0,10.52,13,20,"NYG","Away",22,"1/9/24",18
"Mark Andrews","Bal","TE","W 27-24",12.4,0,0,0,0,0,0,5,45,1,8,0,0,0,15.5,0,0,"Cin","Away",3,"9/19/23",2
"Mark Andrews","Bal","TE","L 19-22",13.7,0,0,0,0,0,0,4,35,0,5,0,0,0,7.5,0,0,"Ind","Home",20.5,"9/26/23",3
"Mark Andrews","Bal","TE","W 28-3",12.2,0,0,0,0,0,0,5,80,2,5,0,0,0,25,0,0,"Cle","Away",2,"10/3/23",4
"Mark Andrews","Bal","TE","L 10-17",12.5,0,0,0,0,0,0,6,65,0,10,0,0,0,12.5,0,0,"Pit","Away",11,"10/10/23",5
"Mark Andrews","Bal","TE","W 24-16",13,0,0,0,1,0,0,4,69,0,6,0,0,0,10.9,0,0,"Ten","Away",9,"10/17/23",6
"Mark Andrews","Bal","TE","W 38-6",12.5,0,0,0,0,0,0,4,63,2,6,0,0,0,22.3,0,0,"Det","Home",3,"10/24/23",7
"Mark Andrews","Bal","TE","W 31-24",12.9,0,0,0,0,0,0,4,40,1,5,0,0,0,14,0,0,"Ari","Away",13,"10/31/23",8
"Mark Andrews","Bal","TE","W 37-3",12.2,0,0,0,0,0,0,9,80,0,10,0,0,0,17,0,0,"Sea","Home",7,"11/7/23",9
"Mark Andrews","Bal","TE","L 31-33",12.6,0,0,0,0,0,0,2,44,0,4,0,0,0,6.4,0,0,"Cle","Home",17,"11/14/23",10
"Mark Andrews","Bal","TE","W 34-20",13.3,0,0,0,0,0,0,2,23,0,2,0,0,0,4.3,0,0,"Cin","Home",26,"11/21/23",11
"Marquez Callaway","NO","WR","L 28-33",0,0,0,0,0,0,0,0,0,0,0,0,0,0,0,0,0,"Det","Home",113,"12/5/23",13
"Marquez Callaway","NO","WR","W 28-6",0,0,0,0,0,0,0,0,0,0,0,0,0,0,0,0,0,"Car","Home",134,"12/12/23",14
"Marquez Callaway","NO","WR","W 24-6",1.4,0,0,0,0,0,0,0,0,0,0,0,0,0,0,0,0,"NYG","Home",140,"12/19/23",15
"Marquez Valdes-Scantling","KC","WR","L 20-21",9.5,0,0,0,0,0,0,2,48,0,2,0,0,0,6.8,0,0,"Det","Home",56,"9/12/23",1
"Marquez Valdes-Scantling","KC","WR","W 17-9",9,0,0,0,0,0,0,2,13,0,3,0,0,0,3.3,0,0,"Jax","Away",92.5,"9/19/23",2
"Marquez Valdes-Scantling","KC","WR","W 41-10",7.1,0,0,0,0,0,0,1,37,0,2,0,0,0,4.7,0,0,"Chi","Home",82,"9/26/23",3
"Marquez Valdes-Scantling","KC","WR","W 23-20",5.5,0,0,0,0,0,0,1,6,0,2,0,0,0,1.6,0,0,"NYJ","Away",113,"10/3/23",4
"Marquez Valdes-Scantling","KC","WR","W 27-20",4.8,0,0,0,0,0,0,1,12,0,2,0,0,0,2.2,0,0,"Min","Away",84.5,"10/10/23",5
"Marquez Valdes-Scantling","KC","WR","W 19-8",4.2,0,0,0,0,0,0,0,0,0,1,0,0,0,0,0,0,"Den","Home",128,"10/17/23",6
"Marquez Valdes-Scantling","KC","WR","W 31-17",5,0,0,0,0,0,0,3,84,1,5,0,0,0,17.4,0,0,"LAC","Home",13,"10/24/23",7
"Marquez Valdes-Scantling","KC","WR","L 9-24",5.3,0,0,0,0,0,0,2,27,0,4,0,1,0,2.7,0,0,"Den","Away",94,"10/31/23",8
"Marquez Valdes-Scantling","KC","WR","W 21-14",7.5,0,0,0,0,0,0,2,22,0,3,0,0,0,4.2,0,0,"Mia","Home",67,"11/7/23",9
"Marquez Valdes-Scantling","KC","WR","L 17-21",7.1,0,0,0,0,0,0,0,0,0,3,0,0,0,0,0,0,"Phi","Home",126,"11/21/23",11
"Marquez Valdes-Scantling","KC","WR","W 31-17",5.6,0,0,0,0,0,0,1,-1,0,1,0,0,0,0.9,0,0,"LV","Away",122.5,"11/28/23",12
"Marquez Valdes-Scantling","KC","WR","L 19-27",4.6,0,0,0,0,0,0,2,25,0,5,0,0,0,4.5,0,0,"GB","Away",53.5,"12/5/23",13
"Marquez Valdes-Scantling","KC","WR","L 17-20",5.2,0,0,0,0,0,0,2,22,0,4,0,0,0,4.2,0,0,"Buf","Home",73.5,"12/12/23",14
"Marquez Valdes-Scantling","KC","WR","W 27-17",5.4,0,0,0,0,0,0,1,17,0,1,0,0,0,2.7,0,0,"NE","Away",89.5,"12/19/23",15
"Marquez Valdes-Scantling","KC","WR","L 14-20",6.2,0,0,0,0,0,0,0,0,0,1,0,0,0,0,0,0,"LV","Home",144.5,"12/26/23",16
"Marquez Valdes-Scantling","KC","WR","W 25-17",3.9,0,0,0,0,0,0,1,3,0,3,0,0,0,1.3,0,0,"Cin","Home",103,"1/2/24",17
"Marquise Brown","Ari","WR","L 16-20",12.6,0,0,0,1,29,0,3,28,0,5,0,0,0,8.7,0,0,"Wsh","Away",48,"9/12/23",1
"Marquise Brown","Ari","WR","L 28-31",12.1,0,0,0,0,0,0,6,54,1,10,0,0,0,17.4,0,0,"NYG","Home",22,"9/19/23",2
"Marquise Brown","Ari","WR","W 28-16",12.5,0,0,0,0,0,0,5,61,1,7,0,0,0,17.1,0,0,"Dal","Home",20,"9/26/23",3
"Marquise Brown","Ari","WR","L 16-35",13.3,0,0,0,0,0,0,7,96,0,10,0,0,0,16.6,0,0,"SF","Away",14.5,"10/3/23",4
"Marquise Brown","Ari","WR","L 20-34",14.2,0,0,0,0,0,0,4,61,1,10,0,0,0,16.1,0,0,"Cin","Home",17,"10/10/23",5
"Marquise Brown","Ari","WR","L 9-26",14.6,0,0,0,0,0,0,4,34,0,11,0,0,0,7.4,0,0,"LAR","Away",49,"10/17/23",6
"Marquise Brown","Ari","WR","L 10-20",14.9,0,0,0,0,0,0,3,49,0,7,0,0,0,7.9,0,0,"Sea","Away",47,"10/24/23",7
"Marquise Brown","Ari","WR","L 24-31",13.4,0,0,0,0,0,0,6,33,1,9,0,0,0,15.3,0,0,"Bal","Home",23,"10/31/23",8
"Marquise Brown","Ari","WR","L 0-27",12.5,0,0,0,0,0,0,4,24,0,8,0,0,0,6.4,0,0,"Cle","Away",52,"11/7/23",9
"Marquise Brown","Ari","WR","W 25-23",13.6,0,0,0,0,0,0,1,28,0,4,0,0,0,3.8,0,0,"Atl","Home",69.5,"11/14/23",10
"Marquise Brown","Ari","WR","L 16-21",13.7,0,0,0,1,-6,0,2,18,0,5,0,0,0,3.2,0,0,"Hou","Away",77.5,"11/21/23",11
"Marquise Brown","Ari","WR","L 14-37",11.8,0,0,0,0,0,0,6,88,0,12,0,0,0,14.8,0,0,"LAR","Home",26,"11/28/23",12
"Marquise Brown","Ari","WR","W 24-10",13.1,0,0,0,0,0,0,0,0,0,3,0,0,0,0,0,0,"Pit","Away",113,"12/5/23",13
"Marquise Brown","Ari","WR","L 29-45",11.6,0,0,0,0,0,0,0,0,0,0,0,0,0,0,0,0,"SF","Home",140,"12/19/23",15
"Marquise Goodwin","Cle","WR","W 24-3",1.1,0,0,0,0,0,0,0,0,0,2,0,0,0,0,0,0,"Cin","Home",135,"9/12/23",1
"Marquise Goodwin","Cle","WR","L 22-26",3.4,0,0,0,0,0,0,0,0,0,2,0,0,0,0,0,0,"Pit","Away",145,"9/19/23",2
"Marquise Goodwin","Cle","WR","W 27-3",2,0,0,0,1,1,0,0,0,0,0,0,0,0,0.1,0,0,"Ten","Home",117,"9/26/23",3
"Marquise Goodwin","Cle","WR","L 3-28",0.5,0,0,0,0,0,0,1,0,0,1,0,0,0,1,0,0,"Bal","Home",120.5,"10/3/23",4
"Marquise Goodwin","Cle","WR","W 19-17",1.5,0,0,0,1,20,0,1,4,0,2,0,0,0,3.4,0,0,"SF","Home",82,"10/17/23",6
"Marquise Goodwin","Cle","WR","W 39-38",1.9,0,0,0,1,17,0,1,6,0,2,0,0,0,3.3,0,0,"Ind","Away",73.5,"10/24/23",7
"Marquise Goodwin","Cle","WR","L 20-24",3,0,0,0,1,-5,0,0,0,0,0,0,0,0,-0.5,0,0,"Sea","Away",164.5,"10/31/23",8
"Marquise Goodwin","Cle","WR","W 27-0",4.4,0,0,0,0,0,0,0,0,0,2,0,0,0,0,0,0,"Ari","Home",126.5,"11/7/23",9
"Marquise Goodwin","Cle","WR","W 31-27",2.6,0,0,0,0,0,0,0,0,0,0,0,0,0,0,0,0,"Jax","Home",134,"12/12/23",14
"Marquise Goodwin","Cle","WR","W 20-17",1.6,0,0,0,0,0,0,1,57,0,1,0,0,0,6.7,0,0,"Chi","Home",56.5,"12/19/23",15
"Marquise Goodwin","Cle","WR","W 36-22",1.2,0,0,0,0,0,0,0,0,0,1,0,0,0,0,0,0,"Hou","Away",144.5,"12/26/23",16
"Marquise Goodwin","Cle","WR","W 37-20",4.9,0,0,0,0,0,0,0,0,0,0,0,0,0,0,0,0,"NYJ","Home",137.5,"1/2/24",17
"Marvin Jones Jr.","Det","WR","W 21-20",8.3,0,0,0,0,0,0,2,8,0,6,0,1,0,0.8,0,0,"KC","Away",107,"9/12/23",1
"Marvin Jones Jr.","Det","WR","L 31-37",7.1,0,0,0,0,0,0,0,0,0,0,0,0,0,0,0,0,"Sea","Home",145,"9/19/23",2
"Marvin Jones Jr.","Det","WR","W 20-6",4.2,0,0,0,0,0,0,0,0,0,0,0,0,0,0,0,0,"Atl","Home",141,"9/26/23",3
"Marvin Jones Jr.","Det","WR","W 34-20",3.7,0,0,0,0,0,0,0,0,0,1,0,0,0,0,0,0,"GB","Away",143,"10/3/23",4
"Marvin Jones Jr.","Det","WR","W 42-24",5.8,0,0,0,0,0,0,2,22,0,2,0,0,0,4.2,0,0,"Car","Home",65,"10/10/23",5
"Marvin Jones Jr.","Det","WR","W 20-6",2,0,0,0,0,0,0,1,5,0,1,0,0,0,1.5,0,0,"TB","Away",97,"10/17/23",6
"Marvin Mims Jr.","Den","WR","L 16-17",8.7,0,0,0,0,0,0,2,9,0,2,0,0,0,2.9,0,0,"LV","Home",91.5,"9/12/23",1
"Marvin Mims Jr.","Den","WR","L 33-35",2.3,0,0,0,2,10,0,2,113,1,2,0,0,0,20.3,0,0,"Wsh","Home",18,"9/19/23",2
"Marvin Mims Jr.","Den","WR","L 20-70",3.4,0,0,0,1,3,0,3,73,0,5,0,0,1,16.6,0,0,"Mia","Away",23,"9/26/23",3
"Marvin Mims Jr.","Den","WR","W 31-28",7,0,0,0,0,0,0,2,47,0,2,0,0,0,6.7,0,0,"Chi","Away",55.5,"10/3/23",4
"Marvin Mims Jr.","Den","WR","L 21-31",7.5,0,0,0,0,0,0,1,4,0,1,0,1,0,-0.6,0,0,"NYJ","Home",142,"10/10/23",5
"Marvin Mims Jr.","Den","WR","L 8-19",6.1,0,0,0,0,0,0,0,0,0,0,0,0,0,0,0,0,"KC","Away",128,"10/17/23",6
"Marvin Mims Jr.","Den","WR","W 19-17",5,0,0,0,1,-11,0,0,0,0,1,0,0,0,-1.1,0,0,"GB","Home",134,"10/24/23",7
"Marvin Mims Jr.","Den","WR","W 24-9",5.6,0,0,0,0,0,0,1,0,0,1,0,0,0,1,0,0,"KC","Home",110,"10/31/23",8
"Marvin Mims Jr.","Den","WR","W 24-22",4.3,0,0,0,1,-3,0,0,0,0,1,0,0,0,-0.3,0,0,"Buf","Away",143,"11/14/23",10
"Marvin Mims Jr.","Den","WR","W 21-20",5,0,0,0,0,0,0,2,12,0,3,0,0,0,3.2,0,0,"Min","Home",77.5,"11/21/23",11
"Marvin Mims Jr.","Den","WR","W 29-12",4.9,0,0,0,1,11,0,2,24,0,3,0,0,0,5.5,0,0,"Cle","Home",75.5,"11/28/23",12
"Marvin Mims Jr.","Den","WR","L 17-22",6.4,0,0,0,1,8,0,1,5,0,2,0,0,0,2.3,0,0,"Hou","Away",70,"12/5/23",13
"Marvin Mims Jr.","Den","WR","W 24-7",6.1,0,0,0,0,0,0,2,11,0,3,0,0,0,3.1,0,0,"LAC","Away",86.5,"12/12/23",14
"Marvin Mims Jr.","Den","WR","L 17-42",5.2,0,0,0,1,11,0,0,0,0,2,0,0,0,1.1,0,0,"Det","Away",112,"12/19/23",15
"Marvin Mims Jr.","Den","WR","L 23-26",3.8,0,0,0,0,0,0,3,63,0,4,0,1,0,7.3,0,0,"NE","Home",60,"12/26/23",16
"Marvin Mims Jr.","Den","WR","L 14-27",4.9,0,0,0,1,1,0,1,16,0,1,0,0,0,2.7,0,0,"LV","Away",92,"1/9/24",18
"Mason Kinsey","Ten","WR","L 16-19",0,0,0,0,0,0,0,0,0,0,0,0,0,0,0,0,0,"Hou","Home",140,"12/19/23",15
"Mason Kinsey","Ten","WR","L 17-20",0,0,0,0,0,0,0,1,6,0,1,0,0,0,1.6,0,0,"Sea","Home",111,"12/26/23",16
"Mason Kinsey","Ten","WR","L 3-26",0.5,0,0,0,0,0,0,0,0,0,0,0,0,0,0,0,0,"Hou","Away",137.5,"1/2/24",17
"Mason Kinsey","Ten","WR","W 28-20",0.4,0,0,0,0,0,0,0,0,0,0,0,0,0,0,0,0,"Jax","Home",142.5,"1/9/24",18
"Mason Rudolph","Pit","QB","L 13-30",0,3,0,0,0,0,0,0,0,0,0,0,0,0,0.12,2,3,"Ind","Away",36,"12/19/23",15
"Mason Rudolph","Pit","QB","W 34-11",13.6,290,2,0,2,4,0,0,0,0,0,0,0,0,20,17,27,"Cin","Home",12,"12/26/23",16
"Mason Rudolph","Pit","QB","W 30-23",13.4,274,0,0,6,5,0,0,0,0,0,0,0,0,11.46,18,24,"Sea","Away",26,"1/2/24",17
"Mason Rudolph","Pit","QB","W 17-10",11.5,152,1,0,2,-1,0,0,0,0,0,0,1,0,7.98,18,20,"Bal","Away",26,"1/9/24",18
"Matt Barkley","Jax","QB","W 26-0",0,0,0,0,3,-3,0,0,0,0,0,0,0,0,-0.3,0,0,"Car","Home",39,"1/2/24",17
"Matt Breida","NYG","RB","L 0-40",2.7,0,0,0,2,9,0,1,-3,0,1,0,0,0,1.6,0,0,"Dal","Home",68.5,"9/12/23",1
"Matt Breida","NYG","RB","W 31-28",3.1,0,0,0,1,5,0,0,0,0,0,0,0,0,0.5,0,0,"Ari","Away",72.5,"9/19/23",2
"Matt Breida","NYG","RB","L 12-30",9.2,0,0,0,4,17,1,3,1,0,3,0,0,0,10.8,0,0,"SF","Away",21,"9/26/23",3
"Matt Breida","NYG","RB","L 3-24",11.2,0,0,0,14,30,0,5,48,0,5,0,0,0,12.8,0,0,"Sea","Home",16,"10/3/23",4
"Matt Breida","NYG","RB","L 16-31",12.5,0,0,0,9,21,0,1,3,0,1,0,0,0,3.4,0,0,"Mia","Away",46.5,"10/10/23",5
"Matt Breida","NYG","RB","L 9-14",2.4,0,0,0,4,13,0,0,0,0,1,0,0,0,1.3,0,0,"Buf","Away",70.5,"10/17/23",6
"Matt Breida","NYG","RB","W 14-7",3.3,0,0,0,3,4,0,1,5,0,1,0,0,0,1.9,0,0,"Wsh","Home",51.5,"10/24/23",7
"Matt Breida","NYG","RB","L 10-13",3.7,0,0,0,5,13,0,1,4,0,1,0,0,0,2.7,0,0,"NYJ","Home",62,"10/31/23",8
"Matt Breida","NYG","RB","L 6-30",3.2,0,0,0,2,5,0,1,6,0,2,0,0,0,2.1,0,0,"LV","Away",57,"11/7/23",9
"Matt Breida","NYG","RB","L 17-49",3.9,0,0,0,1,3,0,0,0,0,0,0,0,0,0.3,0,0,"Dal","Away",67,"11/14/23",10
"Matt Breida","NYG","RB","W 31-19",3.9,0,0,0,3,-1,0,0,0,0,1,0,0,0,-0.1,0,0,"Wsh","Away",92,"11/21/23",11
"Matt Breida","NYG","RB","W 10-7",3.9,0,0,0,2,6,0,1,10,0,1,0,0,0,2.6,0,0,"NE","Home",57,"11/28/23",12
"Matt Breida","NYG","RB","W 24-22",3.4,0,0,0,2,16,0,0,0,0,0,0,0,0,1.6,0,0,"GB","Home",61,"12/12/23",14
"Matt Breida","NYG","RB","L 6-24",3.1,0,0,0,3,10,0,2,11,0,3,0,0,0,4.1,0,0,"NO","Away",50,"12/19/23",15
"Matt Breida","NYG","RB","L 25-33",3.5,0,0,0,0,0,0,1,3,0,1,0,0,0,1.3,0,0,"Phi","Away",71.5,"12/26/23",16
"Matt Breida","NYG","RB","L 25-26",3.3,0,0,0,0,0,0,0,0,0,0,0,0,0,0,0,0,"LAR","Home",92.5,"1/2/24",17
"Matt Breida","NYG","RB","W 27-10",1.6,0,0,0,0,0,0,0,0,0,0,0,0,0,0,0,0,"Phi","Home",88.5,"1/9/24",18
"Matt Bushman","KC","TE","L 20-21",0,0,0,0,0,0,0,0,0,0,0,0,0,0,0,0,0,"Det","Home",75,"9/12/23",1
"Matt Sokol","NE","TE","W 26-23",1.1,0,0,0,0,0,0,0,0,0,0,0,0,0,0,0,0,"Den","Away",78,"12/26/23",16
"Matt Sokol","NE","TE","L 21-27",0,0,0,0,0,0,0,0,0,0,0,0,0,0,0,0,0,"Buf","Away",76,"1/2/24",17
"Matt Sokol","NE","TE","L 3-17",0,0,0,0,0,0,0,0,0,0,0,0,0,0,0,0,0,"NYJ","Home",76.5,"1/9/24",18
"Matthew Slater","NE","WR","L 20-25",0,0,0,0,0,0,0,0,0,0,0,0,0,0,0,0,0,"Phi","Home",135,"9/12/23",1
"Matthew Slater","NE","WR","L 17-24",0,0,0,0,0,0,0,0,0,0,0,0,0,0,0,0,0,"Mia","Home",145,"9/19/23",2
"Matthew Slater","NE","WR","W 15-10",0,0,0,0,0,0,0,0,0,0,0,0,0,0,0,0,0,"NYJ","Away",141,"9/26/23",3
"Matthew Slater","NE","WR","L 3-38",0,0,0,0,0,0,0,0,0,0,0,0,0,0,0,0,0,"Dal","Away",143,"10/3/23",4
"Matthew Slater","NE","WR","L 0-34",0,0,0,0,0,0,0,0,0,0,0,0,0,0,0,0,0,"NO","Home",124.5,"10/10/23",5
"Matthew Slater","NE","WR","L 17-21",0,0,0,0,0,0,0,0,0,0,0,0,0,0,0,0,0,"LV","Away",128,"10/17/23",6
"Matthew Slater","NE","WR","W 29-25",0,0,0,0,0,0,0,0,0,0,0,0,0,0,0,0,0,"Buf","Home",116,"10/24/23",7
"Matthew Slater","NE","WR","L 17-31",0,0,0,0,0,0,0,0,0,0,0,0,0,0,0,0,0,"Mia","Away",138,"10/31/23",8
"Matthew Slater","NE","WR","L 17-20",0,0,0,0,0,0,0,0,0,0,0,0,0,0,0,0,0,"Wsh","Home",126.5,"11/7/23",9
"Matthew Slater","NE","WR","L 6-10",0,0,0,0,0,0,0,0,0,0,0,0,0,0,0,0,0,"Ind","Home",123.5,"11/14/23",10
"Matthew Slater","NE","WR","L 7-10",0,0,0,0,0,0,0,0,0,0,0,0,0,0,0,0,0,"NYG","Away",149,"11/28/23",12
"Matthew Slater","NE","WR","L 0-6",0,0,0,0,0,0,0,0,0,0,0,0,0,0,0,0,0,"LAC","Home",113,"12/5/23",13
"Matthew Slater","NE","WR","W 21-18",0,0,0,0,0,0,0,0,0,0,0,0,0,0,0,0,0,"Pit","Away",134,"12/12/23",14
"Matthew Slater","NE","WR","L 17-27",0,0,0,0,0,0,0,0,0,0,0,0,0,0,0,0,0,"KC","Home",140,"12/19/23",15
"Matthew Slater","NE","WR","L 21-27",0,0,0,0,0,0,0,0,0,0,0,0,0,0,0,0,0,"Buf","Away",137.5,"1/2/24",17
"Matthew Slater","NE","WR","L 3-17",0,0,0,0,0,0,0,0,0,0,0,0,0,0,0,0,0,"NYJ","Home",142.5,"1/9/24",18
"Matthew Stafford","LAR","QB","W 30-13",16.2,334,0,0,3,11,0,0,0,0,0,0,0,0,14.46,24,38,"Sea","Away",17,"9/12/23",1
"Matthew Stafford","LAR","QB","L 23-30",14.2,307,1,2,4,17,0,0,0,0,0,0,0,0,13.98,34,55,"SF","Home",23,"9/19/23",2
"Matthew Stafford","LAR","QB","L 16-19",15.7,269,1,2,1,7,0,0,0,0,0,0,0,0,11.46,18,33,"Cin","Away",23,"9/26/23",3
"Matthew Stafford","LAR","QB","W 29-23",14.4,319,1,1,2,14,0,0,0,0,0,0,0,0,16.16,27,40,"Ind","Away",16,"10/3/23",4
"Matthew Stafford","LAR","QB","L 14-23",15.8,222,2,0,0,0,0,0,0,0,0,0,0,0,16.88,21,37,"Phi","Home",14,"10/10/23",5
"Matthew Stafford","LAR","QB","W 26-9",16.9,226,1,0,1,2,0,0,0,0,0,0,0,0,13.24,15,24,"Ari","Home",15,"10/17/23",6
"Matthew Stafford","LAR","QB","L 17-24",15.2,231,1,1,1,8,0,0,0,0,0,0,0,0,14.04,14,29,"Pit","Home",15,"10/24/23",7
"Matthew Stafford","LAR","QB","L 20-43",14.8,162,1,1,1,9,0,0,0,0,0,0,0,0,11.38,13,22,"Dal","Away",26,"10/31/23",8
"Matthew Stafford","LAR","QB","W 17-16",13.8,190,1,1,2,1,0,0,0,0,0,0,0,0,9.7,17,31,"Sea","Home",23,"11/21/23",11
"Matthew Stafford","LAR","QB","W 37-14",13.1,229,4,1,1,2,0,0,0,0,0,0,0,0,23.36,25,33,"Ari","Away",7,"11/28/23",12
"Matthew Stafford","LAR","QB","W 36-19",12.2,279,3,0,1,-2,0,0,0,0,0,0,0,0,22.96,22,37,"Cle","Home",8,"12/5/23",13
"Matthew Stafford","LAR","QB","L 31-37",12.8,294,3,0,1,-1,0,0,0,0,0,0,0,0,23.66,23,41,"Bal","Away",5,"12/12/23",14
"Matthew Stafford","LAR","QB","W 28-20",17,258,2,0,1,2,0,0,0,0,0,0,0,0,18.52,25,33,"Wsh","Home",10,"12/19/23",15
"Matthew Stafford","LAR","QB","W 30-22",15.3,328,2,0,1,-4,0,0,0,0,0,0,0,0,20.72,24,34,"NO","Home",10,"12/26/23",16
"Matthew Stafford","LAR","QB","W 26-25",15.8,317,1,2,1,-1,0,0,0,0,0,0,0,0,12.58,24,34,"NYG","Away",22,"1/2/24",17
"Mecole Hardman Jr.","NYJ","WR","W 22-16",6.6,0,0,0,0,0,0,0,0,0,0,0,0,0,0,0,0,"Buf","Home",135,"9/12/23",1
"Mecole Hardman Jr.","NYJ","WR","L 10-30",1,0,0,0,0,0,0,1,6,0,1,0,0,0,1.6,0,0,"Dal","Away",110.5,"9/19/23",2
"Mecole Hardman Jr.","NYJ","WR","L 10-15",1,0,0,0,0,0,0,0,0,0,0,0,0,0,0,0,0,"NE","Home",141,"9/26/23",3
"Mecole Hardman Jr.","NYJ","WR","L 20-23",1,0,0,0,0,0,0,0,0,0,0,0,0,0,0,0,0,"KC","Home",143,"10/3/23",4
"Mecole Hardman Jr.","KC","WR","W 19-8",0,0,0,0,0,0,0,0,0,0,2,0,0,0,0,0,0,"Den","Home",128,"10/17/23",6
"Mecole Hardman Jr.","KC","WR","W 31-17",0.2,0,0,0,0,0,0,1,6,0,3,0,0,0,1.6,0,0,"LAC","Home",88.5,"10/24/23",7
"Mecole Hardman Jr.","KC","WR","L 9-24",4.3,0,0,0,1,3,0,2,13,0,2,0,1,0,1.6,0,0,"Den","Away",106,"10/31/23",8
"Mecole Hardman Jr.","KC","WR","W 21-14",4.2,0,0,0,0,0,0,3,10,0,3,0,0,0,4,0,0,"Mia","Home",68,"11/7/23",9
"Mecole Hardman Jr.","KC","WR","L 17-21",4.7,0,0,0,0,0,0,2,12,0,2,0,0,0,3.2,0,0,"Phi","Home",77.5,"11/21/23",11
"Mecole Hardman Jr.","KC","WR","W 25-17",5.3,0,0,0,0,0,0,0,0,0,0,0,0,0,0,0,0,"Cin","Home",137.5,"1/2/24",17
"Mecole Hardman Jr.","KC","WR","W 13-12",6.9,0,0,0,0,0,0,6,77,0,11,0,0,0,13.7,0,0,"LAC","Away",29,"1/9/24",18
"Melvin Gordon III","Bal","RB","L 19-22",4.8,0,0,0,10,32,0,2,23,0,2,0,0,0,7.5,0,0,"Ind","Home",30,"9/26/23",3
"Melvin Gordon III","Bal","RB","W 28-3",0,0,0,0,3,21,0,1,23,0,1,0,0,0,5.4,0,0,"Cle","Away",44.5,"10/3/23",4
"Melvin Gordon III","Bal","RB","W 56-19",0,0,0,0,6,10,1,0,0,0,0,0,0,0,7,0,0,"Mia","Home",41,"1/2/24",17
"Melvin Gordon III","Bal","RB","L 10-17",9.1,0,0,0,7,18,0,0,0,0,0,0,1,0,-0.2,0,0,"Pit","Home",106.5,"1/9/24",18
"Michael Bandy","Den","WR","W 16-9",0,0,0,0,0,0,0,0,0,0,0,0,0,0,0,0,0,"LAC","Home",137.5,"1/2/24",17
"Michael Burton","Den","RB","L 16-17",0.7,0,0,0,0,0,0,1,3,0,1,0,0,0,1.3,0,0,"LV","Home",71.5,"9/12/23",1
"Michael Burton","Den","RB","L 33-35",0.7,0,0,0,1,3,0,0,0,0,0,0,0,0,0.3,0,0,"Wsh","Home",76,"9/19/23",2
"Michael Burton","Den","RB","L 20-70",0.7,0,0,0,0,0,0,0,0,0,0,0,0,0,0,0,0,"Mia","Away",95.5,"9/26/23",3
"Michael Burton","Den","RB","W 31-28",0.7,0,0,0,0,0,0,0,0,0,0,0,0,0,0,0,0,"Chi","Away",93.5,"10/3/23",4
"Michael Burton","Den","RB","L 21-31",0.7,0,0,0,0,0,0,0,0,0,0,0,0,0,2,0,0,"NYJ","Home",54,"10/10/23",5
"Michael Burton","Den","RB","L 8-19",0.6,0,0,0,2,2,0,0,0,0,0,0,0,0,0.2,0,0,"KC","Away",80,"10/17/23",6
"Michael Burton","Den","RB","W 19-17",0.4,0,0,0,1,-2,0,0,0,0,0,0,0,0,-0.2,0,0,"GB","Home",91,"10/24/23",7
"Michael Burton","Den","RB","W 24-9",0.4,0,0,0,0,0,0,0,0,0,0,0,0,0,0,0,0,"KC","Home",97,"10/31/23",8
"Michael Burton","Den","RB","W 24-22",0.4,0,0,0,0,0,0,0,0,0,0,0,0,0,0,0,0,"Buf","Away",83,"11/14/23",10
"Michael Burton","Den","RB","W 21-20",0.3,0,0,0,0,0,0,0,0,0,0,0,0,0,0,0,0,"Min","Home",80,"11/21/23",11
"Michael Burton","Den","RB","W 29-12",0.3,0,0,0,0,0,0,0,0,0,0,0,0,0,0,0,0,"Cle","Home",90,"11/28/23",12
"Michael Burton","Den","RB","L 17-22",0.3,0,0,0,1,4,0,0,0,0,0,0,0,0,0.4,0,0,"Hou","Away",63,"12/5/23",13
"Michael Burton","Den","RB","W 24-7",0.3,0,0,0,1,2,0,1,1,0,1,0,0,0,1.3,0,0,"LAC","Away",63.5,"12/12/23",14
"Michael Burton","Den","RB","L 17-42",0.8,0,0,0,0,0,0,0,0,0,0,0,0,0,0,0,0,"Det","Away",94,"12/19/23",15
"Michael Burton","Den","RB","L 23-26",0.3,0,0,0,1,0,0,1,4,0,1,0,0,0,1.4,0,0,"NE","Home",70,"12/26/23",16
"Michael Burton","Den","RB","W 16-9",0.9,0,0,0,0,0,0,0,0,0,0,0,0,0,0,0,0,"LAC","Home",92.5,"1/2/24",17
"Michael Burton","Den","RB","L 14-27",0.7,0,0,0,0,0,0,0,0,0,0,0,0,0,0,0,0,"LV","Away",88.5,"1/9/24",18
"Michael Carter","NYJ","RB","W 22-16",2.6,0,0,0,1,6,0,2,12,0,2,0,0,0,3.8,0,0,"Buf","Home",52.5,"9/12/23",1
"Michael Carter","NYJ","RB","L 10-30",2.6,0,0,0,2,8,0,1,3,0,2,0,0,0,2.1,0,0,"Dal","Away",61,"9/19/23",2
"Michael Carter","NYJ","RB","L 10-15",4.4,0,0,0,0,0,0,1,3,0,1,0,0,0,1.3,0,0,"NE","Home",74.5,"9/26/23",3
"Michael Carter","NYJ","RB","L 20-23",3.5,0,0,0,1,9,0,2,12,0,3,0,0,0,4.1,0,0,"KC","Home",50,"10/3/23",4
"Michael Carter","NYJ","RB","W 31-21",4.5,0,0,0,1,8,0,3,14,0,3,0,0,0,5.2,0,0,"Den","Away",35,"10/10/23",5
"Michael Carter","NYJ","RB","W 20-14",4.4,0,0,0,1,5,0,0,0,0,1,0,0,0,0.5,0,0,"Phi","Home",78,"10/17/23",6
"Michael Carter","NYJ","RB","W 13-10",3.6,0,0,0,2,2,0,0,0,0,1,0,0,0,0.2,0,0,"NYG","Away",80.5,"10/31/23",8
"Michael Carter","Ari","RB","L 0-27",3.2,0,0,0,0,0,0,6,24,0,6,0,0,0,8.4,0,0,"Cle","Away",29,"11/7/23",9
"Michael Carter","Ari","RB","W 25-23",2.7,0,0,0,0,0,0,0,0,0,1,0,0,0,0,0,0,"Atl","Home",83,"11/14/23",10
"Michael Carter","Ari","RB","L 14-37",1.4,0,0,0,4,19,0,4,15,0,4,0,0,0,7.4,0,0,"LAR","Home",38,"11/28/23",12
"Michael Carter","Ari","RB","W 24-10",2.1,0,0,0,4,25,0,0,0,0,0,0,0,0,2.5,0,0,"Pit","Away",49.5,"12/5/23",13
"Michael Carter","Ari","RB","L 29-45",1.6,0,0,0,3,27,0,3,10,0,3,0,0,0,6.7,0,0,"SF","Home",41,"12/19/23",15
"Michael Carter","Ari","RB","L 16-27",2.1,0,0,0,0,0,0,0,0,0,1,0,0,0,0,0,0,"Chi","Away",92,"12/26/23",16
"Michael Carter","Ari","RB","W 35-31",1.9,0,0,0,7,61,0,1,6,1,1,0,0,0,13.7,0,0,"Phi","Away",20,"1/2/24",17
"Michael Carter","Ari","RB","L 20-21",3.8,0,0,0,4,17,0,1,2,0,2,0,0,0,2.9,0,0,"Sea","Home",51,"1/9/24",18
"Michael Gallup","Dal","WR","W 40-0",9.4,0,0,0,0,0,0,1,10,0,2,0,0,0,2,0,0,"NYG","Away",94,"9/12/23",1
"Michael Gallup","Dal","WR","W 30-10",9.6,0,0,0,0,0,0,1,3,0,2,0,0,0,1.3,0,0,"NYJ","Home",118.5,"9/19/23",2
"Michael Gallup","Dal","WR","L 16-28",6.5,0,0,0,0,0,0,6,92,0,7,0,0,0,15.2,0,0,"Ari","Away",27.5,"9/26/23",3
"Michael Gallup","Dal","WR","W 38-3",6.1,0,0,0,0,0,0,5,60,0,6,0,0,0,11,0,0,"NE","Home",34,"10/3/23",4
"Michael Gallup","Dal","WR","L 10-42",7.5,0,0,0,0,0,0,2,15,0,5,0,0,0,3.5,0,0,"SF","Away",71,"10/10/23",5
"Michael Gallup","Dal","WR","W 20-17",9.4,0,0,0,0,0,0,3,24,0,10,0,0,0,5.4,0,0,"LAC","Away",66.5,"10/17/23",6
"Michael Gallup","Dal","WR","W 43-20",9.7,0,0,0,0,0,0,2,20,0,3,0,0,0,4,0,0,"LAR","Home",89,"10/31/23",8
"Michael Gallup","Dal","WR","L 23-28",8.6,0,0,0,0,0,0,2,19,0,3,0,0,0,3.9,0,0,"Phi","Away",70,"11/7/23",9
"Michael Gallup","Dal","WR","W 49-17",7.4,0,0,0,0,0,0,2,70,1,2,0,0,0,15,0,0,"NYG","Home",20,"11/14/23",10
"Michael Gallup","Dal","WR","W 33-10",5,0,0,0,0,0,0,3,31,0,5,0,0,0,6.1,0,0,"Car","Away",57,"11/21/23",11
"Michael Gallup","Dal","WR","W 45-10",5.3,0,0,0,0,0,0,1,13,0,1,0,0,0,2.3,0,0,"Wsh","Home",103,"11/28/23",12
"Michael Gallup","Dal","WR","W 41-35",4.6,0,0,0,0,0,0,0,0,0,1,0,0,0,0,0,0,"Sea","Home",113,"12/5/23",13
"Michael Gallup","Dal","WR","W 33-13",4.9,0,0,0,0,0,0,3,48,1,5,0,0,0,13.8,0,0,"Phi","Home",21,"12/12/23",14
"Michael Gallup","Dal","WR","L 10-31",6.8,0,0,0,0,0,0,1,9,0,1,0,0,0,1.9,0,0,"Buf","Away",100,"12/19/23",15
"Michael Gallup","Dal","WR","L 20-22",5.8,0,0,0,0,0,0,2,4,0,2,0,0,0,2.4,0,0,"Mia","Away",96,"12/26/23",16
"Michael Gallup","Dal","WR","W 20-19",5.3,0,0,0,0,0,0,0,0,0,0,0,0,0,0,0,0,"Det","Home",137.5,"1/2/24",17
"Michael Gallup","Dal","WR","W 38-10",4.4,0,0,0,0,0,0,0,0,0,2,0,0,0,0,0,0,"Wsh","Away",142.5,"1/9/24",18
"Michael Mayer","LV","TE","W 17-16",4.3,0,0,0,0,0,0,0,0,0,0,0,0,0,0,0,0,"Den","Away",75,"9/12/23",1
"Michael Mayer","LV","TE","L 10-38",5.6,0,0,0,0,0,0,1,2,0,1,0,0,0,1.2,0,0,"Buf","Away",52,"9/19/23",2
"Michael Mayer","LV","TE","L 18-23",3,0,0,0,0,0,0,0,0,0,1,0,0,0,2,0,0,"Pit","Home",47.5,"9/26/23",3
"Michael Mayer","LV","TE","L 17-24",3,0,0,0,0,0,0,0,0,0,0,0,0,0,0,0,0,"LAC","Away",79.5,"10/3/23",4
"Michael Mayer","LV","TE","W 17-13",1.8,0,0,0,0,0,0,2,39,0,3,0,0,0,5.9,0,0,"GB","Home",21,"10/10/23",5
"Michael Mayer","LV","TE","W 21-17",2.8,0,0,0,0,0,0,5,75,0,6,0,0,0,12.5,0,0,"NE","Home",5,"10/17/23",6
"Michael Mayer","LV","TE","L 12-30",6.1,0,0,0,0,0,0,2,13,0,4,0,0,0,3.3,0,0,"Chi","Away",29,"10/24/23",7
"Michael Mayer","LV","TE","L 14-26",6.7,0,0,0,0,0,0,1,19,0,2,0,0,0,2.9,0,0,"Det","Away",32,"10/31/23",8
"Michael Mayer","LV","TE","W 30-6",5.6,0,0,0,0,0,0,2,11,0,2,0,0,0,3.1,0,0,"NYG","Home",34.5,"11/7/23",9
"Michael Mayer","LV","TE","W 16-12",4.9,0,0,0,0,0,0,3,19,1,5,0,0,0,10.9,0,0,"NYJ","Home",9,"11/14/23",10
"Michael Mayer","LV","TE","L 13-20",6.8,0,0,0,0,0,0,4,46,0,5,0,0,0,8.6,0,0,"Mia","Away",15,"11/21/23",11
"Michael Mayer","LV","TE","L 17-31",6.3,0,0,0,0,0,0,2,27,0,4,0,0,0,4.7,0,0,"KC","Home",27,"11/28/23",12
"Michael Mayer","LV","TE","L 0-3",6.6,0,0,0,0,0,0,1,14,0,2,0,0,0,2.4,0,0,"Min","Home",41.5,"12/12/23",14
"Michael Mayer","LV","TE","W 63-21",6.3,0,0,0,0,0,0,4,39,1,5,0,0,0,13.9,0,0,"LAC","Home",8,"12/19/23",15
"Michael Pittman Jr.","Ind","WR","L 21-31",12,0,0,0,0,0,0,8,97,1,11,0,0,0,23.7,0,0,"Jax","Home",8,"9/12/23",1
"Michael Pittman Jr.","Ind","WR","W 31-20",13.4,0,0,0,0,0,0,8,56,0,12,0,0,0,13.6,0,0,"Hou","Away",37.5,"9/19/23",2
"Michael Pittman Jr.","Ind","WR","W 22-19",15.6,0,0,0,0,0,0,9,77,0,11,0,0,0,16.7,0,0,"Bal","Away",22,"9/26/23",3
"Michael Pittman Jr.","Ind","WR","L 23-29",15,0,0,0,0,0,0,1,15,0,5,0,0,0,4.5,0,0,"LAR","Home",76,"10/3/23",4
"Michael Pittman Jr.","Ind","WR","W 23-16",13,0,0,0,0,0,0,5,52,0,7,0,0,0,10.2,0,0,"Ten","Home",33,"10/10/23",5
"Michael Pittman Jr.","Ind","WR","L 20-37",14.7,0,0,0,0,0,0,9,109,0,14,0,0,0,19.9,0,0,"Jax","Away",9,"10/17/23",6
"Michael Pittman Jr.","Ind","WR","L 38-39",14,0,0,0,0,0,0,2,83,1,5,0,0,0,16.3,0,0,"Cle","Home",16,"10/24/23",7
"Michael Pittman Jr.","Ind","WR","L 27-38",13.2,0,0,0,0,0,0,8,40,1,13,0,0,0,18,0,0,"NO","Home",14,"10/31/23",8
"Michael Pittman Jr.","Ind","WR","W 27-13",14.2,0,0,0,0,0,0,8,64,0,8,0,0,0,14.4,0,0,"Car","Away",13.5,"11/7/23",9
"Michael Pittman Jr.","Ind","WR","W 10-6",14.4,0,0,0,0,0,0,8,84,0,12,0,0,0,16.4,0,0,"NE","Away",16,"11/14/23",10
"Michael Pittman Jr.","Ind","WR","W 27-20",15.1,0,0,0,0,0,0,10,107,0,13,0,0,0,20.7,0,0,"TB","Home",12,"11/28/23",12
"Michael Pittman Jr.","Ind","WR","W 31-28",16.4,0,0,0,0,0,0,11,105,1,16,0,0,0,27.5,0,0,"Ten","Away",9,"12/5/23",13
"Michael Pittman Jr.","Ind","WR","L 14-34",18,0,0,0,0,0,0,8,95,0,11,0,0,0,19.5,0,0,"Cin","Away",10,"12/12/23",14
"Michael Pittman Jr.","Ind","WR","W 30-13",16.2,0,0,0,0,0,0,4,78,0,5,0,0,0,11.8,0,0,"Pit","Home",30,"12/19/23",15
"Michael Pittman Jr.","Ind","WR","W 23-20",16.7,0,0,0,0,0,0,5,46,0,7,0,0,0,9.6,0,0,"LV","Home",41.5,"1/2/24",17
"Michael Pittman Jr.","Ind","WR","L 19-23",16.7,0,0,0,0,0,0,5,44,0,6,0,1,0,7.4,0,0,"Hou","Home",51,"1/9/24",18
"Michael Thomas","NO","WR","W 16-15",12.2,0,0,0,0,0,0,5,61,0,8,0,0,0,11.1,0,0,"Ten","Home",37,"9/12/23",1
"Michael Thomas","NO","WR","W 20-17",11.4,0,0,0,0,0,0,7,55,0,9,0,0,0,12.5,0,0,"Car","Away",42,"9/19/23",2
"Michael Thomas","NO","WR","L 17-18",12.8,0,0,0,0,0,0,6,50,0,9,0,0,0,11,0,0,"GB","Away",40,"9/26/23",3
"Michael Thomas","NO","WR","L 9-26",11.9,0,0,0,0,0,0,4,53,0,6,0,0,0,9.3,0,0,"TB","Home",43.5,"10/3/23",4
"Michael Thomas","NO","WR","W 34-0",11.3,0,0,0,0,0,0,4,65,0,7,0,0,0,10.5,0,0,"NE","Away",31,"10/10/23",5
"Michael Thomas","NO","WR","L 13-20",12.7,0,0,0,0,0,0,5,45,0,8,0,0,0,9.5,0,0,"Hou","Away",39,"10/17/23",6
"Michael Thomas","NO","WR","L 24-31",12,0,0,0,0,0,0,3,42,1,7,0,0,0,13.2,0,0,"Jax","Home",22,"10/24/23",7
"Michael Thomas","NO","WR","W 38-27",11.2,0,0,0,0,0,0,4,68,0,7,0,0,0,10.8,0,0,"Ind","Away",41,"10/31/23",8
"Michael Thomas","NO","WR","W 24-17",10.9,0,0,0,0,0,0,0,0,0,1,0,0,0,0,0,0,"Chi","Home",126.5,"11/7/23",9
"Michael Thomas","NO","WR","L 19-27",9.8,0,0,0,0,0,0,1,9,0,2,0,0,0,1.9,0,0,"Min","Away",93.5,"11/14/23",10
"Michael Wilson","Ari","WR","L 16-20",5.4,0,0,0,0,0,0,2,19,0,4,0,0,0,3.9,0,0,"Wsh","Away",81,"9/12/23",1
"Michael Wilson","Ari","WR","L 28-31",7.2,0,0,0,0,0,0,3,56,0,3,0,0,0,8.6,0,0,"NYG","Home",58,"9/19/23",2
"Michael Wilson","Ari","WR","W 28-16",5.9,0,0,0,0,0,0,2,86,0,2,0,0,0,10.6,0,0,"Dal","Home",42.5,"9/26/23",3
"Michael Wilson","Ari","WR","L 16-35",6.5,0,0,0,0,0,0,7,76,2,7,0,0,0,26.6,0,0,"SF","Away",6,"10/3/23",4
"Michael Wilson","Ari","WR","L 20-34",9.3,0,0,0,0,0,0,1,18,0,2,0,0,0,2.8,0,0,"Cin","Home",78,"10/10/23",5
"Michael Wilson","Ari","WR","L 9-26",7.1,0,0,0,0,0,0,3,62,0,4,0,0,0,9.2,0,0,"LAR","Away",42,"10/17/23",6
"Michael Wilson","Ari","WR","L 10-20",6.4,0,0,0,0,0,0,3,26,0,5,0,0,0,5.6,0,0,"Sea","Away",59,"10/24/23",7
"Michael Wilson","Ari","WR","L 24-31",6.2,0,0,0,0,0,0,4,58,0,6,0,0,0,9.8,0,0,"Bal","Home",48,"10/31/23",8
"Michael Wilson","Ari","WR","W 25-23",6.6,0,0,0,0,0,0,3,34,0,6,0,0,0,6.4,0,0,"Atl","Home",53.5,"11/14/23",10
"Michael Wilson","Ari","WR","L 29-45",7.9,0,0,0,0,0,0,0,0,0,3,0,0,0,0,0,0,"SF","Home",140,"12/19/23",15
"Michael Wilson","Ari","WR","L 16-27",9.4,0,0,0,0,0,0,0,0,0,4,0,0,0,0,0,0,"Chi","Away",144.5,"12/26/23",16
"Michael Wilson","Ari","WR","W 35-31",9,0,0,0,0,0,0,4,35,1,6,0,0,0,15.5,0,0,"Phi","Away",24,"1/2/24",17
"Michael Wilson","Ari","WR","L 20-21",9,0,0,0,0,0,0,6,95,0,6,0,0,0,15.5,0,0,"Sea","Home",23.5,"1/9/24",18
"Mike Boone","Hou","RB","L 9-25",1.5,0,0,0,0,0,0,3,18,0,4,0,0,0,4.8,0,0,"Bal","Away",47,"9/12/23",1
"Mike Boone","Hou","RB","W 37-17",2.3,0,0,0,0,0,0,0,0,0,0,0,0,0,0,0,0,"Jax","Away",95.5,"9/26/23",3
"Mike Boone","Hou","RB","W 30-6",0.9,0,0,0,1,4,0,0,0,0,0,0,0,0,0.4,0,0,"Pit","Home",78.5,"10/3/23",4
"Mike Boone","Hou","RB","L 19-21",0.5,0,0,0,0,0,0,0,0,0,0,0,0,0,0,0,0,"Atl","Away",81,"10/10/23",5
"Mike Boone","Hou","RB","W 20-13",0,0,0,0,1,11,0,0,0,0,0,0,0,0,1.1,0,0,"NO","Home",73.5,"10/17/23",6
"Mike Boone","Hou","RB","L 13-15",0.2,0,0,0,1,5,0,1,11,0,1,0,0,0,2.6,0,0,"Car","Away",63.5,"10/31/23",8
"Mike Boone","Hou","RB","W 39-37",6.2,0,0,0,1,3,0,0,0,0,0,0,0,0,0.3,0,0,"TB","Home",71,"11/7/23",9
"Mike Boone","Hou","RB","W 30-27",6.2,0,0,0,0,0,0,2,6,0,3,0,0,0,2.6,0,0,"Cin","Away",50.5,"11/14/23",10
"Mike Boone","Hou","RB","W 21-16",6.3,0,0,0,1,0,0,1,5,0,1,0,0,0,1.5,0,0,"Ari","Home",62.5,"11/21/23",11
"Mike Boone","Car","RB","W 9-7",0,0,0,0,0,0,0,0,0,0,0,0,0,0,0,0,0,"Atl","Home",94,"12/19/23",15
"Mike Evans","TB","WR","W 20-17",13.8,0,0,0,0,0,0,6,66,1,10,0,0,0,18.6,0,0,"Min","Away",13.5,"9/12/23",1
"Mike Evans","TB","WR","W 27-17",13.6,0,0,0,0,0,0,6,171,1,8,0,0,0,29.1,0,0,"Chi","Home",3,"9/19/23",2
"Mike Evans","TB","WR","L 11-25",14.6,0,0,0,0,0,0,5,60,1,10,0,0,0,17,0,0,"Phi","Home",21,"9/26/23",3
"Mike Evans","TB","WR","W 26-9",14.1,0,0,0,0,0,0,3,40,0,3,0,0,0,7,0,0,"NO","Away",54,"10/3/23",4
"Mike Evans","TB","WR","L 6-20",16.9,0,0,0,0,0,0,4,49,0,10,0,0,0,8.9,0,0,"Det","Home",43,"10/17/23",6
"Mike Evans","TB","WR","L 13-16",15.9,0,0,0,0,0,0,6,82,1,8,0,0,0,20.2,0,0,"Atl","Home",7,"10/24/23",7
"Mike Evans","TB","WR","L 18-24",16.9,0,0,0,0,0,0,3,39,1,6,0,0,0,12.9,0,0,"Buf","Away",33,"10/31/23",8
"Mike Evans","TB","WR","L 37-39",15.2,0,0,0,0,0,0,4,87,0,5,0,0,0,12.7,0,0,"Hou","Away",21,"11/7/23",9
"Mike Evans","TB","WR","W 20-6",13.8,0,0,0,0,0,0,6,143,1,10,0,0,0,26.3,0,0,"Ten","Home",5,"11/14/23",10
"Mike Evans","TB","WR","L 14-27",15,0,0,0,0,0,0,5,43,1,12,0,0,0,15.3,0,0,"SF","Away",22,"11/21/23",11
"Mike Evans","TB","WR","L 20-27",15.3,0,0,0,0,0,0,6,70,2,9,0,0,0,25,0,0,"Ind","Away",2,"11/28/23",12
"Mike Evans","TB","WR","W 21-18",15,0,0,0,0,0,0,7,162,1,12,0,0,0,29.2,0,0,"Car","Home",7,"12/5/23",13
"Mike Evans","TB","WR","W 29-25",15.9,0,0,0,0,0,0,1,8,0,6,0,0,0,1.8,0,0,"Atl","Away",101,"12/12/23",14
"Mike Evans","TB","WR","W 34-20",15.2,0,0,0,0,0,0,4,57,1,6,0,0,0,15.7,0,0,"GB","Away",19.5,"12/19/23",15
"Mike Evans","TB","WR","W 30-12",15.5,0,0,0,0,0,0,7,86,2,9,0,0,0,27.6,0,0,"Jax","Home",6,"12/26/23",16
"Mike Evans","TB","WR","L 13-23",15.2,0,0,0,0,0,0,3,70,0,4,0,0,0,10,0,0,"NO","Home",37,"1/2/24",17
"Mike Evans","TB","WR","W 9-0",14.9,0,0,0,0,0,0,3,22,0,8,0,0,0,5.2,0,0,"Car","Away",64.5,"1/9/24",18
"Mike Gesicki","NE","TE","L 20-25",7.2,0,0,0,0,0,0,3,36,0,3,0,0,0,6.6,0,0,"Phi","Home",19.5,"9/12/23",1
"Mike Gesicki","NE","TE","L 17-24",5.3,0,0,0,0,0,0,5,33,0,6,0,0,0,8.3,0,0,"Mia","Home",19,"9/19/23",2
"Mike Gesicki","NE","TE","W 15-10",5.1,0,0,0,0,0,0,1,18,0,1,0,0,0,2.8,0,0,"NYJ","Away",36,"9/26/23",3
"Mike Gesicki","NE","TE","L 3-38",5.1,0,0,0,0,0,0,1,12,0,3,0,0,0,2.2,0,0,"Dal","Away",40.5,"10/3/23",4
"Mike Gesicki","NE","TE","L 0-34",4.9,0,0,0,0,0,0,2,17,0,4,0,0,0,3.7,0,0,"NO","Home",33.5,"10/10/23",5
"Mike Gesicki","NE","TE","L 17-21",6.6,0,0,0,0,0,0,3,28,0,3,0,0,0,5.8,0,0,"LV","Away",19,"10/17/23",6
"Mike Gesicki","NE","TE","W 29-25",5.9,0,0,0,0,0,0,2,5,1,2,0,0,0,8.5,0,0,"Buf","Home",15,"10/24/23",7
"Mike Gesicki","NE","TE","L 17-31",5.3,0,0,0,0,0,0,2,11,0,3,0,0,0,3.1,0,0,"Mia","Away",30,"10/31/23",8
"Mike Gesicki","NE","TE","L 17-20",4.9,0,0,0,0,0,0,0,0,0,2,0,0,0,0,0,0,"Wsh","Home",68,"11/7/23",9
"Mike Gesicki","NE","TE","L 6-10",4.5,0,0,0,0,0,0,2,22,0,3,0,0,0,4.2,0,0,"Ind","Home",27.5,"11/14/23",10
"Mike Gesicki","NE","TE","L 7-10",4.7,0,0,0,0,0,0,0,0,0,2,0,0,0,0,0,0,"NYG","Away",78,"11/28/23",12
"Mike Gesicki","NE","TE","L 0-6",5.2,0,0,0,0,0,0,0,0,0,0,0,0,0,0,0,0,"LAC","Home",66,"12/5/23",13
"Mike Gesicki","NE","TE","W 21-18",3.2,0,0,0,0,0,0,0,0,0,0,0,0,0,0,0,0,"Pit","Away",73,"12/12/23",14
"Mike Gesicki","NE","TE","L 17-27",2.1,0,0,0,0,0,0,1,7,0,2,0,0,0,1.7,0,0,"KC","Home",54.5,"12/19/23",15
"Mike Gesicki","NE","TE","W 26-23",5.9,0,0,0,0,0,0,2,15,1,2,0,0,0,9.5,0,0,"Den","Away",19,"12/26/23",16
"Mike Gesicki","NE","TE","L 21-27",6.2,0,0,0,0,0,0,4,35,0,6,0,0,0,7.5,0,0,"Buf","Away",21,"1/2/24",17
"Mike Gesicki","NE","TE","L 3-17",7.2,0,0,0,0,0,0,1,5,0,3,0,0,0,1.5,0,0,"NYJ","Home",51,"1/9/24",18
"Mike Strachan","Car","WR","L 13-16",0,0,0,0,0,0,0,1,45,0,2,0,0,0,5.5,0,0,"Chi","Away",58,"11/14/23",10
"Mike Strachan","Car","WR","L 10-33",1.5,0,0,0,0,0,0,0,0,0,0,0,0,0,0,0,0,"Dal","Home",126,"11/21/23",11
"Mike Strachan","Car","WR","L 18-21",1,0,0,0,0,0,0,0,0,0,1,0,0,0,0,0,0,"TB","Away",113,"12/5/23",13
"Mike Strachan","Car","WR","L 6-28",2.9,0,0,0,0,0,0,0,0,0,0,0,0,0,0,0,0,"NO","Away",134,"12/12/23",14
"Mike White","Mia","QB","W 70-20",0,67,1,0,1,-1,0,0,0,0,0,0,0,0,6.58,2,2,"Den","Home",28,"9/26/23",3
"Mike White","Mia","QB","W 42-21",0,0,0,1,3,-4,0,0,0,0,0,0,0,0,-2.4,0,1,"Car","Home",39,"10/17/23",6
"Mike White","Mia","QB","W 34-13",0,0,0,0,1,-2,0,0,0,0,0,0,0,0,-0.2,0,0,"NYJ","Away",38,"11/28/23",12
"Mike White","Mia","QB","W 45-15",0,3,0,0,0,0,0,0,0,0,0,0,0,0,0.12,1,1,"Wsh","Away",32,"12/5/23",13
"Mike White","Mia","QB","W 30-0",0,4,0,0,2,-2,0,0,0,0,0,0,0,0,-0.04,2,2,"NYJ","Home",41,"12/19/23",15
"Mike White","Mia","QB","L 19-56",0,0,0,0,1,0,0,0,0,0,0,0,1,0,-2,0,0,"Bal","Away",43,"1/2/24",17
"Mike Williams","LAC","WR","L 34-36",12.8,0,0,0,0,0,0,4,45,0,5,0,0,0,8.5,0,0,"Mia","Home",50,"9/12/23",1
"Mike Williams","LAC","WR","L 24-27",12.6,0,0,0,1,3,0,8,83,0,13,0,0,0,16.6,0,0,"Ten","Away",24,"9/19/23",2
"Mike Williams","LAC","WR","W 28-24",14,0,0,0,0,0,0,7,121,1,8,0,0,0,25.1,0,0,"Min","Away",8.5,"9/26/23",3
"Miles Boykin","Pit","WR","L 7-30",0,0,0,0,0,0,0,0,0,0,0,0,0,0,0,0,0,"SF","Home",135,"9/12/23",1
"Miles Boykin","Pit","WR","W 26-22",0.9,0,0,0,0,0,0,1,5,0,1,0,0,0,1.5,0,0,"Cle","Home",113,"9/19/23",2
"Miles Boykin","Pit","WR","W 23-18",1,0,0,0,0,0,0,0,0,0,0,0,0,0,0,0,0,"LV","Away",141,"9/26/23",3
"Miles Boykin","Pit","WR","L 6-30",0.5,0,0,0,0,0,0,0,0,0,0,0,0,0,0,0,0,"Hou","Away",143,"10/3/23",4
"Miles Boykin","Pit","WR","W 17-10",0,0,0,0,0,0,0,0,0,0,1,0,0,0,0,0,0,"Bal","Home",124.5,"10/10/23",5
"Miles Boykin","Pit","WR","W 24-17",0,0,0,0,0,0,0,0,0,0,0,0,0,0,0,0,0,"LAR","Away",116,"10/24/23",7
"Miles Boykin","Pit","WR","L 10-20",0,0,0,0,0,0,0,0,0,0,0,0,0,0,0,0,0,"Jax","Home",138,"10/31/23",8
"Miles Boykin","Pit","WR","W 20-16",0,0,0,0,0,0,0,1,6,0,1,0,0,0,1.6,0,0,"Ten","Home",99.5,"11/7/23",9
"Miles Boykin","Pit","WR","W 23-19",1,0,0,0,0,0,0,0,0,0,0,0,0,0,0,0,0,"GB","Home",123.5,"11/14/23",10
"Miles Boykin","Pit","WR","L 10-13",0,0,0,0,0,0,0,0,0,0,0,0,0,0,0,0,0,"Cle","Away",126,"11/21/23",11
"Miles Boykin","Pit","WR","W 16-10",0,0,0,0,0,0,0,0,0,0,0,0,0,0,0,0,0,"Cin","Away",149,"11/28/23",12
"Miles Boykin","Pit","WR","L 10-24",0,0,0,0,0,0,0,0,0,0,0,0,0,0,0,0,0,"Ari","Home",113,"12/5/23",13
"Miles Boykin","Pit","WR","L 18-21",0,0,0,0,0,0,0,0,0,0,0,0,0,0,0,0,0,"NE","Home",134,"12/12/23",14
"Miles Boykin","Pit","WR","L 13-30",0,0,0,0,0,0,0,0,0,0,0,0,0,0,0,0,0,"Ind","Away",140,"12/19/23",15
"Miles Boykin","Pit","WR","W 34-11",0,0,0,0,0,0,0,1,6,0,1,0,0,0,1.6,0,0,"Cin","Home",111,"12/26/23",16
"Miles Boykin","Pit","WR","W 30-23",0.4,0,0,0,0,0,0,0,0,0,0,0,0,0,0,0,0,"Sea","Away",137.5,"1/2/24",17
"Miles Boykin","Pit","WR","W 17-10",0.4,0,0,0,0,0,0,0,0,0,0,0,0,0,0,0,0,"Bal","Away",142.5,"1/9/24",18
"Miles Sanders","Car","RB","L 10-24",14.2,0,0,0,18,72,0,4,26,0,6,0,1,0,11.8,0,0,"Atl","Away",21.5,"9/12/23",1
"Miles Sanders","Car","RB","L 17-20",13.7,0,0,0,14,43,0,3,4,0,5,0,0,0,7.7,0,0,"NO","Home",31,"9/19/23",2
"Miles Sanders","Car","RB","L 27-37",15.7,0,0,0,9,24,1,5,38,0,9,0,0,0,17.2,0,0,"Sea","Away",11,"9/26/23",3
"Miles Sanders","Car","RB","L 13-21",15.6,0,0,0,13,19,0,3,13,0,3,0,0,0,6.2,0,0,"Min","Home",39,"10/3/23",4
"Miles Sanders","Car","RB","L 24-42",13,0,0,0,7,32,0,0,0,0,1,0,1,0,1.2,0,0,"Det","Away",64.5,"10/10/23",5
"Miles Sanders","Car","RB","W 15-13",11.7,0,0,0,2,0,0,0,0,0,0,0,0,0,0,0,0,"Hou","Home",97,"10/31/23",8
"Miles Sanders","Car","RB","L 13-27",7,0,0,0,6,39,0,3,22,0,5,0,0,0,9.1,0,0,"Ind","Home",28,"11/7/23",9
"Miles Sanders","Car","RB","L 13-16",7.6,0,0,0,2,-5,0,2,15,0,2,0,0,0,3,0,0,"Chi","Away",48.5,"11/14/23",10
"Miles Sanders","Car","RB","L 10-33",5.4,0,0,0,11,50,0,1,2,0,1,0,0,0,6.2,0,0,"Dal","Home",35,"11/21/23",11
"Miles Sanders","Car","RB","L 10-17",8.6,0,0,0,15,28,0,0,0,0,1,0,0,0,2.8,0,0,"Ten","Away",55.5,"11/28/23",12
"Miles Sanders","Car","RB","L 18-21",8.6,0,0,0,8,23,0,1,6,0,2,0,0,0,3.9,0,0,"TB","Away",38.5,"12/5/23",13
"Miles Sanders","Car","RB","L 6-28",7.6,0,0,0,10,74,0,0,0,0,0,0,0,0,7.4,0,0,"NO","Away",38,"12/12/23",14
"Miles Sanders","Car","RB","W 9-7",6.8,0,0,0,6,2,0,2,11,0,2,0,0,0,3.3,0,0,"Atl","Home",57,"12/19/23",15
"Miles Sanders","Car","RB","L 30-33",6.6,0,0,0,3,3,0,1,5,0,2,0,0,0,1.8,0,0,"GB","Home",66,"12/26/23",16
"Miles Sanders","Car","RB","L 0-26",5.7,0,0,0,2,10,0,2,12,0,2,0,0,0,4.2,0,0,"Jax","Away",56.5,"1/2/24",17
"Miles Sanders","Car","RB","L 0-9",4.9,0,0,0,3,18,0,0,0,0,0,0,0,0,1.8,0,0,"TB","Home",60.5,"1/9/24",18
"Mitch Trubisky","Pit","QB","L 6-30",0,18,0,0,0,0,0,0,0,0,0,0,0,0,0.72,3,5,"Hou","Away",35,"10/3/23",4
"Mitch Trubisky","Pit","QB","L 10-20",0,138,1,2,3,18,0,0,0,0,0,0,0,0,7.32,15,27,"Jax","Home",29,"10/31/23",8
"Mitch Trubisky","Pit","QB","L 10-24",0,117,1,0,3,5,0,0,0,0,0,0,1,0,7.18,11,17,"Ari","Home",24,"12/5/23",13
"Mitch Trubisky","Pit","QB","L 18-21",12.7,190,1,1,8,30,1,0,0,0,0,0,0,0,20.6,22,35,"NE","Home",8,"12/12/23",14
"Mitch Trubisky","Pit","QB","L 13-30",13.6,169,1,2,2,1,1,0,0,0,0,0,0,0,12.86,16,23,"Ind","Away",23,"12/19/23",15
"Mitchell Tinsley","Wsh","WR","W 35-33",0,0,0,0,0,0,0,0,0,0,0,0,0,0,0,0,0,"Den","Away",145,"9/19/23",2
"Mitchell Tinsley","Wsh","WR","L 10-38",0,0,0,0,0,0,0,0,0,0,0,0,0,0,0,0,0,"Dal","Home",142.5,"1/9/24",18
"Mitchell Wilcox","Cin","TE","L 3-24",0.6,0,0,0,0,0,0,0,0,0,0,0,0,0,0,0,0,"Cle","Away",75,"9/12/23",1
"Mitchell Wilcox","Cin","TE","L 24-27",0.5,0,0,0,0,0,0,0,0,0,0,0,0,0,0,0,0,"Bal","Home",76,"9/19/23",2
"Mitchell Wilcox","Cin","TE","W 19-16",2.7,0,0,0,0,0,0,2,10,0,3,0,0,0,3,0,0,"LAR","Home",33.5,"9/26/23",3
"Mitchell Wilcox","Cin","TE","L 3-27",2.4,0,0,0,0,0,0,1,7,0,1,0,0,0,1.7,0,0,"Ten","Away",47.5,"10/3/23",4
"Mitchell Wilcox","Cin","TE","W 34-20",1.2,0,0,0,0,0,0,0,0,0,0,0,0,0,0,0,0,"Ari","Away",71,"10/10/23",5
"Mitchell Wilcox","Cin","TE","W 17-13",0.6,0,0,0,0,0,0,0,0,0,0,0,0,0,0,0,0,"Sea","Home",72,"10/17/23",6
"Mitchell Wilcox","Cin","TE","W 31-17",0.6,0,0,0,0,0,0,0,0,0,0,0,0,0,0,0,0,"SF","Away",73,"10/31/23",8
"Mitchell Wilcox","Cin","TE","W 24-18",0.6,0,0,0,0,0,0,0,0,0,0,0,0,0,0,0,0,"Buf","Home",68,"11/7/23",9
"Mitchell Wilcox","Cin","TE","L 27-30",0,0,0,0,0,0,0,0,0,0,1,0,0,0,0,0,0,"Hou","Home",69.5,"11/14/23",10
"Mitchell Wilcox","Cin","TE","L 20-34",0.6,0,0,0,0,0,0,0,0,0,0,0,0,0,0,0,0,"Bal","Away",67,"11/21/23",11
"Mitchell Wilcox","Cin","TE","L 10-16",0,0,0,0,0,0,0,1,1,0,1,0,0,0,1.1,0,0,"Pit","Home",56,"11/28/23",12
"Mitchell Wilcox","Cin","TE","W 34-31",0.5,0,0,0,0,0,0,1,12,0,1,0,0,0,2.2,0,0,"Jax","Away",36,"12/5/23",13
"Mitchell Wilcox","Cin","TE","W 34-14",1,0,0,0,0,0,0,1,0,0,1,0,0,0,1,0,0,"Ind","Home",53,"12/12/23",14
"Mitchell Wilcox","Cin","TE","W 27-24",0.9,0,0,0,0,0,0,2,20,0,2,0,0,0,4,0,0,"Min","Home",37,"12/19/23",15
"Mitchell Wilcox","Cin","TE","L 11-34",2.6,0,0,0,0,0,0,1,6,0,1,0,0,0,1.6,0,0,"Pit","Away",53.5,"12/26/23",16
"Mitchell Wilcox","Cin","TE","L 17-25",2.1,0,0,0,0,0,0,0,0,0,1,0,0,0,0,0,0,"KC","Away",76,"1/2/24",17
"Mitchell Wilcox","Cin","TE","W 31-14",1.9,0,0,0,0,0,0,0,0,0,0,0,0,0,0,0,0,"Cle","Home",76.5,"1/9/24",18
"Mo Alie-Cox","Ind","TE","L 21-31",3.6,0,0,0,0,0,0,0,0,0,2,0,0,0,0,0,0,"Jax","Home",75,"9/12/23",1
"Mo Alie-Cox","Ind","TE","W 31-20",3.1,0,0,0,0,0,0,1,15,0,1,0,0,0,2.5,0,0,"Hou","Away",47.5,"9/19/23",2
"Mo Alie-Cox","Ind","TE","W 22-19",3.8,0,0,0,0,0,0,0,0,0,0,0,0,0,0,0,0,"Bal","Away",79,"9/26/23",3
"Mo Alie-Cox","Ind","TE","L 23-29",2.4,0,0,0,0,0,0,1,35,1,1,0,0,0,10.5,0,0,"LAR","Home",13,"10/3/23",4
"Mo Alie-Cox","Ind","TE","W 23-16",1.7,0,0,0,0,0,0,1,17,0,1,0,0,0,2.7,0,0,"Ten","Home",45,"10/10/23",5
"Mo Alie-Cox","Ind","TE","L 20-37",1.8,0,0,0,0,0,0,0,0,0,0,0,0,0,0,0,0,"Jax","Away",72,"10/17/23",6
"Mo Alie-Cox","Ind","TE","L 38-39",2.8,0,0,0,0,0,0,1,-6,0,1,0,0,0,0.4,0,0,"Cle","Home",44,"10/24/23",7
"Mo Alie-Cox","Ind","TE","L 27-38",2.6,0,0,0,0,0,0,1,11,0,2,0,0,0,2.1,0,0,"NO","Home",39,"10/31/23",8
"Mo Alie-Cox","Ind","TE","W 27-13",1.7,0,0,0,0,0,0,0,0,0,0,0,0,0,0,0,0,"Car","Away",68,"11/7/23",9
"Mo Alie-Cox","Ind","TE","W 10-6",2.7,0,0,0,0,0,0,0,0,0,1,0,0,0,0,0,0,"NE","Away",69.5,"11/14/23",10
"Mo Alie-Cox","Ind","TE","W 27-20",2.7,0,0,0,0,0,0,1,30,0,1,0,0,0,4,0,0,"TB","Home",31,"11/28/23",12
"Mo Alie-Cox","Ind","TE","W 31-28",1.7,0,0,0,0,0,0,0,0,0,0,0,0,0,0,0,0,"Ten","Away",66,"12/5/23",13
"Mo Alie-Cox","Ind","TE","L 14-34",1.2,0,0,0,0,0,0,1,2,1,1,0,0,0,7.2,0,0,"Cin","Away",22,"12/12/23",14
"Mo Alie-Cox","Ind","TE","W 30-13",1.2,0,0,0,0,0,0,2,21,1,3,0,0,0,10.1,0,0,"Pit","Home",13,"12/19/23",15
"Mo Alie-Cox","Ind","TE","L 10-29",3.5,0,0,0,0,0,0,0,0,0,1,0,0,0,0,0,0,"Atl","Away",78,"12/26/23",16
"Mo Alie-Cox","Ind","TE","W 23-20",2.9,0,0,0,0,0,0,2,18,0,3,0,0,0,3.8,0,0,"LV","Home",38.5,"1/2/24",17
"Mo Alie-Cox","Ind","TE","L 19-23",4.8,0,0,0,0,0,0,2,18,0,4,0,0,0,5.8,0,0,"Hou","Home",22,"1/9/24",18
"Mohamed Ibrahim","Det","RB","L 6-38",0,0,0,0,0,0,0,0,0,0,0,0,0,0,0,0,0,"Bal","Away",76,"10/24/23",7
"Montrell Washington","KC","WR","W 41-10",0,0,0,0,0,0,0,0,0,0,0,0,0,0,0,0,0,"Chi","Home",141,"9/26/23",3
"Montrell Washington","KC","WR","W 23-20",0.1,0,0,0,0,0,0,0,0,0,0,0,0,0,0,0,0,"NYJ","Away",143,"10/3/23",4
"Montrell Washington","KC","WR","W 27-20",0.1,0,0,0,0,0,0,0,0,0,0,0,0,0,0,0,0,"Min","Away",124.5,"10/10/23",5
"Montrell Washington","KC","WR","W 31-17",0,0,0,0,0,0,0,0,0,0,0,0,0,0,0,0,0,"LV","Away",149,"11/28/23",12
"Montrell Washington","KC","WR","L 14-20",0,0,0,0,0,0,0,0,0,0,0,0,0,0,0,0,0,"LV","Home",144.5,"12/26/23",16
"MyCole Pruitt","Atl","TE","W 24-10",0,0,0,0,0,0,0,0,0,0,0,0,0,0,0,0,0,"Car","Home",75,"9/12/23",1
"MyCole Pruitt","Atl","TE","W 25-24",0,0,0,0,0,0,0,0,0,0,0,0,0,0,0,0,0,"GB","Home",76,"9/19/23",2
"MyCole Pruitt","Atl","TE","L 6-20",0,0,0,0,0,0,0,1,10,0,1,0,0,0,2,0,0,"Det","Away",47.5,"9/26/23",3
"MyCole Pruitt","Atl","TE","L 7-23",0.5,0,0,0,0,0,0,0,0,0,1,0,0,0,0,0,0,"Jax","Away",79.5,"10/3/23",4
"MyCole Pruitt","Atl","TE","W 21-19",0.5,0,0,0,0,0,0,1,22,0,1,0,0,0,3.2,0,0,"Hou","Home",38,"10/10/23",5
"MyCole Pruitt","Atl","TE","L 16-24",0.5,0,0,0,0,0,0,1,9,0,2,0,0,0,1.9,0,0,"Wsh","Home",39.5,"10/17/23",6
"MyCole Pruitt","Atl","TE","W 16-13",1.6,0,0,0,0,0,0,0,0,0,0,0,0,0,0,0,0,"TB","Away",62,"10/24/23",7
"MyCole Pruitt","Atl","TE","L 23-28",1.5,0,0,0,0,0,0,1,3,0,2,0,0,0,1.3,0,0,"Ten","Away",50,"10/31/23",8
"MyCole Pruitt","Atl","TE","L 28-31",2.6,0,0,0,0,0,0,0,0,0,0,0,0,0,0,0,0,"Min","Home",68,"11/7/23",9
"MyCole Pruitt","Atl","TE","L 23-25",1.1,0,0,0,0,0,0,0,0,0,0,0,0,0,0,0,0,"Ari","Away",69.5,"11/14/23",10
"MyCole Pruitt","Atl","TE","W 24-15",0.5,0,0,0,0,0,0,0,0,0,0,0,0,0,0,0,0,"NO","Home",78,"11/28/23",12
"MyCole Pruitt","Atl","TE","W 13-8",0.5,0,0,0,0,0,0,1,20,1,1,0,0,0,9,0,0,"NYJ","Away",13,"12/5/23",13
"MyCole Pruitt","Atl","TE","L 25-29",1.1,0,0,0,0,0,0,2,15,0,2,0,0,0,3.5,0,0,"TB","Home",36,"12/12/23",14
"MyCole Pruitt","Atl","TE","L 7-9",1.4,0,0,0,0,0,0,0,0,0,0,0,0,0,0,0,0,"Car","Away",81.5,"12/19/23",15
"MyCole Pruitt","Atl","TE","W 29-10",1.5,0,0,0,0,0,0,0,0,0,0,0,0,0,0,0,0,"Ind","Home",78,"12/26/23",16
"MyCole Pruitt","Atl","TE","L 17-37",1,0,0,0,0,0,0,1,14,0,1,0,0,0,2.4,0,0,"Chi","Away",45,"1/2/24",17
"MyCole Pruitt","Atl","TE","L 17-48",1.1,0,0,0,0,0,0,1,17,0,1,0,0,0,2.7,0,0,"NO","Away",43.5,"1/9/24",18
"Myles Gaskin","LAR","RB","L 20-43",0,0,0,0,0,0,0,0,0,0,0,0,0,0,0,0,0,"Dal","Away",97,"10/31/23",8
"Myles Gaskin","Min","RB","L 24-27",2.1,0,0,0,0,0,0,0,0,0,0,0,0,0,0,0,0,"Cin","Away",94,"12/19/23",15
"N'Keal Harry","Min","WR","W 21-13",0,0,0,0,0,0,0,0,0,0,0,0,0,0,0,0,0,"Car","Away",143,"10/3/23",4
"N'Keal Harry","Min","WR","L 20-27",0,0,0,0,0,0,0,0,0,0,0,0,0,0,0,0,0,"KC","Home",124.5,"10/10/23",5
"N'Keal Harry","Min","WR","W 19-13",3.9,0,0,0,0,0,0,0,0,0,0,0,0,0,0,0,0,"Chi","Away",128,"10/17/23",6
"N'Keal Harry","Min","WR","W 22-17",1.2,0,0,0,0,0,0,0,0,0,0,0,0,0,0,0,0,"SF","Home",116,"10/24/23",7
"N'Keal Harry","Min","WR","W 24-10",1.2,0,0,0,0,0,0,0,0,0,0,0,0,0,0,0,0,"GB","Away",138,"10/31/23",8
"N'Keal Harry","Min","WR","W 31-28",0,0,0,0,0,0,0,0,0,0,0,0,0,0,0,0,0,"Atl","Away",126.5,"11/7/23",9
"N'Keal Harry","Min","WR","W 27-19",1.3,0,0,0,0,0,0,0,0,0,0,0,0,0,0,0,0,"NO","Home",123.5,"11/14/23",10
"N'Keal Harry","Min","WR","L 20-21",0,0,0,0,0,0,0,0,0,0,0,0,0,0,0,0,0,"Den","Away",126,"11/21/23",11
"Najee Harris","Pit","RB","L 7-30",13.6,0,0,0,6,31,0,2,2,0,2,0,0,0,5.3,0,0,"SF","Home",44.5,"9/12/23",1
"Najee Harris","Pit","RB","W 26-22",13.2,0,0,0,10,43,0,1,0,0,3,0,0,0,5.3,0,0,"Cle","Home",44.5,"9/19/23",2
"Najee Harris","Pit","RB","W 23-18",12.7,0,0,0,19,65,0,0,0,0,1,0,0,0,6.5,0,0,"LV","Away",38.5,"9/26/23",3
"Najee Harris","Pit","RB","L 6-30",11.2,0,0,0,14,71,0,1,32,0,2,0,0,0,11.3,0,0,"Hou","Away",19,"10/3/23",4
"Najee Harris","Pit","RB","W 17-10",9.8,0,0,0,14,37,0,1,3,0,1,0,0,0,5,0,0,"Bal","Home",37,"10/10/23",5
"Najee Harris","Pit","RB","W 24-17",8.4,0,0,0,14,53,1,3,15,0,3,0,0,0,15.8,0,0,"LAR","Away",13,"10/24/23",7
"Najee Harris","Pit","RB","L 10-20",10.2,0,0,0,7,13,0,5,42,0,5,0,0,0,10.5,0,0,"Jax","Home",22,"10/31/23",8
"Najee Harris","Pit","RB","W 20-16",10.6,0,0,0,16,69,1,2,7,0,4,0,0,0,15.6,0,0,"Ten","Home",12,"11/7/23",9
"Najee Harris","Pit","RB","W 23-19",12,0,0,0,16,82,1,3,14,0,4,0,0,0,18.6,0,0,"GB","Home",9,"11/14/23",10
"Najee Harris","Pit","RB","L 10-13",12.5,0,0,0,12,35,0,1,1,0,2,0,0,0,4.6,0,0,"Cle","Away",41,"11/21/23",11
"Najee Harris","Pit","RB","W 16-10",12.3,0,0,0,15,99,1,0,0,0,0,0,0,0,15.9,0,0,"Cin","Away",13.5,"11/28/23",12
"Najee Harris","Pit","RB","L 10-24",13.1,0,0,0,16,63,0,2,14,0,3,0,0,0,9.7,0,0,"Ari","Home",25,"12/5/23",13
"Najee Harris","Pit","RB","L 18-21",12.2,0,0,0,12,29,0,3,19,0,3,0,0,0,7.8,0,0,"NE","Home",36.5,"12/12/23",14
"Najee Harris","Pit","RB","L 13-30",12,0,0,0,12,33,0,0,0,0,0,0,1,0,1.3,0,0,"Ind","Away",73.5,"12/19/23",15
"Najee Harris","Pit","RB","W 34-11",12,0,0,0,19,78,1,0,0,0,0,0,0,0,13.8,0,0,"Cin","Home",19,"12/26/23",16
"Najee Harris","Pit","RB","W 30-23",12.2,0,0,0,27,122,2,0,0,0,0,0,0,0,24.2,0,0,"Sea","Away",7,"1/2/24",17
"Najee Harris","Pit","RB","W 17-10",12.3,0,0,0,26,112,1,5,21,0,5,0,0,0,24.3,0,0,"Bal","Away",6,"1/9/24",18
"Nate Adkins","Den","TE","L 33-35",1.6,0,0,0,0,0,0,0,0,0,0,0,0,0,0,0,0,"Wsh","Home",76,"9/19/23",2
"Nate Adkins","Den","TE","L 20-70",0,0,0,0,0,0,0,1,11,0,1,0,0,0,2.1,0,0,"Mia","Away",44.5,"9/26/23",3
"Nate Adkins","Den","TE","W 31-28",1.2,0,0,0,0,0,0,2,8,0,2,0,0,0,2.8,0,0,"Chi","Away",38,"10/3/23",4
"Nate Adkins","Den","TE","L 21-31",2.3,0,0,0,0,0,0,0,0,0,1,0,0,0,0,0,0,"NYJ","Home",71,"10/10/23",5
"Nate Adkins","Den","TE","W 19-17",1.6,0,0,0,0,0,0,1,3,0,1,0,0,0,1.3,0,0,"GB","Home",41,"10/24/23",7
"Nate Adkins","Den","TE","W 24-9",2.1,0,0,0,0,0,0,0,0,0,0,0,0,0,0,0,0,"KC","Home",73,"10/31/23",8
"Nate Adkins","Den","TE","W 21-20",1,0,0,0,0,0,0,0,0,0,0,0,0,0,0,0,0,"Min","Home",67,"11/21/23",11
"Nate Adkins","Den","TE","W 29-12",0.5,0,0,0,0,0,0,0,0,0,0,0,0,0,0,0,0,"Cle","Home",78,"11/28/23",12
"Nate Adkins","Den","TE","W 16-9",0,0,0,0,0,0,0,0,0,0,0,0,0,0,0,0,0,"LAC","Home",76,"1/2/24",17
"Nate Adkins","Den","TE","L 14-27",0,0,0,0,0,0,0,0,0,0,0,0,0,0,0,0,0,"LV","Away",76.5,"1/9/24",18
"Nathan Peterman","Chi","QB","W 30-12",0,0,0,0,2,-4,0,0,0,0,0,0,0,0,-0.4,0,0,"LV","Home",30,"10/24/23",7
"Nathan Peterman","Chi","QB","L 9-17",0,0,0,0,0,0,0,0,0,0,0,0,0,0,0,0,0,"GB","Away",39.5,"1/9/24",18
"Nelson Agholor","Bal","WR","W 25-9",1.5,0,0,0,0,0,0,0,0,0,0,0,0,0,0,0,0,"Hou","Home",135,"9/12/23",1
"Nelson Agholor","Bal","WR","W 27-24",1.1,0,0,0,0,0,0,5,63,1,6,0,0,0,17.3,0,0,"Cin","Away",23,"9/19/23",2
"Nelson Agholor","Bal","WR","L 19-22",6.8,0,0,0,0,0,0,4,39,0,4,0,0,0,7.9,0,0,"Ind","Home",59.5,"9/26/23",3
"Nelson Agholor","Bal","WR","W 28-3",8.3,0,0,0,0,0,0,1,4,0,2,0,0,0,1.4,0,0,"Cle","Away",117.5,"10/3/23",4
"Nelson Agholor","Bal","WR","L 10-17",2.9,0,0,0,0,0,0,4,64,0,5,0,0,0,10.4,0,0,"Pit","Away",32,"10/10/23",5
"Nelson Agholor","Bal","WR","W 24-16",5.6,0,0,0,0,0,0,2,40,0,3,0,0,0,6,0,0,"Ten","Away",60,"10/17/23",6
"Nelson Agholor","Bal","WR","W 38-6",5.1,0,0,0,0,0,0,1,12,1,1,0,0,0,8.2,0,0,"Det","Home",46,"10/24/23",7
"Nelson Agholor","Bal","WR","W 31-24",3.3,0,0,0,0,0,0,0,0,0,1,0,0,0,0,0,0,"Ari","Away",138,"10/31/23",8
"Nelson Agholor","Bal","WR","W 37-3",3.2,0,0,0,0,0,0,1,2,0,1,0,0,0,1.2,0,0,"Sea","Home",104.5,"11/7/23",9
"Nelson Agholor","Bal","WR","L 31-33",2.5,0,0,0,0,0,0,0,0,0,2,0,0,0,0,0,0,"Cle","Home",123.5,"11/14/23",10
"Nelson Agholor","Bal","WR","W 34-20",2.8,0,0,0,0,0,0,1,37,1,1,0,0,0,10.7,0,0,"Cin","Home",31,"11/21/23",11
"Nelson Agholor","Bal","WR","W 20-10",4.6,0,0,0,0,0,0,1,21,0,2,0,0,0,3.1,0,0,"LAC","Away",94.5,"11/28/23",12
"Nelson Agholor","Bal","WR","W 37-31",3.8,0,0,0,0,0,0,5,32,0,5,0,0,0,8.2,0,0,"LAR","Home",41.5,"12/12/23",14
"Nelson Agholor","Bal","WR","W 23-7",5.1,0,0,0,0,0,0,0,0,0,1,0,0,0,0,0,0,"Jax","Away",140,"12/19/23",15
"Nelson Agholor","Bal","WR","W 33-19",4.6,0,0,0,0,0,0,3,10,1,4,0,0,0,10,0,0,"SF","Away",42,"12/26/23",16
"Nelson Agholor","Bal","WR","W 56-19",5,0,0,0,0,0,0,2,18,0,2,0,0,0,3.8,0,0,"Mia","Home",77,"1/2/24",17
"Nelson Agholor","Bal","WR","L 10-17",6.6,0,0,0,0,0,0,5,39,0,5,0,0,0,8.9,0,0,"Pit","Home",42,"1/9/24",18
"Nick Bawden","NYJ","RB","W 22-16",0,0,0,0,0,0,0,0,0,0,0,0,0,0,0,0,0,"Buf","Home",96,"9/12/23",1
"Nick Bawden","NYJ","RB","L 10-30",0,0,0,0,0,0,0,0,0,0,0,0,0,0,0,0,0,"Dal","Away",96,"9/19/23",2
"Nick Bawden","NYJ","RB","L 10-15",0,0,0,0,1,1,1,0,0,0,0,0,0,0,6.1,0,0,"NE","Home",40,"9/26/23",3
"Nick Bawden","NYJ","RB","L 20-23",0.1,0,0,0,0,0,0,0,0,0,0,0,0,0,0,0,0,"KC","Home",93.5,"10/3/23",4
"Nick Bawden","NYJ","RB","W 31-21",0.2,0,0,0,0,0,0,0,0,0,0,0,0,0,0,0,0,"Den","Away",81,"10/10/23",5
"Nick Bawden","NYJ","RB","W 20-14",0.1,0,0,0,0,0,0,0,0,0,0,0,0,0,0,0,0,"Phi","Home",93,"10/17/23",6
"Nick Bawden","NYJ","RB","W 13-10",0.1,0,0,0,0,0,0,0,0,0,0,0,0,0,0,0,0,"NYG","Away",97,"10/31/23",8
"Nick Bawden","NYJ","RB","L 6-27",0.1,0,0,0,0,0,0,1,7,0,1,0,0,0,1.7,0,0,"LAC","Home",61,"11/7/23",9
"Nick Bawden","NYJ","RB","L 12-16",0,0,0,0,0,0,0,0,0,0,0,0,0,0,0,0,0,"LV","Away",83,"11/14/23",10
"Nick Bawden","NYJ","RB","L 6-32",0,0,0,0,0,0,0,0,0,0,0,0,0,0,0,0,0,"Buf","Away",80,"11/21/23",11
"Nick Bawden","NYJ","RB","L 13-34",0,0,0,0,0,0,0,1,6,0,1,0,0,0,1.6,0,0,"Mia","Home",67,"11/28/23",12
"Nick Bawden","NYJ","RB","L 8-13",0.5,0,0,0,0,0,0,0,0,0,0,0,0,0,0,0,0,"Atl","Home",72,"12/5/23",13
"Nick Bawden","NYJ","RB","W 30-6",0.5,0,0,0,1,3,0,0,0,0,0,0,0,0,0.3,0,0,"Hou","Home",76.5,"12/12/23",14
"Nick Bawden","NYJ","RB","L 0-30",0.5,0,0,0,0,0,0,0,0,0,0,0,0,0,0,0,0,"Mia","Away",94,"12/19/23",15
"Nick Bawden","NYJ","RB","L 20-37",0,0,0,0,0,0,0,1,8,0,1,0,0,0,1.8,0,0,"Cle","Away",70.5,"1/2/24",17
"Nick Bawden","NYJ","RB","W 17-3",0,0,0,0,0,0,0,0,0,0,0,0,0,0,0,0,0,"NE","Away",88.5,"1/9/24",18
"Nick Bellore","Sea","RB","L 13-30",0,0,0,0,0,0,0,0,0,0,0,0,0,0,0,0,0,"LAR","Home",96,"9/12/23",1
"Nick Bellore","Sea","RB","W 37-31",0,0,0,0,0,0,0,0,0,0,0,0,0,0,0,0,0,"Det","Away",96,"9/19/23",2
"Nick Bellore","Sea","RB","W 37-27",0,0,0,0,0,0,0,0,0,0,0,0,0,0,0,0,0,"Car","Home",95.5,"9/26/23",3
"Nick Bellore","Sea","RB","L 13-17",0,0,0,0,0,0,0,0,0,0,0,0,0,0,0,0,0,"Cin","Away",93,"10/17/23",6
"Nick Bellore","Sea","RB","W 20-10",0,0,0,0,0,0,0,0,0,0,0,0,0,0,0,0,0,"Ari","Home",76,"10/24/23",7
"Nick Bellore","Sea","RB","W 24-20",0,0,0,0,0,0,0,0,0,0,0,0,0,0,0,0,0,"Cle","Home",97,"10/31/23",8
"Nick Bellore","Sea","RB","L 3-37",0,0,0,0,0,0,0,0,0,0,0,0,0,0,0,0,0,"Bal","Away",82.5,"11/7/23",9
"Nick Bellore","Sea","RB","W 29-26",0,0,0,0,0,0,0,0,0,0,0,0,0,0,0,0,0,"Wsh","Home",83,"11/14/23",10
"Nick Bellore","Sea","RB","L 16-17",0,0,0,0,0,0,0,0,0,0,0,0,0,0,0,0,0,"LAR","Away",80,"11/21/23",11
"Nick Bellore","Sea","RB","L 13-31",0,0,0,0,0,0,0,0,0,0,0,0,0,0,0,0,0,"SF","Home",90,"11/28/23",12
"Nick Bellore","Sea","RB","L 35-41",0,0,0,0,0,0,0,0,0,0,0,0,0,0,0,0,0,"Dal","Away",72,"12/5/23",13
"Nick Bellore","Sea","RB","L 16-28",0,0,0,0,0,0,0,0,0,0,0,0,0,0,0,0,0,"SF","Away",89.5,"12/12/23",14
"Nick Bellore","Sea","RB","W 20-17",0,0,0,0,0,0,0,0,0,0,0,0,0,0,0,0,0,"Phi","Home",94,"12/19/23",15
"Nick Bellore","Sea","RB","W 20-17",0,0,0,0,0,0,0,0,0,0,0,0,0,0,0,0,0,"Ten","Away",92,"12/26/23",16
"Nick Bellore","Sea","RB","L 23-30",0,0,0,0,0,0,0,0,0,0,0,0,0,0,0,0,0,"Pit","Home",92.5,"1/2/24",17
"Nick Bellore","Sea","RB","W 21-20",0,0,0,0,0,0,0,0,0,0,0,0,0,0,0,0,0,"Ari","Away",88.5,"1/9/24",18
"Nick Chubb","Cle","RB","W 24-3",15.5,0,0,0,18,106,0,4,21,0,4,0,0,0,16.7,0,0,"Cin","Home",10,"9/12/23",1
"Nick Chubb","Cle","RB","L 22-26",15.8,0,0,0,10,64,0,0,0,0,0,0,0,0,6.4,0,0,"Pit","Away",37,"9/19/23",2
"Nick Mullens","Min","QB","W 3-0",0,83,0,0,0,0,0,0,0,0,0,0,0,0,3.32,9,13,"LV","Away",31,"12/12/23",14
"Nick Mullens","Min","QB","L 24-27",15.3,303,2,2,6,10,0,0,0,0,0,0,0,0,17.12,26,33,"Cin","Away",14,"12/19/23",15
"Nick Mullens","Min","QB","L 24-30",15.9,411,2,4,1,1,0,0,0,0,0,0,0,0,16.54,22,36,"Det","Home",19,"12/26/23",16
"Nick Mullens","Min","QB","L 10-33",0,113,1,0,1,6,0,0,0,0,0,0,0,0,9.12,13,22,"GB","Home",29,"1/2/24",17
"Nick Mullens","Min","QB","L 20-30",15.2,396,2,2,2,8,0,0,0,0,0,0,0,0,20.64,30,44,"Det","Away",6,"1/9/24",18
"Nick Muse","Min","TE","L 10-33",1.1,0,0,0,0,0,0,0,0,0,0,0,0,0,0,0,0,"GB","Home",76,"1/2/24",17
"Nick Muse","Min","TE","L 20-30",0,0,0,0,0,0,0,1,22,0,1,0,0,0,3.2,0,0,"Det","Away",38,"1/9/24",18
"Nick Vannett","LAC","TE","W 27-6",0,0,0,0,0,0,0,0,0,0,0,0,0,0,0,0,0,"NYJ","Away",68,"11/7/23",9
"Nick Vannett","LAC","TE","L 38-41",0,0,0,0,0,0,0,0,0,0,0,0,0,0,0,0,0,"Det","Home",69.5,"11/14/23",10
"Nick Vannett","LAC","TE","L 20-23",0.5,0,0,0,0,0,0,0,0,0,0,0,0,0,0,0,0,"GB","Away",67,"11/21/23",11
"Nick Vannett","LAC","TE","L 7-24",0,0,0,0,0,0,0,0,0,0,0,0,0,0,0,0,0,"Den","Home",73,"12/12/23",14
"Nick Vannett","LAC","TE","L 21-63",1.8,0,0,0,0,0,0,0,0,0,0,0,0,0,0,0,0,"LV","Away",81.5,"12/19/23",15
"Nick Vannett","LAC","TE","L 22-24",0,0,0,0,0,0,0,0,0,0,0,0,0,0,0,0,0,"Buf","Home",78,"12/26/23",16
"Nick Vannett","LAC","TE","L 9-16",1.6,0,0,0,0,0,0,0,0,0,0,0,0,0,0,0,0,"Den","Away",76,"1/2/24",17
"Nick Vannett","LAC","TE","L 12-13",0.5,0,0,0,0,0,0,1,3,0,1,0,0,0,1.3,0,0,"KC","Home",56,"1/9/24",18
"Nick Westbrook-Ikhine","Ten","WR","L 15-16",4.9,0,0,0,0,0,0,4,58,0,7,0,0,0,9.8,0,0,"NO","Away",41,"9/12/23",1
"Nick Westbrook-Ikhine","Ten","WR","W 27-24",7.2,0,0,0,0,0,0,3,25,1,3,0,0,0,11.5,0,0,"LAC","Home",48,"9/19/23",2
"Nick Westbrook-Ikhine","Ten","WR","L 3-27",6.8,0,0,0,0,0,0,0,0,0,0,0,0,0,0,0,0,"Cle","Away",141,"9/26/23",3
"Nick Westbrook-Ikhine","Ten","WR","W 27-3",6.8,0,0,0,0,0,0,5,51,1,6,0,0,0,16.1,0,0,"Cin","Home",17,"10/3/23",4
"Nick Westbrook-Ikhine","Ten","WR","L 16-23",7.2,0,0,0,0,0,0,1,9,0,3,0,0,0,1.9,0,0,"Ind","Away",93,"10/10/23",5
"Nick Westbrook-Ikhine","Ten","WR","L 16-24",5.5,0,0,0,0,0,0,3,25,0,4,0,0,0,5.5,0,0,"Bal","Home",64.5,"10/17/23",6
"Nick Westbrook-Ikhine","Ten","WR","W 28-23",4.3,0,0,0,0,0,0,1,33,1,2,0,0,0,10.3,0,0,"Atl","Home",45,"10/31/23",8
"Nick Westbrook-Ikhine","Ten","WR","L 16-20",3.4,0,0,0,0,0,0,1,23,0,1,0,0,0,3.3,0,0,"Pit","Away",79,"11/7/23",9
"Nick Westbrook-Ikhine","Ten","WR","L 6-20",5.1,0,0,0,0,0,0,1,9,0,4,0,0,0,1.9,0,0,"TB","Away",93.5,"11/14/23",10
"Nick Westbrook-Ikhine","Ten","WR","L 14-34",5.5,0,0,0,0,0,0,1,7,0,1,0,0,0,1.7,0,0,"Jax","Away",94.5,"11/21/23",11
"Nick Westbrook-Ikhine","Ten","WR","W 17-10",4.8,0,0,0,0,0,0,4,41,0,5,0,0,0,8.1,0,0,"Car","Home",51,"11/28/23",12
"Nick Westbrook-Ikhine","Ten","WR","L 28-31",5.4,0,0,0,0,0,0,1,28,0,3,0,0,0,3.8,0,0,"Ind","Home",60,"12/5/23",13
"Nick Westbrook-Ikhine","Ten","WR","W 28-27",5.6,0,0,0,0,0,0,2,28,0,4,0,0,0,6.8,0,0,"Mia","Away",50,"12/12/23",14
"Nick Westbrook-Ikhine","Ten","WR","L 16-19",5.5,0,0,0,0,0,0,1,33,0,2,0,0,0,4.3,0,0,"Hou","Home",77,"12/19/23",15
"Nico Collins","Hou","WR","L 9-25",10.1,0,0,0,0,0,0,6,80,0,11,0,0,0,14,0,0,"Bal","Away",24,"9/12/23",1
"Nico Collins","Hou","WR","L 20-31",10.2,0,0,0,0,0,0,7,146,1,9,0,0,0,27.6,0,0,"Ind","Home",5,"9/19/23",2
"Nico Collins","Hou","WR","W 37-17",12.6,0,0,0,0,0,0,2,34,0,3,0,0,0,5.4,0,0,"Jax","Away",77,"9/26/23",3
"Nico Collins","Hou","WR","W 30-6",12.2,0,0,0,0,0,0,7,168,2,9,0,0,0,35.8,0,0,"Pit","Home",3,"10/3/23",4
"Nico Collins","Hou","WR","L 19-21",13.9,0,0,0,0,0,0,3,39,0,4,0,0,0,6.9,0,0,"Atl","Away",53.5,"10/10/23",5
"Nico Collins","Hou","WR","W 20-13",15,0,0,0,0,0,0,4,80,0,6,0,0,0,12,0,0,"NO","Home",31,"10/17/23",6
"Nico Collins","Hou","WR","L 13-15",13.5,0,0,0,0,0,0,4,30,0,6,0,0,0,7,0,0,"Car","Away",67,"10/31/23",8
"Nico Collins","Hou","WR","W 39-37",14.2,0,0,0,0,0,0,3,54,1,5,0,0,0,14.4,0,0,"TB","Home",13.5,"11/7/23",9
"Nico Collins","Hou","WR","W 21-16",14,0,0,0,0,0,0,7,65,0,11,0,0,0,13.5,0,0,"Ari","Home",24,"11/21/23",11
"Nico Collins","Hou","WR","L 21-24",14.8,0,0,0,0,0,0,7,104,1,9,0,0,0,23.4,0,0,"Jax","Home",5,"11/28/23",12
"Nico Collins","Hou","WR","W 22-17",15.1,0,0,0,0,0,0,9,191,1,12,0,0,0,34.1,0,0,"Den","Home",3,"12/5/23",13
"Nico Collins","Hou","WR","L 6-30",15.7,0,0,0,0,0,0,1,13,0,1,0,0,0,2.3,0,0,"NYJ","Away",91,"12/12/23",14
"Nico Collins","Hou","WR","L 22-36",12.6,0,0,0,0,0,0,4,18,1,6,0,0,0,13.8,0,0,"Cle","Home",29.5,"12/26/23",16
"Nico Collins","Hou","WR","W 26-3",16.5,0,0,0,1,7,0,7,80,0,8,0,0,0,15.7,0,0,"Ten","Home",22,"1/2/24",17
"Nico Collins","Hou","WR","W 23-19",17.3,0,0,0,0,0,0,9,195,1,9,0,0,0,34.5,0,0,"Ind","Away",3,"1/9/24",18
"Noah Brown","Hou","WR","L 9-25",5.4,0,0,0,1,-1,0,3,20,0,4,0,0,0,4.9,0,0,"Bal","Away",72,"9/12/23",1
"Noah Brown","Hou","WR","W 20-13",6.7,0,0,0,0,0,0,2,37,0,5,0,0,0,5.7,0,0,"NO","Home",61,"10/17/23",6
"Noah Brown","Hou","WR","L 13-15",7.6,0,0,0,0,0,0,3,57,0,5,0,0,0,8.7,0,0,"Car","Away",55,"10/31/23",8
"Noah Brown","Hou","WR","W 39-37",8.1,0,0,0,0,0,0,6,153,1,6,0,0,0,27.3,0,0,"TB","Home",3,"11/7/23",9
"Noah Brown","Hou","WR","W 30-27",11.1,0,0,0,0,0,0,7,172,0,8,0,0,0,24.2,0,0,"Cin","Away",6,"11/14/23",10
"Noah Brown","Hou","WR","W 22-17",8.8,0,0,0,0,0,0,0,0,0,2,0,0,0,0,0,0,"Den","Home",113,"12/5/23",13
"Noah Brown","Hou","WR","L 6-30",10,0,0,0,0,0,0,0,0,0,5,0,0,0,0,0,0,"NYJ","Away",134,"12/12/23",14
"Noah Brown","Hou","WR","W 19-16",9.8,0,0,0,0,0,0,8,82,1,11,0,0,0,22.2,0,0,"Ten","Away",9,"12/19/23",15
"Noah Brown","Hou","WR","L 22-36",8.6,0,0,0,0,0,0,3,38,0,7,0,0,0,6.8,0,0,"Cle","Home",65.5,"12/26/23",16
"Noah Brown","Hou","WR","W 26-3",11.3,0,0,0,0,0,0,1,8,0,2,0,0,0,1.8,0,0,"Ten","Home",96.5,"1/2/24",17
"Noah Fant","Sea","TE","L 13-30",6.7,0,0,0,0,0,0,0,0,0,0,0,0,0,0,0,0,"LAR","Home",75,"9/12/23",1
"Noah Fant","Sea","TE","W 37-31",5.2,0,0,0,0,0,0,4,56,0,4,0,0,0,9.6,0,0,"Det","Away",15,"9/19/23",2
"Noah Fant","Sea","TE","W 37-27",6,0,0,0,0,0,0,4,41,0,5,0,0,0,8.1,0,0,"Car","Home",18,"9/26/23",3
"Noah Fant","Sea","TE","W 24-3",6.4,0,0,0,0,0,0,2,63,0,2,0,0,0,8.3,0,0,"NYG","Away",19,"10/3/23",4
"Noah Fant","Sea","TE","L 13-17",5.3,0,0,0,0,0,0,1,9,0,1,0,0,0,1.9,0,0,"Cin","Away",39.5,"10/17/23",6
"Noah Fant","Sea","TE","W 20-10",4.6,0,0,0,0,0,0,1,25,0,1,0,0,0,3.5,0,0,"Ari","Home",28,"10/24/23",7
"Noah Fant","Sea","TE","W 24-20",3.7,0,0,0,0,0,0,2,32,0,3,0,0,0,5.2,0,0,"Cle","Home",26,"10/31/23",8
"Noah Fant","Sea","TE","L 3-37",4.4,0,0,0,0,0,0,0,0,0,1,0,0,0,0,0,0,"Bal","Away",68,"11/7/23",9
"Noah Fant","Sea","TE","W 29-26",3.9,0,0,0,0,0,0,2,6,0,3,0,0,0,2.6,0,0,"Wsh","Home",37,"11/14/23",10
"Noah Fant","Sea","TE","L 16-17",4.1,0,0,0,0,0,0,1,4,0,2,0,0,0,1.4,0,0,"LAR","Away",43,"11/21/23",11
"Noah Fant","Sea","TE","L 13-31",4.2,0,0,0,0,0,0,2,25,0,2,0,0,0,4.5,0,0,"SF","Home",28.5,"11/28/23",12
"Noah Fant","Sea","TE","L 35-41",4.1,0,0,0,0,0,0,3,43,0,4,0,0,0,7.3,0,0,"Dal","Away",17,"12/5/23",13
"Noah Fant","Sea","TE","L 16-28",4.5,0,0,0,0,0,0,2,35,0,4,0,0,0,5.5,0,0,"SF","Away",30,"12/12/23",14
"Noah Fant","Sea","TE","W 20-17",5.2,0,0,0,0,0,0,3,16,0,5,0,0,0,4.6,0,0,"Phi","Home",33.5,"12/19/23",15
"Noah Fant","Sea","TE","W 20-17",6.1,0,0,0,0,0,0,0,0,0,0,0,0,0,0,0,0,"Ten","Away",78,"12/26/23",16
"Noah Fant","Sea","TE","L 23-30",4.8,0,0,0,0,0,0,5,59,0,6,0,0,0,10.9,0,0,"Pit","Home",11,"1/2/24",17
"Noah Fant","Sea","TE","W 21-20",5.3,0,0,0,0,0,0,0,0,0,0,0,0,0,0,0,0,"Ari","Away",76.5,"1/9/24",18
"Noah Gray","KC","TE","L 20-21",7,0,0,0,0,0,0,3,31,0,5,0,0,0,6.1,0,0,"Det","Home",24,"9/12/23",1
"Noah Gray","KC","TE","W 17-9",2.8,0,0,0,0,0,0,3,38,0,3,0,0,0,6.8,0,0,"Jax","Away",28.5,"9/19/23",2
"Noah Gray","KC","TE","W 41-10",3.4,0,0,0,0,0,0,1,9,0,2,0,0,0,1.9,0,0,"Chi","Home",50,"9/26/23",3
"Noah Gray","KC","TE","W 23-20",2.6,0,0,0,0,0,0,1,34,1,3,0,0,0,10.4,0,0,"NYJ","Away",14,"10/3/23",4
"Noah Gray","KC","TE","W 27-20",4.6,0,0,0,0,0,0,2,21,0,2,0,0,0,4.1,0,0,"Min","Away",28,"10/10/23",5
"Noah Gray","KC","TE","W 19-8",4.8,0,0,0,1,1,0,2,14,0,2,0,0,0,3.5,0,0,"Den","Home",30,"10/17/23",6
"Noah Gray","KC","TE","W 31-17",4.8,0,0,0,0,0,0,1,8,0,1,0,0,0,1.8,0,0,"LAC","Home",34.5,"10/24/23",7
"Noah Gray","KC","TE","L 9-24",3.5,0,0,0,0,0,0,2,25,0,3,0,0,0,4.5,0,0,"Den","Away",27.5,"10/31/23",8
"Noah Gray","KC","TE","W 21-14",4.2,0,0,0,0,0,0,3,34,0,3,0,0,0,6.4,0,0,"Mia","Home",25,"11/7/23",9
"Noah Gray","KC","TE","L 17-21",4.7,0,0,0,0,0,0,0,0,0,1,0,0,0,0,0,0,"Phi","Home",67,"11/21/23",11
"Noah Gray","KC","TE","W 31-17",3.6,0,0,0,0,0,0,3,30,0,3,0,0,0,6,0,0,"LV","Away",22,"11/28/23",12
"Noah Gray","KC","TE","L 19-27",4.4,0,0,0,0,0,0,1,2,1,1,0,0,0,7.2,0,0,"GB","Away",18,"12/5/23",13
"Noah Gray","KC","TE","L 17-20",4.4,0,0,0,0,0,0,0,0,0,0,0,0,0,0,0,0,"Buf","Home",73,"12/12/23",14
"Noah Gray","KC","TE","W 27-17",3.5,0,0,0,0,0,0,2,37,0,2,0,0,0,5.7,0,0,"NE","Away",31,"12/19/23",15
"Noah Gray","KC","TE","L 14-20",3.6,0,0,0,0,0,0,1,5,0,3,0,0,0,1.5,0,0,"LV","Home",56.5,"12/26/23",16
"Noah Gray","KC","TE","W 25-17",3.9,0,0,0,0,0,0,3,17,0,4,0,0,0,4.7,0,0,"Cin","Home",33,"1/2/24",17
"Noah Gray","KC","TE","W 13-12",8.2,0,0,0,0,0,0,0,0,0,3,0,0,0,0,0,0,"LAC","Away",76.5,"1/9/24",18
"Noah Togiai","Phi","TE","W 37-34",0,0,0,0,0,0,0,0,0,0,0,0,0,0,0,0,0,"Buf","Home",78,"11/28/23",12
"Odell Beckham Jr.","Bal","WR","W 25-9",10.8,0,0,0,0,0,0,2,37,0,3,0,0,0,5.7,0,0,"Hou","Home",68,"9/12/23",1
"Odell Beckham Jr.","Bal","WR","W 27-24",10.1,0,0,0,0,0,0,3,29,0,4,0,0,0,5.9,0,0,"Cin","Away",74.5,"9/19/23",2
"Odell Beckham Jr.","Bal","WR","L 10-17",8.4,0,0,0,0,0,0,2,13,0,4,0,0,0,3.3,0,0,"Pit","Away",73.5,"10/10/23",5
"Odell Beckham Jr.","Bal","WR","W 24-16",6.9,0,0,0,0,0,0,2,34,0,4,0,0,0,5.4,0,0,"Ten","Away",66.5,"10/17/23",6
"Odell Beckham Jr.","Bal","WR","W 38-6",6.9,0,0,0,0,0,0,5,49,0,7,0,0,0,9.9,0,0,"Det","Home",38.5,"10/24/23",7
"Odell Beckham Jr.","Bal","WR","W 31-24",9.6,0,0,0,0,0,0,0,0,0,4,0,0,0,0,0,0,"Ari","Away",138,"10/31/23",8
"Odell Beckham Jr.","Bal","WR","W 37-3",8.1,0,0,0,0,0,0,5,56,1,7,0,1,0,14.6,0,0,"Sea","Home",12,"11/7/23",9
"Odell Beckham Jr.","Bal","WR","L 31-33",7.8,0,0,0,0,0,0,1,40,1,2,0,0,0,11,0,0,"Cle","Home",32,"11/14/23",10
"Odell Beckham Jr.","Bal","WR","W 34-20",8.2,0,0,0,0,0,0,4,116,0,7,0,0,0,15.6,0,0,"Cin","Home",20,"11/21/23",11
"Odell Beckham Jr.","Bal","WR","W 20-10",9.9,0,0,0,0,0,0,3,34,0,5,0,0,0,6.4,0,0,"LAC","Away",67.5,"11/28/23",12
"Odell Beckham Jr.","Bal","WR","W 37-31",9.4,0,0,0,0,0,0,4,97,1,10,0,0,0,19.7,0,0,"LAR","Home",9,"12/12/23",14
"Odell Beckham Jr.","Bal","WR","W 23-7",11,0,0,0,0,0,0,1,14,0,3,0,0,0,2.4,0,0,"Jax","Away",92,"12/19/23",15
"Odell Beckham Jr.","Bal","WR","W 33-19",10.6,0,0,0,0,0,0,2,13,0,3,0,0,0,3.3,0,0,"SF","Away",85.5,"12/26/23",16
"Odell Beckham Jr.","Bal","WR","W 56-19",9.7,0,0,0,0,0,0,1,33,0,1,0,0,0,4.3,0,0,"Mia","Home",73,"1/2/24",17
"Olamide Zaccheaus","Phi","WR","W 25-20",0.9,0,0,0,0,0,0,0,0,0,0,0,0,0,0,0,0,"NE","Away",135,"9/12/23",1
"Olamide Zaccheaus","Phi","WR","W 34-28",0.5,0,0,0,0,0,0,0,0,0,0,0,0,0,0,0,0,"Min","Home",145,"9/19/23",2
"Olamide Zaccheaus","Phi","WR","W 25-11",2.3,0,0,0,0,0,0,2,58,1,3,0,0,0,13.8,0,0,"TB","Away",30.5,"9/26/23",3
"Olamide Zaccheaus","Phi","WR","W 34-31",1.3,0,0,0,0,0,0,1,11,0,2,0,0,0,2.1,0,0,"Wsh","Home",103.5,"10/3/23",4
"Olamide Zaccheaus","Phi","WR","W 23-14",0,0,0,0,0,0,0,0,0,0,0,0,0,0,0,0,0,"LAR","Away",124.5,"10/10/23",5
"Olamide Zaccheaus","Phi","WR","L 14-20",1.4,0,0,0,0,0,0,1,5,0,2,0,0,0,1.5,0,0,"NYJ","Away",97,"10/17/23",6
"Olamide Zaccheaus","Phi","WR","W 31-17",3.4,0,0,0,0,0,0,0,0,0,1,0,0,0,0,0,0,"Mia","Home",116,"10/24/23",7
"Olamide Zaccheaus","Phi","WR","W 38-31",1.5,0,0,0,0,0,0,1,5,0,2,0,0,0,1.5,0,0,"Wsh","Away",107,"10/31/23",8
"Olamide Zaccheaus","Phi","WR","W 28-23",1.6,0,0,0,0,0,0,1,8,0,2,0,0,0,1.8,0,0,"Dal","Home",94.5,"11/7/23",9
"Olamide Zaccheaus","Phi","WR","W 21-17",3.7,0,0,0,0,0,0,0,0,0,1,0,0,0,0,0,0,"KC","Away",126,"11/21/23",11
"Olamide Zaccheaus","Phi","WR","W 37-34",1,0,0,0,0,0,0,1,29,1,1,0,0,0,9.9,0,0,"Buf","Home",40.5,"11/28/23",12
"Olamide Zaccheaus","Phi","WR","L 19-42",1.5,0,0,0,0,0,0,0,0,0,0,0,0,0,0,0,0,"SF","Home",113,"12/5/23",13
"Olamide Zaccheaus","Phi","WR","L 13-33",1,0,0,0,0,0,0,1,28,0,1,0,0,0,3.8,0,0,"Dal","Away",77,"12/12/23",14
"Olamide Zaccheaus","Phi","WR","L 17-20",1,0,0,0,0,0,0,0,0,0,0,0,0,0,0,0,0,"Sea","Away",140,"12/19/23",15
"Olamide Zaccheaus","Phi","WR","W 33-25",0.5,0,0,0,0,0,0,0,0,0,1,0,0,0,0,0,0,"NYG","Home",144.5,"12/26/23",16
"Olamide Zaccheaus","Phi","WR","L 31-35",1,0,0,0,0,0,0,0,0,0,0,0,0,0,0,0,0,"Ari","Home",137.5,"1/2/24",17
"Olamide Zaccheaus","Phi","WR","L 10-27",4.3,0,0,0,0,0,0,2,20,0,4,0,0,0,4,0,0,"NYG","Away",75,"1/9/24",18
"PJ Walker","Cle","QB","W 19-17",12.2,192,0,2,3,1,0,0,0,0,0,0,0,0,3.78,18,34,"SF","Home",31.5,"10/17/23",6
"PJ Walker","Cle","QB","W 39-38",0,178,0,1,3,3,0,0,0,0,0,0,0,0,5.42,15,32,"Ind","Away",25,"10/24/23",7
"PJ Walker","Cle","QB","L 20-24",10.3,248,1,2,6,27,0,0,0,0,0,0,1,0,10.62,15,31,"Sea","Away",28,"10/31/23",8
"PJ Walker","Cle","QB","W 27-0",0,0,0,0,0,0,0,0,0,0,0,0,0,0,0,0,0,"Ari","Home",30.5,"11/7/23",9
"PJ Walker","Cle","QB","W 33-31",0,0,0,0,0,0,0,0,0,0,0,0,0,0,0,0,1,"Bal","Away",34.5,"11/14/23",10
"PJ Walker","Cle","QB","L 12-29",0,56,0,0,1,-1,0,0,0,0,0,0,1,0,0.14,6,13,"Den","Away",34,"11/28/23",12
"Parker Hesse","Atl","TE","W 24-10",0,0,0,0,0,0,0,0,0,0,0,0,0,0,0,0,0,"Car","Home",75,"9/12/23",1
"Parker Hesse","Atl","TE","W 24-15",0,0,0,0,0,0,0,0,0,0,0,0,0,0,0,0,0,"NO","Home",78,"11/28/23",12
"Parker Hesse","Atl","TE","W 13-8",0,0,0,0,0,0,0,0,0,0,0,0,0,0,0,0,0,"NYJ","Away",66,"12/5/23",13
"Parker Washington","Jax","WR","W 23-7",0,0,0,0,0,0,0,0,0,0,0,0,0,0,0,0,0,"Atl","Home",143,"10/3/23",4
"Parker Washington","Jax","WR","W 34-14",0.5,0,0,0,0,0,0,0,0,0,0,0,0,0,0,0,0,"Ten","Home",126,"11/21/23",11
"Parker Washington","Jax","WR","W 24-21",0.1,0,0,0,0,0,0,0,0,0,0,0,0,0,0,0,0,"Hou","Away",149,"11/28/23",12
"Parker Washington","Jax","WR","L 31-34",0.1,0,0,0,0,0,0,6,61,1,6,0,0,0,18.1,0,0,"Cin","Home",15,"12/5/23",13
"Parker Washington","Jax","WR","L 27-31",7.4,0,0,0,0,0,0,2,27,1,3,0,1,0,8.7,0,0,"Cle","Away",39,"12/12/23",14
"Parker Washington","Jax","WR","L 7-23",5.9,0,0,0,0,0,0,4,12,0,6,0,0,0,5.2,0,0,"Bal","Home",68.5,"12/19/23",15
"Parker Washington","Jax","WR","L 12-30",8.6,0,0,0,0,0,0,2,19,0,4,0,0,0,3.9,0,0,"TB","Away",82.5,"12/26/23",16
"Parker Washington","Jax","WR","W 26-0",6.7,0,0,0,0,0,0,1,2,0,1,0,0,0,1.2,0,0,"Car","Home",104,"1/2/24",17
"Parker Washington","Jax","WR","L 20-28",4.7,0,0,0,0,0,0,1,11,0,1,0,0,0,2.1,0,0,"Ten","Away",95.5,"1/9/24",18
"Parris Campbell","NYG","WR","L 0-40",7.2,0,0,0,0,0,0,1,2,0,4,0,0,0,1.2,0,0,"Dal","Home",105,"9/12/23",1
"Parris Campbell","NYG","WR","W 31-28",6.9,0,0,0,0,0,0,4,21,0,6,0,0,0,6.1,0,0,"Ari","Away",72,"9/19/23",2
"Parris Campbell","NYG","WR","L 12-30",7.1,0,0,0,0,0,0,6,24,0,6,0,0,0,8.4,0,0,"SF","Away",55.5,"9/26/23",3
"Parris Campbell","NYG","WR","L 3-24",7.5,0,0,0,0,0,0,3,15,0,5,0,0,0,4.5,0,0,"Sea","Home",76,"10/3/23",4
"Parris Campbell","NYG","WR","L 16-31",4.8,0,0,0,0,0,0,2,23,0,2,0,0,0,4.3,0,0,"Mia","Away",64,"10/10/23",5
"Parris Campbell","NYG","WR","L 9-14",3.2,0,0,0,0,0,0,0,0,0,0,0,0,0,0,0,0,"Buf","Away",128,"10/17/23",6
"Parris Campbell","NYG","WR","W 14-7",0.4,0,0,0,0,0,0,0,0,0,0,0,0,0,0,0,0,"Wsh","Home",116,"10/24/23",7
"Parris Campbell","NYG","WR","L 10-13",0.4,0,0,0,0,0,0,0,0,0,0,0,0,0,0,0,0,"NYJ","Home",138,"10/31/23",8
"Parris Campbell","NYG","WR","L 6-30",0.8,0,0,0,0,0,0,2,15,0,2,0,0,0,3.5,0,0,"LV","Away",76.5,"11/7/23",9
"Parris Campbell","NYG","WR","L 17-49",1.7,0,0,0,0,0,0,1,6,0,1,0,0,0,1.6,0,0,"Dal","Away",99.5,"11/14/23",10
"Parris Campbell","NYG","WR","W 31-19",2.1,0,0,0,0,0,0,0,0,0,0,0,0,0,0,0,0,"Wsh","Away",126,"11/21/23",11
"Parris Campbell","NYG","WR","W 10-7",1.3,0,0,0,0,0,0,1,-2,0,1,0,0,0,0.8,0,0,"NE","Home",124,"11/28/23",12
"Pat Freiermuth","Pit","TE","L 7-30",9.5,0,0,0,0,0,0,1,3,1,4,0,0,0,7.3,0,0,"SF","Home",17,"9/12/23",1
"Pat Freiermuth","Pit","TE","W 26-22",9.5,0,0,0,0,0,0,1,2,0,1,0,0,0,1.2,0,0,"Cle","Home",52,"9/19/23",2
"Pat Freiermuth","Pit","TE","W 23-18",8.4,0,0,0,0,0,0,3,41,1,4,0,0,0,13.1,0,0,"LV","Away",8,"9/26/23",3
"Pat Freiermuth","Pit","TE","L 6-30",9.1,0,0,0,0,0,0,3,7,0,4,0,0,0,3.7,0,0,"Hou","Away",34,"10/3/23",4
"Pat Freiermuth","Pit","TE","L 10-13",7.8,0,0,0,0,0,0,1,7,0,1,0,0,0,1.7,0,0,"Cle","Away",40,"11/21/23",11
"Pat Freiermuth","Pit","TE","W 16-10",7.8,0,0,0,0,0,0,9,120,0,11,0,0,0,21,0,0,"Cin","Away",1,"11/28/23",12
"Pat Freiermuth","Pit","TE","L 10-24",9.4,0,0,0,0,0,0,3,29,0,5,0,0,0,5.9,0,0,"Ari","Home",22,"12/5/23",13
"Pat Freiermuth","Pit","TE","L 18-21",8.7,0,0,0,0,0,0,3,18,0,7,0,0,0,6.8,0,0,"NE","Home",25,"12/12/23",14
"Pat Freiermuth","Pit","TE","L 13-30",9.6,0,0,0,0,0,0,3,16,0,4,0,0,0,4.6,0,0,"Ind","Away",33.5,"12/19/23",15
"Pat Freiermuth","Pit","TE","W 34-11",9,0,0,0,0,0,0,0,0,0,0,0,0,0,0,0,0,"Cin","Home",78,"12/26/23",16
"Pat Freiermuth","Pit","TE","W 30-23",6.5,0,0,0,0,0,0,3,44,0,4,0,0,0,7.4,0,0,"Sea","Away",22,"1/2/24",17
"Pat Freiermuth","Pit","TE","W 17-10",7,0,0,0,0,0,0,2,21,0,2,0,0,0,4.1,0,0,"Bal","Away",30,"1/9/24",18
"Patrick Mahomes","KC","QB","L 20-21",24.7,226,2,1,6,45,0,0,0,0,0,0,0,0,19.54,21,39,"Det","Home",7,"9/12/23",1
"Patrick Mahomes","KC","QB","W 17-9",23.3,305,2,1,7,30,0,0,0,0,0,0,0,0,21.2,29,41,"Jax","Away",14,"9/19/23",2
"Patrick Mahomes","KC","QB","W 41-10",24.1,272,3,0,3,28,0,0,0,0,0,0,0,0,25.68,24,33,"Chi","Home",4.5,"9/26/23",3
"Patrick Mahomes","KC","QB","W 23-20",21.2,203,1,2,7,51,0,0,0,0,0,0,0,0,13.22,18,30,"NYJ","Away",19,"10/3/23",4
"Patrick Mahomes","KC","QB","W 27-20",22.4,281,2,0,0,0,0,0,0,0,0,0,0,0,19.24,31,41,"Min","Away",10,"10/10/23",5
"Patrick Mahomes","KC","QB","W 19-8",24.5,306,1,1,6,31,0,0,0,0,0,0,0,0,17.34,30,40,"Den","Home",7,"10/17/23",6
"Patrick Mahomes","KC","QB","W 31-17",22.8,424,4,1,4,29,0,0,0,0,0,0,0,0,33.86,32,42,"LAC","Home",2,"10/24/23",7
"Patrick Mahomes","KC","QB","L 9-24",24.3,241,0,2,3,20,0,0,0,0,0,0,1,0,5.64,24,38,"Den","Away",31,"10/31/23",8
"Patrick Mahomes","KC","QB","W 21-14",21.8,185,2,0,6,24,0,0,0,0,0,0,1,0,15.8,20,30,"Mia","Home",11.5,"11/7/23",9
"Patrick Mahomes","KC","QB","L 17-21",20.9,177,2,1,6,38,0,0,0,0,0,0,0,0,16.88,24,43,"Phi","Home",14,"11/21/23",11
"Patrick Mahomes","KC","QB","W 31-17",18.1,298,2,0,5,9,0,0,0,0,0,0,0,0,20.82,27,34,"LV","Away",8,"11/28/23",12
"Patrick Mahomes","KC","QB","L 19-27",19,210,1,1,4,26,0,0,0,0,0,0,0,0,13,21,33,"GB","Away",16,"12/5/23",13
"Patrick Mahomes","KC","QB","L 17-20",19.7,271,1,1,1,8,0,0,0,0,0,0,0,0,13.64,25,43,"Buf","Home",20,"12/12/23",14
"Patrick Mahomes","KC","QB","W 27-17",17.5,305,2,2,3,-5,0,0,0,0,0,0,0,0,15.7,27,37,"NE","Away",17,"12/19/23",15
"Patrick Mahomes","KC","QB","L 14-20",18.2,235,1,1,10,53,0,0,0,0,0,0,0,0,16.7,27,44,"LV","Home",18,"12/26/23",16
"Patrick Mahomes","KC","QB","W 25-17",20.4,245,1,0,4,2,0,0,0,0,0,0,1,0,12,21,29,"Cin","Home",24,"1/2/24",17
"Patrick Ricard","Bal","RB","W 25-9",2,0,0,0,0,0,0,0,0,0,0,0,0,0,0,0,0,"Hou","Home",96,"9/12/23",1
"Patrick Ricard","Bal","RB","W 27-24",1.2,0,0,0,0,0,0,0,0,0,0,0,0,0,0,0,0,"Cin","Away",96,"9/19/23",2
"Patrick Ricard","Bal","RB","L 19-22",0.6,0,0,0,0,0,0,0,0,0,0,0,0,0,0,0,0,"Ind","Home",95.5,"9/26/23",3
"Patrick Ricard","Bal","RB","W 28-3",0.1,0,0,0,0,0,0,1,14,0,1,0,0,0,2.4,0,0,"Cle","Away",63.5,"10/3/23",4
"Patrick Ricard","Bal","RB","L 10-17",0.4,0,0,0,0,0,0,0,0,0,0,0,0,0,0,0,0,"Pit","Away",81,"10/10/23",5
"Patrick Ricard","Bal","RB","W 24-16",0.4,0,0,0,0,0,0,1,3,0,1,0,0,0,1.3,0,0,"Ten","Away",70.5,"10/17/23",6
"Patrick Ricard","Bal","RB","W 38-6",0.4,0,0,0,0,0,0,2,31,0,2,0,0,0,5.1,0,0,"Det","Home",42,"10/24/23",7
"Patrick Ricard","Bal","RB","W 31-24",0.9,0,0,0,0,0,0,0,0,0,0,0,0,0,0,0,0,"Ari","Away",97,"10/31/23",8
"Patrick Ricard","Bal","RB","W 37-3",0.9,0,0,0,0,0,0,0,0,0,0,0,0,0,0,0,0,"Sea","Home",82.5,"11/7/23",9
"Patrick Ricard","Bal","RB","L 31-33",0.9,0,0,0,0,0,0,0,0,0,1,0,0,0,0,0,0,"Cle","Home",83,"11/14/23",10
"Patrick Ricard","Bal","RB","W 34-20",0.9,0,0,0,0,0,0,0,0,0,0,0,0,0,0,0,0,"Cin","Home",80,"11/21/23",11
"Patrick Ricard","Bal","RB","W 20-10",0.9,0,0,0,0,0,0,0,0,0,0,0,0,0,0,0,0,"LAC","Away",90,"11/28/23",12
"Patrick Ricard","Bal","RB","W 37-31",0.9,0,0,0,0,0,0,0,0,0,0,0,0,0,0,0,0,"LAR","Home",89.5,"12/12/23",14
"Patrick Ricard","Bal","RB","W 23-7",0.5,0,0,0,0,0,0,0,0,0,0,0,0,0,0,0,0,"Jax","Away",94,"12/19/23",15
"Patrick Ricard","Bal","RB","W 33-19",0.5,0,0,0,0,0,0,0,0,0,1,0,0,0,0,0,0,"SF","Away",92,"12/26/23",16
"Patrick Ricard","Bal","RB","W 56-19",0.5,0,0,0,0,0,0,1,4,1,1,0,0,0,7.4,0,0,"Mia","Home",40,"1/2/24",17
"Patrick Ricard","Bal","RB","L 10-17",1.3,0,0,0,0,0,0,0,0,0,0,0,0,0,0,0,0,"Pit","Home",88.5,"1/9/24",18
"Patrick Taylor","GB","RB","W 38-20",0,0,0,0,5,22,0,0,0,0,0,0,0,0,2.2,0,0,"Chi","Away",62,"9/12/23",1
"Patrick Taylor","GB","RB","L 24-25",5.7,0,0,0,1,1,0,0,0,0,1,0,0,0,0.1,0,0,"Atl","Away",82,"9/19/23",2
"Patrick Taylor","GB","RB","W 18-17",3.4,0,0,0,3,6,0,3,23,0,4,0,0,0,5.9,0,0,"NO","Home",42.5,"9/26/23",3
"Patrick Taylor","GB","RB","L 13-17",0,0,0,0,2,2,0,2,5,0,5,0,0,0,2.7,0,0,"LV","Away",48,"10/10/23",5
"Patrick Taylor","GB","RB","W 29-22",5.1,0,0,0,3,11,0,1,4,0,1,0,0,0,2.5,0,0,"Det","Away",58,"11/28/23",12
"Patrick Taylor","GB","RB","W 27-19",5.7,0,0,0,2,29,0,0,0,0,1,0,0,0,2.9,0,0,"KC","Home",43,"12/5/23",13
"Patrick Taylor","GB","RB","L 22-24",0,0,0,0,4,30,0,2,22,0,2,0,0,0,7.2,0,0,"NYG","Away",40,"12/12/23",14
"Patrick Taylor","GB","RB","L 20-34",7.5,0,0,0,1,6,0,2,-4,0,2,0,0,0,2.2,0,0,"TB","Home",64,"12/19/23",15
"Patrick Taylor","GB","RB","W 33-30",0,0,0,0,3,4,0,1,-1,0,1,0,0,0,1.3,0,0,"Car","Away",71.5,"12/26/23",16
"Patrick Taylor","GB","RB","W 33-10",1,0,0,0,8,30,0,0,0,0,0,0,0,0,3,0,0,"Min","Away",62,"1/2/24",17
"Patrick Taylor","GB","RB","W 17-9",5.4,0,0,0,0,0,0,0,0,0,0,0,0,0,0,0,0,"Chi","Home",88.5,"1/9/24",18
"Payne Durham","TB","TE","L 6-20",0,0,0,0,0,0,0,1,8,0,1,0,0,0,1.8,0,0,"Det","Home",41.5,"10/17/23",6
"Payne Durham","TB","TE","L 13-16",0.5,0,0,0,0,0,0,0,0,0,1,0,0,0,0,0,0,"Atl","Home",62,"10/24/23",7
"Payne Durham","TB","TE","L 18-24",1.2,0,0,0,0,0,0,0,0,0,1,0,0,0,0,0,0,"Buf","Away",73,"10/31/23",8
"Payne Durham","TB","TE","L 37-39",1.2,0,0,0,0,0,0,0,0,0,0,0,0,0,0,0,0,"Hou","Away",68,"11/7/23",9
"Payne Durham","TB","TE","W 20-6",1.7,0,0,0,0,0,0,0,0,0,0,0,0,0,0,0,0,"Ten","Home",69.5,"11/14/23",10
"Payne Durham","TB","TE","L 14-27",1.2,0,0,0,0,0,0,2,13,0,2,0,0,0,3.3,0,0,"SF","Away",32,"11/21/23",11
"Payne Durham","TB","TE","L 20-27",1.7,0,0,0,0,0,0,1,12,0,1,0,0,0,2.2,0,0,"Ind","Away",42.5,"11/28/23",12
"Payne Durham","TB","TE","W 21-18",1.6,0,0,0,0,0,0,0,0,0,0,0,0,0,0,0,0,"Car","Home",66,"12/5/23",13
"Payne Durham","TB","TE","W 29-25",1.6,0,0,0,0,0,0,0,0,0,0,0,0,0,0,0,0,"Atl","Away",73,"12/12/23",14
"Payne Durham","TB","TE","W 34-20",1.1,0,0,0,0,0,0,0,0,0,0,0,0,0,0,0,0,"GB","Away",81.5,"12/19/23",15
"Payne Durham","TB","TE","W 30-12",0.6,0,0,0,0,0,0,1,25,0,1,0,0,0,3.5,0,0,"Jax","Home",42,"12/26/23",16
"Payne Durham","TB","TE","L 13-23",1.7,0,0,0,0,0,0,0,0,0,0,0,0,0,0,0,0,"NO","Home",76,"1/2/24",17
"Payne Durham","TB","TE","W 9-0",0.5,0,0,0,0,0,0,0,0,0,0,0,0,0,0,0,0,"Car","Away",76.5,"1/9/24",18
"Peyton Hendershot","Dal","TE","W 40-0",1.2,0,0,0,0,0,0,0,0,0,1,0,0,0,0,0,0,"NYG","Away",75,"9/12/23",1
"Peyton Hendershot","Dal","TE","W 30-10",1.6,0,0,0,1,0,0,0,0,0,0,0,0,0,0,0,0,"NYJ","Home",76,"9/19/23",2
"Peyton Hendershot","Dal","TE","L 16-28",1.1,0,0,0,0,0,0,1,3,0,1,0,0,0,1.3,0,0,"Ari","Away",57,"9/26/23",3
"Peyton Hendershot","Dal","TE","W 33-13",2.8,0,0,0,0,0,0,0,0,0,0,0,0,0,0,0,0,"Phi","Home",73,"12/12/23",14
"Peyton Hendershot","Dal","TE","L 10-31",1.4,0,0,0,0,0,0,1,5,0,1,0,0,0,1.5,0,0,"Buf","Away",58.5,"12/19/23",15
"Peyton Hendershot","Dal","TE","L 20-22",1.3,0,0,0,0,0,0,0,0,0,2,0,0,0,0,0,0,"Mia","Away",78,"12/26/23",16
"Peyton Hendershot","Dal","TE","W 20-19",2.7,0,0,0,0,0,0,1,6,0,1,0,0,0,1.6,0,0,"Det","Home",53,"1/2/24",17
"Peyton Hendershot","Dal","TE","W 38-10",2.6,0,0,0,0,0,0,1,24,0,1,0,0,0,3.4,0,0,"Wsh","Away",35,"1/9/24",18
"Pharaoh Brown","NE","TE","L 20-25",0.5,0,0,0,0,0,0,0,0,0,0,0,0,0,0,0,0,"Phi","Home",75,"9/12/23",1
"Pharaoh Brown","NE","TE","L 17-24",0,0,0,0,0,0,0,0,0,0,0,0,0,0,0,0,0,"Mia","Home",76,"9/19/23",2
"Pharaoh Brown","NE","TE","W 15-10",0,0,0,0,0,0,0,2,71,1,2,0,0,0,15.1,0,0,"NYJ","Away",4,"9/26/23",3
"Pharaoh Brown","NE","TE","L 3-38",1.1,0,0,0,0,0,0,0,0,0,0,0,0,0,0,0,0,"Dal","Away",79.5,"10/3/23",4
"Pharaoh Brown","NE","TE","L 0-34",0.5,0,0,0,0,0,0,0,0,0,0,0,0,0,0,0,0,"NO","Home",71,"10/10/23",5
"Pharaoh Brown","NE","TE","L 17-21",0,0,0,0,0,0,0,1,15,0,1,0,0,0,2.5,0,0,"LV","Away",34,"10/17/23",6
"Pharaoh Brown","NE","TE","W 29-25",0.5,0,0,0,0,0,0,2,51,0,2,0,0,0,7.1,0,0,"Buf","Home",17,"10/24/23",7
"Pharaoh Brown","NE","TE","L 17-31",1.7,0,0,0,0,0,0,2,33,0,2,0,0,0,5.3,0,0,"Mia","Away",25,"10/31/23",8
"Pharaoh Brown","NE","TE","L 17-20",2.7,0,0,0,0,0,0,0,0,0,0,0,0,0,0,0,0,"Wsh","Home",68,"11/7/23",9
"Pharaoh Brown","NE","TE","L 6-10",2.2,0,0,0,0,0,0,0,0,0,0,0,0,0,0,0,0,"Ind","Home",69.5,"11/14/23",10
"Pharaoh Brown","NE","TE","L 7-10",1,0,0,0,0,0,0,0,0,0,0,0,0,0,0,0,0,"NYG","Away",78,"11/28/23",12
"Pharaoh Brown","NE","TE","L 0-6",1.7,0,0,0,0,0,0,0,0,0,0,0,0,0,0,0,0,"LAC","Home",66,"12/5/23",13
"Pharaoh Brown","NE","TE","W 21-18",1,0,0,0,0,0,0,1,4,0,1,0,0,0,1.4,0,0,"Pit","Away",47,"12/12/23",14
"Pharaoh Brown","NE","TE","L 17-27",2.1,0,0,0,0,0,0,1,4,0,1,0,0,0,1.4,0,0,"KC","Home",60,"12/19/23",15
"Pharaoh Brown","NE","TE","W 26-23",4.2,0,0,0,0,0,0,2,25,0,2,0,0,0,4.5,0,0,"Den","Away",36,"12/26/23",16
"Pharaoh Brown","NE","TE","L 21-27",3.8,0,0,0,0,0,0,1,5,0,1,0,1,0,-0.5,0,0,"Buf","Away",93,"1/2/24",17
"Pharaoh Brown","NE","TE","L 3-17",2.8,0,0,0,0,0,0,1,0,0,3,0,0,0,1,0,0,"NYJ","Home",59,"1/9/24",18
"Phillip Dorsett","Den","WR","L 16-17",3.6,0,0,0,0,0,0,0,0,0,1,0,0,0,0,0,0,"LV","Home",135,"9/12/23",1
"Phillip Dorsett","Den","WR","W 16-9",3.2,0,0,0,0,0,0,0,0,0,2,0,0,0,0,0,0,"LAC","Home",137.5,"1/2/24",17
"Pierre Strong Jr.","Cle","RB","W 24-3",1.4,0,0,0,0,0,0,0,0,0,0,0,0,0,0,0,0,"Cin","Home",96,"9/12/23",1
"Pierre Strong Jr.","Cle","RB","L 22-26",0,0,0,0,2,1,1,0,0,0,1,0,0,0,6.1,0,0,"Pit","Away",41,"9/19/23",2
"Pierre Strong Jr.","Cle","RB","W 27-3",3.3,0,0,0,6,27,0,0,0,0,0,0,0,0,2.7,0,0,"Ten","Home",64.5,"9/26/23",3
"Pierre Strong Jr.","Cle","RB","L 3-28",0.9,0,0,0,5,49,0,0,0,0,0,0,0,0,4.9,0,0,"Bal","Home",47,"10/3/23",4
"Pierre Strong Jr.","Cle","RB","W 19-17",1,0,0,0,0,0,0,0,0,0,0,0,0,0,0,0,0,"SF","Home",93,"10/17/23",6
"Pierre Strong Jr.","Cle","RB","W 39-38",0.1,0,0,0,8,25,0,0,0,0,0,0,0,0,2.5,0,0,"Ind","Away",49,"10/24/23",7
"Pierre Strong Jr.","Cle","RB","L 20-24",2,0,0,0,10,41,0,1,41,0,1,0,0,0,9.2,0,0,"Sea","Away",28.5,"10/31/23",8
"Pierre Strong Jr.","Cle","RB","W 27-0",2.8,0,0,0,3,9,0,1,-7,0,1,0,0,0,1.2,0,0,"Ari","Home",65,"11/7/23",9
"Pierre Strong Jr.","Cle","RB","W 33-31",1.9,0,0,0,0,0,0,0,0,0,0,0,0,0,0,0,0,"Bal","Away",83,"11/14/23",10
"Pierre Strong Jr.","Cle","RB","W 13-10",0.1,0,0,0,1,1,0,1,4,0,1,0,0,0,1.5,0,0,"Pit","Home",62.5,"11/21/23",11
"Pierre Strong Jr.","Cle","RB","L 12-29",0.9,0,0,0,0,0,0,0,0,0,0,0,0,0,0,0,0,"Den","Away",90,"11/28/23",12
"Pierre Strong Jr.","Cle","RB","L 19-36",0.9,0,0,0,2,20,0,0,0,0,0,0,0,0,2,0,0,"LAR","Away",52,"12/5/23",13
"Pierre Strong Jr.","Cle","RB","W 31-27",1.2,0,0,0,1,0,0,0,0,0,0,0,0,0,0,0,0,"Jax","Home",89.5,"12/12/23",14
"Pierre Strong Jr.","Cle","RB","W 20-17",1.1,0,0,0,2,2,0,2,9,0,2,0,0,0,3.1,0,0,"Chi","Home",59,"12/19/23",15
"Pierre Strong Jr.","Cle","RB","W 36-22",1.8,0,0,0,5,22,0,0,0,0,1,0,0,0,2.2,0,0,"Hou","Away",58.5,"12/26/23",16
"Pierre Strong Jr.","Cle","RB","W 37-20",2.7,0,0,0,4,29,0,0,0,0,0,0,1,0,0.9,0,0,"NYJ","Home",75,"1/2/24",17
"Pierre Strong Jr.","Cle","RB","L 14-31",10.5,0,0,0,14,65,0,0,0,0,1,0,0,0,6.5,0,0,"Cin","Away",36,"1/9/24",18
"Princeton Fant","Dal","TE","W 41-35",NA,0,0,0,0,0,0,0,0,0,0,0,0,0,0,0,0,"Sea","Home",66,"12/5/23",13
"Princeton Fant","Dal","TE","W 33-13",0,0,0,0,0,0,0,0,0,0,0,0,0,0,0,0,0,"Phi","Home",73,"12/12/23",14
"Puka Nacua","LAR","WR","W 30-13",8.4,0,0,0,0,0,0,10,119,0,15,0,0,0,21.9,0,0,"Sea","Away",9,"9/12/23",1
"Puka Nacua","LAR","WR","L 23-30",12.2,0,0,0,2,4,0,15,147,0,20,0,0,0,30.1,0,0,"SF","Home",2,"9/19/23",2
"Puka Nacua","LAR","WR","L 16-19",16.2,0,0,0,0,0,0,5,72,0,7,0,0,0,12.2,0,0,"Cin","Away",36,"9/26/23",3
"Puka Nacua","LAR","WR","W 29-23",14.5,0,0,0,0,0,0,9,163,1,10,0,0,0,31.3,0,0,"Ind","Away",4,"10/3/23",4
"Puka Nacua","LAR","WR","L 14-23",14.6,0,0,0,0,0,0,7,71,1,11,0,0,0,20.1,0,0,"Phi","Home",11,"10/10/23",5
"Puka Nacua","LAR","WR","W 26-9",15.5,0,0,0,0,0,0,4,26,0,7,0,0,0,6.6,0,0,"Ari","Home",57,"10/17/23",6
"Puka Nacua","LAR","WR","L 17-24",16.1,0,0,0,0,0,0,8,154,0,12,0,0,0,23.4,0,0,"Pit","Home",5,"10/24/23",7
"Puka Nacua","LAR","WR","L 20-43",17.2,0,0,0,0,0,0,3,43,0,7,0,0,0,7.3,0,0,"Dal","Away",61.5,"10/31/23",8
"Puka Nacua","LAR","WR","L 3-20",15.2,0,0,0,0,0,0,3,32,0,7,0,0,0,6.2,0,0,"GB","Away",54.5,"11/7/23",9
"Puka Nacua","LAR","WR","W 17-16",13.9,0,0,0,1,7,0,5,70,1,7,0,0,0,18.7,0,0,"Sea","Home",12,"11/21/23",11
"Puka Nacua","LAR","WR","W 37-14",14,0,0,0,0,0,0,4,27,0,8,0,0,0,6.7,0,0,"Ari","Away",63,"11/28/23",12
"Puka Nacua","LAR","WR","W 36-19",12.7,0,0,0,2,34,0,4,105,1,7,0,0,0,23.9,0,0,"Cle","Home",11,"12/5/23",13
"Puka Nacua","LAR","WR","L 31-37",13.6,0,0,0,1,6,0,5,84,0,9,0,0,0,14,0,0,"Bal","Away",19,"12/12/23",14
"Puka Nacua","LAR","WR","W 28-20",14,0,0,0,2,3,0,5,50,0,8,0,0,0,10.3,0,0,"Wsh","Home",37,"12/19/23",15
"Puka Nacua","LAR","WR","W 30-22",14,0,0,0,2,16,0,9,164,1,11,0,0,0,33,0,0,"NO","Home",3,"12/26/23",16
"Puka Nacua","LAR","WR","W 26-25",16.1,0,0,0,2,19,0,5,118,0,8,0,0,0,18.7,0,0,"NYG","Away",12,"1/2/24",17
"Puka Nacua","LAR","WR","W 21-20",7.4,0,0,0,0,0,0,4,41,1,6,0,0,0,14.1,0,0,"SF","Away",27,"1/9/24",18
"Qadree Ollison","Pit","RB","W 26-22",0,0,0,0,0,0,0,0,0,0,0,0,0,0,0,0,0,"Cle","Home",96,"9/19/23",2
"Qadree Ollison","Pit","RB","W 23-18",0,0,0,0,0,0,0,0,0,0,0,0,0,0,0,0,0,"LV","Away",95.5,"9/26/23",3
"Quentin Johnston","LAC","WR","L 34-36",6.2,0,0,0,0,0,0,2,9,0,3,0,0,0,2.9,0,0,"Mia","Home",91.5,"9/12/23",1
"Quentin Johnston","LAC","WR","L 24-27",6.2,0,0,0,0,0,0,1,7,0,2,0,0,0,1.7,0,0,"Ten","Away",107.5,"9/19/23",2
"Quentin Johnston","LAC","WR","W 28-24",4.4,0,0,0,0,0,0,2,10,0,3,0,0,0,3,0,0,"Min","Away",94.5,"9/26/23",3
"Quentin Johnston","LAC","WR","W 24-17",8.6,0,0,0,0,0,0,1,18,0,3,0,0,0,2.8,0,0,"LV","Home",94,"10/3/23",4
"Quentin Johnston","LAC","WR","L 17-20",6.9,0,0,0,0,0,0,0,0,0,2,0,0,0,0,0,0,"Dal","Home",128,"10/17/23",6
"Quentin Johnston","LAC","WR","L 17-31",7.1,0,0,0,0,0,0,1,20,0,2,0,0,0,3,0,0,"KC","Away",77,"10/24/23",7
"Quentin Johnston","LAC","WR","W 30-13",6.6,0,0,0,0,0,0,5,50,0,6,0,0,0,10,0,0,"Chi","Home",47,"10/31/23",8
"Quentin Johnston","LAC","WR","W 27-6",8.4,0,0,0,1,2,0,2,14,0,3,0,0,0,3.6,0,0,"NYJ","Away",74.5,"11/7/23",9
"Quentin Johnston","LAC","WR","L 38-41",8,0,0,0,0,0,0,4,34,1,4,0,0,0,13.4,0,0,"Det","Home",26.5,"11/14/23",10
"Quentin Johnston","LAC","WR","L 20-23",9.1,0,0,0,0,0,0,2,21,0,6,0,0,0,4.1,0,0,"GB","Away",71,"11/21/23",11
"Quentin Johnston","LAC","WR","L 10-20",7.9,0,0,0,0,0,0,1,7,0,3,0,0,0,1.7,0,0,"Bal","Home",110,"11/28/23",12
"Quentin Johnston","LAC","WR","W 6-0",7,0,0,0,0,0,0,5,52,0,7,0,0,0,10.2,0,0,"NE","Away",36.5,"12/5/23",13
"Quentin Johnston","LAC","WR","L 7-24",8.5,0,0,0,0,0,0,3,91,0,4,0,0,0,12.1,0,0,"Den","Home",31,"12/12/23",14
"Quentin Johnston","LAC","WR","L 21-63",8.4,0,0,0,0,0,0,2,23,1,3,0,0,0,10.3,0,0,"LV","Away",37,"12/19/23",15
"Quentin Johnston","LAC","WR","L 22-24",7.8,0,0,0,1,1,0,2,29,0,5,0,0,0,5,0,0,"Buf","Home",76,"12/26/23",16
"Quentin Johnston","LAC","WR","L 9-16",10.3,0,0,0,0,0,0,3,29,0,6,0,0,0,5.9,0,0,"Den","Away",62,"1/2/24",17
"Quentin Johnston","LAC","WR","L 12-13",7.9,0,0,0,1,6,0,2,17,0,5,0,0,0,4.3,0,0,"KC","Home",72.5,"1/9/24",18
"Quez Watkins","Phi","WR","W 25-20",3.4,0,0,0,0,0,0,2,17,0,2,0,0,0,3.7,0,0,"NE","Away",83.5,"9/12/23",1
"Quez Watkins","Phi","WR","W 34-28",4.4,0,0,0,0,0,0,0,0,0,0,0,0,0,0,0,0,"Min","Home",145,"9/19/23",2
"Quez Watkins","Phi","WR","W 23-14",2.2,0,0,0,0,0,0,2,4,0,3,0,0,0,2.4,0,0,"LAR","Away",80,"10/10/23",5
"Quez Watkins","Phi","WR","W 37-34",2.5,0,0,0,0,0,0,0,0,0,0,0,0,0,0,0,0,"Buf","Home",149,"11/28/23",12
"Quez Watkins","Phi","WR","L 19-42",2.1,0,0,0,0,0,0,3,28,0,4,0,0,0,5.8,0,0,"SF","Home",49,"12/5/23",13
"Quez Watkins","Phi","WR","L 13-33",2.3,0,0,0,0,0,0,0,0,0,0,0,0,0,0,0,0,"Dal","Away",134,"12/12/23",14
"Quez Watkins","Phi","WR","L 17-20",2.1,0,0,0,0,0,0,0,0,0,1,0,0,0,0,0,0,"Sea","Away",140,"12/19/23",15
"Quez Watkins","Phi","WR","W 33-25",1.5,0,0,0,0,0,0,0,0,0,0,0,0,0,0,0,0,"NYG","Home",144.5,"12/26/23",16
"Quez Watkins","Phi","WR","L 10-27",4,0,0,0,0,0,0,8,93,1,11,0,0,0,23.3,0,0,"NYG","Away",6,"1/9/24",18
"Quintin Morris","Buf","TE","L 16-22",0.6,0,0,0,0,0,0,0,0,0,0,0,0,0,0,0,0,"NYJ","Away",75,"9/12/23",1
"Quintin Morris","Buf","TE","W 38-10",0.5,0,0,0,0,0,0,0,0,0,0,0,0,0,0,0,0,"LV","Home",76,"9/19/23",2
"Quintin Morris","Buf","TE","W 37-3",0,0,0,0,0,0,0,0,0,0,0,0,0,0,0,0,0,"Wsh","Away",79,"9/26/23",3
"Quintin Morris","Buf","TE","W 48-20",0,0,0,0,0,0,0,0,0,0,0,0,0,0,0,0,0,"Mia","Home",79.5,"10/3/23",4
"Quintin Morris","Buf","TE","L 20-25",0,0,0,0,0,0,0,0,0,0,0,0,0,0,0,0,0,"Jax","Home",71,"10/10/23",5
"Quintin Morris","Buf","TE","W 14-9",0,0,0,0,0,0,0,1,15,1,1,0,0,0,8.5,0,0,"NYG","Home",16,"10/17/23",6
"Quintin Morris","Buf","TE","L 18-24",1.3,0,0,0,0,0,0,0,0,0,0,0,0,0,0,0,0,"Cin","Away",68,"11/7/23",9
"Quintin Morris","Buf","TE","L 22-24",0,0,0,0,0,0,0,0,0,0,0,0,0,0,0,0,0,"Den","Home",69.5,"11/14/23",10
"Quintin Morris","Buf","TE","W 32-6",0,0,0,0,0,0,0,1,11,0,2,0,0,0,2.1,0,0,"NYJ","Home",36,"11/21/23",11
"Quintin Morris","Buf","TE","L 34-37",1.2,0,0,0,0,0,0,0,0,0,0,0,0,0,0,0,0,"Phi","Away",78,"11/28/23",12
"Quintin Morris","Buf","TE","W 20-17",0,0,0,0,0,0,0,0,0,0,0,0,0,0,0,0,0,"KC","Away",73,"12/12/23",14
"Quintin Morris","Buf","TE","W 31-10",0,0,0,0,0,0,0,0,0,0,0,0,0,0,0,0,0,"Dal","Home",81.5,"12/19/23",15
"Quintin Morris","Buf","TE","W 24-22",0,0,0,0,0,0,0,0,0,0,0,0,0,0,0,0,0,"LAC","Away",78,"12/26/23",16
"Quintin Morris","Buf","TE","W 27-21",0,0,0,0,0,0,0,0,0,0,0,0,0,0,0,0,0,"NE","Home",76,"1/2/24",17
"Quintin Morris","Buf","TE","W 21-14",0,0,0,0,0,0,0,0,0,0,0,0,0,0,0,0,0,"Mia","Away",76.5,"1/9/24",18
"Rachaad White","TB","RB","W 20-17",13.9,0,0,0,17,39,0,2,10,0,2,0,0,0,6.9,0,0,"Min","Away",39,"9/12/23",1
"Rachaad White","TB","RB","W 27-17",15.1,0,0,0,17,73,1,5,30,0,5,0,0,0,21.3,0,0,"Chi","Home",8,"9/19/23",2
"Rachaad White","TB","RB","L 11-25",12.7,0,0,0,14,38,0,3,24,0,3,0,1,0,7.2,0,0,"Phi","Home",32.5,"9/26/23",3
"Rachaad White","TB","RB","W 26-9",12.9,0,0,0,15,56,0,3,22,0,3,0,0,0,10.8,0,0,"NO","Away",20.5,"10/3/23",4
"Rachaad White","TB","RB","L 6-20",12,0,0,0,7,26,0,3,12,0,4,0,0,0,6.8,0,0,"Det","Home",35,"10/17/23",6
"Rachaad White","TB","RB","L 13-16",11.8,0,0,0,13,34,0,6,65,0,6,0,0,0,15.9,0,0,"Atl","Home",12,"10/24/23",7
"Rachaad White","TB","RB","L 18-24",12.7,0,0,0,9,39,0,7,70,0,7,0,0,0,17.9,0,0,"Buf","Away",10,"10/31/23",8
"Rachaad White","TB","RB","L 37-39",13.3,0,0,0,20,73,2,4,46,0,4,0,0,0,27.9,0,0,"Hou","Away",1,"11/7/23",9
"Rachaad White","TB","RB","W 20-6",15.3,0,0,0,20,51,0,2,47,1,3,0,0,0,17.8,0,0,"Ten","Home",11,"11/14/23",10
"Rachaad White","TB","RB","L 14-27",14.8,0,0,0,9,30,1,6,28,0,7,0,0,0,17.8,0,0,"SF","Away",13.5,"11/21/23",11
"Rachaad White","TB","RB","L 20-27",15,0,0,0,15,100,0,2,10,0,2,0,0,0,13,0,0,"Ind","Away",19,"11/28/23",12
"Rachaad White","TB","RB","W 21-18",15.6,0,0,0,20,84,1,3,22,0,5,0,0,0,19.6,0,0,"Car","Home",10,"12/5/23",13
"Rachaad White","TB","RB","W 29-25",15,0,0,0,25,102,0,2,33,1,2,0,0,0,21.5,0,0,"Atl","Away",6.5,"12/12/23",14
"Rachaad White","TB","RB","W 34-20",16.1,0,0,0,21,89,0,2,50,1,2,0,0,0,21.9,0,0,"GB","Away",6,"12/19/23",15
"Rachaad White","TB","RB","W 30-12",17,0,0,0,20,39,1,6,38,0,7,0,0,0,19.7,0,0,"Jax","Home",7,"12/26/23",16
"Rachaad White","TB","RB","L 13-23",17.1,0,0,0,11,42,0,4,24,0,4,0,1,0,8.6,0,0,"NO","Home",38,"1/2/24",17
"Rachaad White","TB","RB","W 9-0",16.3,0,0,0,19,75,0,4,18,0,4,0,0,0,13.3,0,0,"Car","Away",18,"1/9/24",18
"Raheem Blackshear","Car","RB","L 10-24",3.1,0,0,0,0,0,0,0,0,0,0,0,0,0,0,0,0,"Atl","Away",96,"9/12/23",1
"Raheem Blackshear","Car","RB","L 17-20",0.1,0,0,0,0,0,0,0,0,0,0,0,0,0,0,0,0,"NO","Home",96,"9/19/23",2
"Raheem Blackshear","Car","RB","L 24-42",0,0,0,0,0,0,0,0,0,0,0,0,0,0,0,0,0,"Det","Away",81,"10/10/23",5
"Raheem Blackshear","Car","RB","L 21-42",6.1,0,0,0,5,18,0,1,4,0,1,0,0,0,3.2,0,0,"Mia","Away",48,"10/17/23",6
"Raheem Blackshear","Car","RB","W 15-13",0,0,0,0,3,5,0,2,26,0,2,0,0,0,5.1,0,0,"Hou","Home",49,"10/31/23",8
"Raheem Blackshear","Car","RB","L 13-27",3,0,0,0,1,0,0,1,5,0,1,0,0,0,1.5,0,0,"Ind","Home",62,"11/7/23",9
"Raheem Blackshear","Car","RB","L 13-16",1.8,0,0,0,2,7,0,1,6,0,1,0,0,0,2.3,0,0,"Chi","Away",52.5,"11/14/23",10
"Raheem Blackshear","Car","RB","L 10-33",2.4,0,0,0,0,0,0,0,0,0,0,0,0,0,0,0,0,"Dal","Home",80,"11/21/23",11
"Raheem Blackshear","Car","RB","L 18-21",0.1,0,0,0,1,6,0,0,0,0,0,0,0,0,0.6,0,0,"TB","Away",61.5,"12/5/23",13
"Raheem Blackshear","Car","RB","L 6-28",0.4,0,0,0,1,4,0,1,4,0,2,0,0,0,1.8,0,0,"NO","Away",59,"12/12/23",14
"Raheem Blackshear","Car","RB","W 9-7",1.4,0,0,0,0,0,0,0,0,0,0,0,0,0,0,0,0,"Atl","Home",94,"12/19/23",15
"Raheem Blackshear","Car","RB","L 30-33",0.8,0,0,0,0,0,0,0,0,0,0,0,0,0,2,0,0,"GB","Home",63.5,"12/26/23",16
"Raheem Blackshear","Car","RB","L 0-26",0.1,0,0,0,0,0,0,0,0,0,0,0,0,0,0,0,0,"Jax","Away",92.5,"1/2/24",17
"Raheem Blackshear","Car","RB","L 0-9",0.1,0,0,0,1,6,0,0,0,0,0,0,0,0,0.6,0,0,"TB","Home",67,"1/9/24",18
"Raheem Mostert","Mia","RB","W 36-34",12.8,0,0,0,10,37,1,2,13,0,2,0,0,0,13,0,0,"LAC","Away",18,"9/12/23",1
"Raheem Mostert","Mia","RB","W 24-17",12.4,0,0,0,18,121,2,1,6,0,1,0,0,0,25.7,0,0,"NE","Away",5,"9/19/23",2
"Raheem Mostert","Mia","RB","W 70-20",14.1,0,0,0,13,82,3,7,60,1,7,0,0,0,45.2,0,0,"Den","Home",2,"9/26/23",3
"Raheem Mostert","Mia","RB","L 20-48",14.3,0,0,0,7,9,0,3,36,0,5,0,1,0,5.5,0,0,"Buf","Away",42.5,"10/3/23",4
"Raheem Mostert","Mia","RB","W 31-16",14.5,0,0,0,10,65,1,2,13,0,2,0,0,0,15.8,0,0,"NYG","Home",11,"10/10/23",5
"Raheem Mostert","Mia","RB","W 42-21",18.2,0,0,0,17,115,2,3,17,1,3,0,0,0,34.2,0,0,"Car","Home",1,"10/17/23",6
"Raheem Mostert","Mia","RB","L 17-31",18.3,0,0,0,9,45,0,1,6,0,3,0,0,0,6.1,0,0,"Phi","Away",35,"10/24/23",7
"Raheem Mostert","Mia","RB","W 31-17",17.1,0,0,0,13,46,1,0,0,0,0,0,0,0,10.6,0,0,"NE","Home",21,"10/31/23",8
"Raheem Mostert","Mia","RB","L 14-21",15.9,0,0,0,12,85,1,0,0,0,1,0,0,0,14.5,0,0,"KC","Away",13,"11/7/23",9
"Raheem Mostert","Mia","RB","W 20-13",11.4,0,0,0,22,86,0,1,7,0,2,0,0,0,10.3,0,0,"LV","Home",21,"11/21/23",11
"Raheem Mostert","Mia","RB","W 34-13",14.8,0,0,0,20,94,2,0,0,0,1,0,0,0,21.4,0,0,"NYJ","Away",8,"11/28/23",12
"Raheem Mostert","Mia","RB","W 45-15",11.3,0,0,0,11,43,1,1,8,0,1,0,0,0,12.1,0,0,"Wsh","Away",18,"12/5/23",13
"Raheem Mostert","Mia","RB","L 27-28",10.5,0,0,0,21,96,2,1,4,0,1,0,0,0,23,0,0,"Ten","Home",5,"12/12/23",14
"Raheem Mostert","Mia","RB","W 30-0",14.1,0,0,0,15,42,2,2,1,0,2,0,0,0,18.3,0,0,"NYJ","Home",10,"12/19/23",15
"Raheem Mostert","Mia","RB","W 22-20",15.4,0,0,0,11,46,0,1,4,1,1,0,0,0,12,0,0,"Dal","Home",21.5,"12/26/23",16
"Rakim Jarrett","TB","WR","W 20-17",1.6,0,0,0,1,0,0,0,0,0,0,0,0,0,0,0,0,"Min","Away",135,"9/12/23",1
"Rakim Jarrett","TB","WR","W 27-17",0.8,0,0,0,0,0,0,1,7,0,1,0,0,0,1.7,0,0,"Chi","Home",107.5,"9/19/23",2
"Rakim Jarrett","TB","WR","L 11-25",1.7,0,0,0,0,0,0,0,0,0,0,0,0,0,0,0,0,"Phi","Home",141,"9/26/23",3
"Rakim Jarrett","TB","WR","W 26-9",0.6,0,0,0,0,0,0,1,3,0,1,0,0,0,1.3,0,0,"NO","Away",119,"10/3/23",4
"Rakim Jarrett","TB","WR","L 6-20",0.6,0,0,0,0,0,0,0,0,0,0,0,0,0,0,0,0,"Det","Home",128,"10/17/23",6
"Rakim Jarrett","TB","WR","L 13-16",0.5,0,0,0,0,0,0,0,0,0,2,0,0,0,0,0,0,"Atl","Home",116,"10/24/23",7
"Rakim Jarrett","TB","WR","L 18-24",1.1,0,0,0,0,0,0,1,9,0,3,0,0,0,1.9,0,0,"Buf","Away",102.5,"10/31/23",8
"Rakim Jarrett","TB","WR","L 37-39",2.7,0,0,0,0,0,0,0,0,0,0,0,0,0,0,0,0,"Hou","Away",126.5,"11/7/23",9
"Rakim Jarrett","TB","WR","W 20-6",1.6,0,0,0,0,0,0,0,0,0,0,0,0,0,0,0,0,"Ten","Home",123.5,"11/14/23",10
"Rakim Jarrett","TB","WR","L 14-27",1.1,0,0,0,0,0,0,1,41,0,2,0,0,0,5.1,0,0,"SF","Away",63,"11/21/23",11
"Randall Cobb","NYJ","WR","W 22-16",4.1,0,0,0,0,0,0,0,0,0,1,0,0,0,0,0,0,"Buf","Home",135,"9/12/23",1
"Randall Cobb","NYJ","WR","L 10-30",5.7,0,0,0,0,0,0,0,0,0,1,0,0,0,0,0,0,"Dal","Away",145,"9/19/23",2
"Randall Cobb","NYJ","WR","L 10-15",3.7,0,0,0,0,0,0,1,12,0,2,0,0,0,2.2,0,0,"NE","Home",101,"9/26/23",3
"Randall Cobb","NYJ","WR","L 20-23",2.7,0,0,0,0,0,0,2,8,0,4,0,0,0,2.8,0,0,"KC","Home",94,"10/3/23",4
"Randall Cobb","NYJ","WR","W 31-21",4.9,0,0,0,0,0,0,0,0,0,1,0,0,0,0,0,0,"Den","Away",124.5,"10/10/23",5
"Randall Cobb","NYJ","WR","W 20-14",4,0,0,0,0,0,0,0,0,0,3,0,0,0,2,0,0,"Phi","Home",89,"10/17/23",6
"Randall Cobb","NYJ","WR","L 13-34",2,0,0,0,0,0,0,0,0,0,0,0,0,0,0,0,0,"Mia","Home",149,"11/28/23",12
"Randall Cobb","NYJ","WR","W 30-6",1.4,0,0,0,0,0,0,1,15,1,1,0,0,0,8.5,0,0,"Hou","Home",40,"12/12/23",14
"Randall Cobb","NYJ","WR","L 0-30",3,0,0,0,0,0,0,0,0,0,3,0,0,0,0,0,0,"Mia","Away",140,"12/19/23",15
"Randall Cobb","NYJ","WR","L 20-37",2.8,0,0,0,0,0,0,0,0,0,0,0,0,0,0,0,0,"Cle","Away",137.5,"1/2/24",17
"Randall Cobb","NYJ","WR","W 17-3",1.9,0,0,0,0,0,0,1,4,0,1,0,0,0,1.4,0,0,"NE","Away",110,"1/9/24",18
"Rashaad Penny","Phi","RB","W 34-28",8.2,0,0,0,3,9,0,1,5,0,1,0,0,0,2.4,0,0,"Min","Home",59.5,"9/19/23",2
"Rashaad Penny","Phi","RB","W 28-23",0,0,0,0,2,8,0,0,0,0,0,0,0,0,0.8,0,0,"Dal","Home",68,"11/7/23",9
"Rashaad Penny","Phi","RB","L 10-27",2.8,0,0,0,6,16,0,0,0,0,0,0,0,0,1.6,0,0,"NYG","Away",63.5,"1/9/24",18
"Rashee Rice","KC","WR","L 20-21",5.1,0,0,0,1,-3,0,3,29,1,5,0,0,0,11.6,0,0,"Det","Home",34,"9/12/23",1
"Rashee Rice","KC","WR","W 17-9",6,0,0,0,0,0,0,2,20,0,2,0,0,0,4,0,0,"Jax","Away",90,"9/19/23",2
"Rashee Rice","KC","WR","W 41-10",5,0,0,0,0,0,0,5,59,0,7,0,0,0,10.9,0,0,"Chi","Home",41,"9/26/23",3
"Rashee Rice","KC","WR","W 23-20",6.8,0,0,0,0,0,0,3,32,0,5,0,0,0,6.2,0,0,"NYJ","Away",60,"10/3/23",4
"Rashee Rice","KC","WR","W 27-20",10.3,0,0,0,0,0,0,4,33,1,5,0,0,0,13.3,0,0,"Min","Away",23,"10/10/23",5
"Rashee Rice","KC","WR","W 19-8",9.8,0,0,0,0,0,0,4,72,0,4,0,0,0,11.2,0,0,"Den","Home",34,"10/17/23",6
"Rashee Rice","KC","WR","W 31-17",10,0,0,0,0,0,0,5,60,1,6,0,0,0,17,0,0,"LAC","Home",14,"10/24/23",7
"Rashee Rice","KC","WR","L 9-24",10.6,0,0,0,0,0,0,4,56,0,5,0,0,0,9.6,0,0,"Den","Away",49.5,"10/31/23",8
"Rashee Rice","KC","WR","W 21-14",10.7,0,0,0,0,0,0,2,17,1,2,0,0,0,9.7,0,0,"Mia","Home",32.5,"11/7/23",9
"Rashee Rice","KC","WR","L 17-21",9.5,0,0,0,0,0,0,4,42,0,5,0,0,0,8.2,0,0,"Phi","Home",43,"11/21/23",11
"Rashee Rice","KC","WR","W 31-17",9.1,0,0,0,0,0,0,8,107,1,10,0,0,0,24.7,0,0,"LV","Away",3,"11/28/23",12
"Rashee Rice","KC","WR","L 19-27",11,0,0,0,0,0,0,8,64,0,9,0,0,0,14.4,0,0,"GB","Away",22,"12/5/23",13
"Rashee Rice","KC","WR","L 17-20",13.2,0,0,0,0,0,0,7,72,1,10,0,1,0,18.2,0,0,"Buf","Home",12,"12/12/23",14
"Rashee Rice","KC","WR","W 27-17",15,0,0,0,0,0,0,9,91,1,9,0,0,0,24.1,0,0,"NE","Away",7.5,"12/19/23",15
"Rashee Rice","KC","WR","L 14-20",17.1,0,0,0,0,0,0,6,57,0,12,0,0,0,11.7,0,0,"LV","Home",35,"12/26/23",16
"Rashee Rice","KC","WR","W 25-17",18.7,0,0,0,0,0,0,5,127,0,6,0,0,0,17.7,0,0,"Cin","Home",14,"1/2/24",17
"Rashid Shaheed","NO","WR","W 16-15",6,0,0,0,2,11,0,5,89,1,6,0,1,0,19,0,0,"Ten","Home",12,"9/12/23",1
"Rashid Shaheed","NO","WR","W 20-17",9.4,0,0,0,0,0,0,4,63,0,4,0,0,0,10.3,0,0,"Car","Away",54,"9/19/23",2
"Rashid Shaheed","NO","WR","L 17-18",9.7,0,0,0,1,0,0,0,0,0,2,0,0,1,6,0,0,"GB","Away",75.5,"9/26/23",3
"Rashid Shaheed","NO","WR","L 9-26",7.2,0,0,0,0,0,0,3,33,0,7,0,0,0,6.3,0,0,"TB","Home",59,"10/3/23",4
"Rashid Shaheed","NO","WR","W 34-0",8.2,0,0,0,0,0,0,2,28,0,2,0,0,0,4.8,0,0,"NE","Away",62.5,"10/10/23",5
"Rashid Shaheed","NO","WR","L 13-20",7.6,0,0,0,2,18,0,2,85,1,6,0,0,0,18.3,0,0,"Hou","Away",12,"10/17/23",6
"Rashid Shaheed","NO","WR","L 24-31",8.6,0,0,0,1,4,0,4,28,0,8,0,0,0,7.2,0,0,"Jax","Home",52,"10/24/23",7
"Rashid Shaheed","NO","WR","W 38-27",8.4,0,0,0,0,0,0,3,153,1,3,0,0,0,24.3,0,0,"Ind","Away",8,"10/31/23",8
"Rashid Shaheed","NO","WR","W 24-17",8.5,0,0,0,0,0,0,3,22,0,3,0,0,0,5.2,0,0,"Chi","Home",63,"11/7/23",9
"Rashid Shaheed","NO","WR","L 19-27",7.1,0,0,0,0,0,0,5,24,0,9,0,0,0,7.4,0,0,"Min","Away",45,"11/14/23",10
"Rashid Shaheed","NO","WR","L 15-24",11,0,0,0,0,0,0,2,9,0,5,0,0,0,2.9,0,0,"Atl","Away",97,"11/28/23",12
"Rashid Shaheed","NO","WR","W 24-6",11.2,0,0,0,0,0,0,3,36,0,4,0,0,0,6.6,0,0,"NYG","Home",58,"12/19/23",15
"Rashid Shaheed","NO","WR","L 22-30",10.1,0,0,0,1,4,0,5,70,1,9,0,0,0,18.4,0,0,"LAR","Away",17,"12/26/23",16
"Rashid Shaheed","NO","WR","W 23-13",10.9,0,0,0,0,0,0,2,14,0,3,0,0,0,3.4,0,0,"TB","Away",79,"1/2/24",17
"Rashid Shaheed","NO","WR","W 48-17",10,0,0,0,0,0,0,3,65,1,4,0,0,0,15.5,0,0,"Atl","Home",23.5,"1/9/24",18
"Rashod Bateman","Bal","WR","W 25-9",7,0,0,0,0,0,0,3,35,0,3,0,0,0,6.5,0,0,"Hou","Home",60.5,"9/12/23",1
"Rashod Bateman","Bal","WR","W 27-24",6.4,0,0,0,0,0,0,3,18,0,3,0,0,0,4.8,0,0,"Cin","Away",85.5,"9/19/23",2
"Rashod Bateman","Bal","WR","L 19-22",6.7,0,0,0,0,0,0,1,6,0,3,0,0,0,1.6,0,0,"Ind","Home",107,"9/26/23",3
"Rashod Bateman","Bal","WR","L 10-17",3.9,0,0,0,0,0,0,1,8,0,3,0,0,0,1.8,0,0,"Pit","Away",95,"10/10/23",5
"Rashod Bateman","Bal","WR","W 24-16",3.6,0,0,0,0,0,0,2,15,0,3,0,0,0,3.5,0,0,"Ten","Away",81,"10/17/23",6
"Rashod Bateman","Bal","WR","W 38-6",4.5,0,0,0,0,0,0,2,36,0,3,0,0,0,5.6,0,0,"Det","Home",59,"10/24/23",7
"Rashod Bateman","Bal","WR","W 31-24",5.4,0,0,0,1,18,0,2,34,0,2,0,0,0,7.2,0,0,"Ari","Away",63.5,"10/31/23",8
"Rashod Bateman","Bal","WR","W 37-3",5.3,0,0,0,0,0,0,3,28,0,5,0,0,0,5.8,0,0,"Sea","Home",57,"11/7/23",9
"Rashod Bateman","Bal","WR","L 31-33",5.9,0,0,0,0,0,0,2,25,0,4,0,0,0,4.5,0,0,"Cle","Home",61.5,"11/14/23",10
"Rashod Bateman","Bal","WR","W 34-20",7.6,0,0,0,0,0,0,1,10,1,2,0,0,0,8,0,0,"Cin","Home",44.5,"11/21/23",11
"Rashod Bateman","Bal","WR","W 20-10",7.8,0,0,0,0,0,0,2,21,0,5,0,0,0,4.1,0,0,"LAC","Away",83,"11/28/23",12
"Rashod Bateman","Bal","WR","W 37-31",7.3,0,0,0,0,0,0,2,24,0,4,0,0,0,4.4,0,0,"LAR","Home",69,"12/12/23",14
"Rashod Bateman","Bal","WR","W 23-7",6.6,0,0,0,0,0,0,3,39,0,6,0,0,0,6.9,0,0,"Jax","Away",54.5,"12/19/23",15
"Rashod Bateman","Bal","WR","W 33-19",7.4,0,0,0,0,0,0,1,14,0,4,0,0,0,2.4,0,0,"SF","Away",96,"12/26/23",16
"Rashod Bateman","Bal","WR","W 56-19",6.5,0,0,0,0,0,0,4,54,0,6,0,0,0,9.4,0,0,"Mia","Home",44,"1/2/24",17
"Rashod Bateman","Bal","WR","L 10-17",4.7,0,0,0,0,0,0,0,0,0,0,0,0,0,0,0,0,"Pit","Home",142.5,"1/9/24",18
"Ray-Ray McCloud III","SF","WR","W 30-7",0,0,0,0,0,0,0,0,0,0,0,0,0,0,0,0,0,"Pit","Away",135,"9/12/23",1
"Ray-Ray McCloud III","SF","WR","W 30-23",0,0,0,0,0,0,0,0,0,0,0,0,0,0,0,0,0,"LAR","Away",145,"9/19/23",2
"Ray-Ray McCloud III","SF","WR","W 30-12",4.1,0,0,0,0,0,0,0,0,0,0,0,0,0,0,0,0,"NYG","Home",141,"9/26/23",3
"Ray-Ray McCloud III","SF","WR","W 35-16",1.9,0,0,0,0,0,0,2,22,0,2,0,0,0,4.2,0,0,"Ari","Home",79.5,"10/3/23",4
"Ray-Ray McCloud III","SF","WR","W 42-10",0.1,0,0,0,0,0,0,1,1,0,1,0,0,0,1.1,0,0,"Dal","Home",103.5,"10/10/23",5
"Ray-Ray McCloud III","SF","WR","L 17-19",0.6,0,0,0,2,23,0,1,4,0,2,0,0,0,3.7,0,0,"Cle","Away",80,"10/17/23",6
"Ray-Ray McCloud III","SF","WR","L 17-22",4.8,0,0,0,0,0,0,2,20,0,3,0,0,0,4,0,0,"Min","Away",65.5,"10/24/23",7
"Ray-Ray McCloud III","SF","WR","L 17-31",5.4,0,0,0,0,0,0,2,43,0,2,0,0,0,6.3,0,0,"Cin","Home",70.5,"10/31/23",8
"Ray-Ray McCloud III","SF","WR","W 34-3",1.1,0,0,0,0,0,0,0,0,0,0,0,0,0,0,0,0,"Jax","Away",123.5,"11/14/23",10
"Ray-Ray McCloud III","SF","WR","W 27-14",0.1,0,0,0,0,0,0,0,0,0,0,0,0,0,0,0,0,"TB","Home",126,"11/21/23",11
"Ray-Ray McCloud III","SF","WR","W 31-13",0.1,0,0,0,0,0,0,1,23,0,1,0,0,0,3.3,0,0,"Sea","Away",92.5,"11/28/23",12
"Ray-Ray McCloud III","SF","WR","L 20-21",5.4,0,0,0,1,7,0,3,22,0,4,0,0,0,5.9,0,0,"LAR","Home",58.5,"1/9/24",18
"Reggie Gilliam","Buf","RB","L 16-22",0.5,0,0,0,0,0,0,0,0,0,0,0,0,0,0,0,0,"NYJ","Away",96,"9/12/23",1
"Reggie Gilliam","Buf","RB","W 38-10",0.6,0,0,0,0,0,0,1,3,0,1,0,0,0,1.3,0,0,"LV","Home",66.5,"9/19/23",2
"Reggie Gilliam","Buf","RB","W 37-3",0.5,0,0,0,0,0,0,0,0,0,0,0,0,0,0,0,0,"Wsh","Away",95.5,"9/26/23",3
"Reggie Gilliam","Buf","RB","W 48-20",0.6,0,0,0,0,0,0,0,0,0,0,0,0,0,0,0,0,"Mia","Home",93.5,"10/3/23",4
"Reggie Gilliam","Buf","RB","L 20-25",0.5,0,0,0,0,0,0,0,0,0,0,0,0,0,0,0,0,"Jax","Home",81,"10/10/23",5
"Reggie Gilliam","Buf","RB","W 14-9",0.5,0,0,0,0,0,0,0,0,0,0,0,0,0,0,0,0,"NYG","Home",93,"10/17/23",6
"Reggie Gilliam","Buf","RB","L 25-29",0,0,0,0,0,0,0,0,0,0,0,0,0,0,0,0,0,"NE","Away",76,"10/24/23",7
"Reggie Gilliam","Buf","RB","W 24-18",0,0,0,0,0,0,0,0,0,0,0,0,0,0,0,0,0,"TB","Home",97,"10/31/23",8
"Reggie Gilliam","Buf","RB","L 18-24",0,0,0,0,0,0,0,0,0,0,0,0,0,0,0,0,0,"Cin","Away",82.5,"11/7/23",9
"Reggie Gilliam","Buf","RB","L 22-24",0,0,0,0,0,0,0,0,0,0,0,0,0,0,0,0,0,"Den","Home",83,"11/14/23",10
"Reggie Gilliam","Buf","RB","W 32-6",0,0,0,0,0,0,0,0,0,0,0,0,0,0,0,0,0,"NYJ","Home",80,"11/21/23",11
"Reggie Gilliam","Buf","RB","L 34-37",0,0,0,0,0,0,0,0,0,0,0,0,0,0,0,0,0,"Phi","Away",90,"11/28/23",12
"Reggie Gilliam","Buf","RB","W 20-17",0,0,0,0,0,0,0,0,0,0,0,0,0,0,0,0,0,"KC","Away",89.5,"12/12/23",14
"Reggie Gilliam","Buf","RB","W 31-10",0,0,0,0,0,0,0,0,0,0,0,0,0,0,0,0,0,"Dal","Home",94,"12/19/23",15
"Reggie Gilliam","Buf","RB","W 24-22",0,0,0,0,0,0,0,0,0,0,0,0,0,0,0,0,0,"LAC","Away",92,"12/26/23",16
"Reggie Gilliam","Buf","RB","W 27-21",0,0,0,0,0,0,0,0,0,0,0,0,0,0,0,0,0,"NE","Home",92.5,"1/2/24",17
"Reggie Gilliam","Buf","RB","W 21-14",0,0,0,0,0,0,0,0,0,0,0,0,0,0,0,0,0,"Mia","Away",88.5,"1/9/24",18
"Rhamondre Stevenson","NE","RB","L 20-25",15.1,0,0,0,12,25,0,6,64,0,6,0,0,0,14.9,0,0,"Phi","Home",13,"9/12/23",1
"Rhamondre Stevenson","NE","RB","L 17-24",14.7,0,0,0,15,50,1,3,10,0,3,0,0,0,15,0,0,"Mia","Home",17,"9/19/23",2
"Rhamondre Stevenson","NE","RB","W 15-10",14.5,0,0,0,19,59,0,1,3,0,4,0,0,0,7.2,0,0,"NYJ","Away",32.5,"9/26/23",3
"Rhamondre Stevenson","NE","RB","L 3-38",12.8,0,0,0,14,30,0,2,10,0,3,0,0,0,6,0,0,"Dal","Away",41,"10/3/23",4
"Rhamondre Stevenson","NE","RB","L 0-34",12.9,0,0,0,8,24,0,0,0,0,2,0,0,0,2.4,0,0,"NO","Home",51,"10/10/23",5
"Rhamondre Stevenson","NE","RB","L 17-21",12.2,0,0,0,10,46,1,5,24,0,6,0,0,0,18,0,0,"LV","Away",6,"10/17/23",6
"Rhamondre Stevenson","NE","RB","W 29-25",12.6,0,0,0,9,34,0,6,51,0,6,0,0,0,14.5,0,0,"Buf","Home",15,"10/24/23",7
"Rhamondre Stevenson","NE","RB","L 17-31",13.9,0,0,0,10,39,0,2,11,0,4,0,0,0,7,0,0,"Mia","Away",38,"10/31/23",8
"Rhamondre Stevenson","NE","RB","L 17-20",14.8,0,0,0,9,87,1,4,42,0,6,0,0,0,22.9,0,0,"Wsh","Home",2,"11/7/23",9
"Rhamondre Stevenson","NE","RB","L 6-10",13.8,0,0,0,20,88,0,3,14,0,5,0,0,0,13.2,0,0,"Ind","Home",20,"11/14/23",10
"Rhamondre Stevenson","NE","RB","L 7-10",14.4,0,0,0,21,98,1,5,9,0,5,0,0,0,21.7,0,0,"NYG","Away",7,"11/28/23",12
"Rhamondre Stevenson","NE","RB","L 0-6",16,0,0,0,9,39,0,1,0,0,1,0,1,0,2.9,0,0,"LAC","Home",43,"12/5/23",13
"Richie James","KC","WR","L 20-21",2.3,0,0,0,0,0,0,1,6,0,2,0,0,0,1.6,0,0,"Det","Home",98.5,"9/12/23",1
"Richie James","KC","WR","W 17-9",3,0,0,0,0,0,0,0,0,0,1,0,1,0,-2,0,0,"Jax","Away",168.5,"9/19/23",2
"Richie James","KC","WR","W 31-17",3.7,0,0,0,0,0,0,0,0,0,0,0,0,0,0,0,0,"LV","Away",149,"11/28/23",12
"Richie James","KC","WR","L 19-27",1.4,0,0,0,0,0,0,1,12,0,2,0,0,0,2.2,0,0,"GB","Away",72.5,"12/5/23",13
"Richie James","KC","WR","L 17-20",2,0,0,0,0,0,0,1,4,0,2,0,0,0,1.4,0,0,"Buf","Home",105.5,"12/12/23",14
"Richie James","KC","WR","W 27-17",1.8,0,0,0,0,0,0,1,17,0,1,0,0,0,2.7,0,0,"NE","Away",89.5,"12/19/23",15
"Richie James","KC","WR","L 14-20",4.3,0,0,0,0,0,0,3,54,0,3,0,0,0,8.4,0,0,"LV","Home",48,"12/26/23",16
"Richie James","KC","WR","W 25-17",2.1,0,0,0,0,0,0,1,6,0,1,0,0,0,1.6,0,0,"Cin","Home",98.5,"1/2/24",17
"Richie James","KC","WR","W 13-12",7.1,0,0,0,0,0,0,2,15,0,2,0,0,0,3.5,0,0,"LAC","Away",79.5,"1/9/24",18
"Rico Dowdle","Dal","RB","W 40-0",5.1,0,0,0,6,24,0,0,0,0,0,0,0,0,2.4,0,0,"NYG","Away",61,"9/12/23",1
"Rico Dowdle","Dal","RB","W 30-10",5.1,0,0,0,7,26,0,1,17,0,1,0,0,0,5.3,0,0,"NYJ","Home",44.5,"9/19/23",2
"Rico Dowdle","Dal","RB","L 16-28",4.6,0,0,0,4,21,0,3,25,1,3,0,0,0,13.6,0,0,"Ari","Away",17,"9/26/23",3
"Rico Dowdle","Dal","RB","W 38-3",5.4,0,0,0,3,9,0,1,8,0,1,0,0,0,2.7,0,0,"NE","Home",61,"10/3/23",4
"Rico Dowdle","Dal","RB","L 10-42",5.4,0,0,0,5,15,0,0,0,0,1,0,0,0,1.5,0,0,"SF","Away",61,"10/10/23",5
"Rico Dowdle","Dal","RB","W 20-17",4.7,0,0,0,3,12,0,0,0,0,0,0,0,0,1.2,0,0,"LAC","Away",72,"10/17/23",6
"Rico Dowdle","Dal","RB","W 43-20",5.3,0,0,0,5,18,0,2,7,0,2,0,0,0,4.5,0,0,"LAR","Home",54,"10/31/23",8
"Rico Dowdle","Dal","RB","L 23-28",6.7,0,0,0,2,8,0,0,0,0,0,0,0,0,0.8,0,0,"Phi","Away",68,"11/7/23",9
"Rico Dowdle","Dal","RB","W 49-17",6,0,0,0,12,79,1,0,0,0,0,0,0,0,13.9,0,0,"NYG","Home",18,"11/14/23",10
"Rico Dowdle","Dal","RB","W 33-10",6.4,0,0,0,8,23,0,2,-3,0,2,0,0,0,4,0,0,"Car","Away",43,"11/21/23",11
"Rico Dowdle","Dal","RB","W 45-10",7,0,0,0,3,11,0,1,15,1,1,0,0,0,9.6,0,0,"Wsh","Home",30,"11/28/23",12
"Rico Dowdle","Dal","RB","W 41-35",6.3,0,0,0,5,15,0,1,7,0,1,0,0,0,3.2,0,0,"Sea","Home",40,"12/5/23",13
"Rico Dowdle","Dal","RB","W 33-13",5.7,0,0,0,12,46,1,1,6,0,1,0,0,0,12.2,0,0,"Phi","Home",23,"12/12/23",14
"Rico Dowdle","Dal","RB","L 10-31",5.5,0,0,0,3,4,0,2,8,0,3,0,0,0,3.2,0,0,"Buf","Away",58,"12/19/23",15
"Rico Dowdle","Dal","RB","L 20-22",6,0,0,0,2,4,0,0,0,0,2,0,0,0,0.4,0,0,"Mia","Away",75,"12/26/23",16
"Rico Dowdle","Dal","RB","W 38-10",6.9,0,0,0,9,46,0,3,54,0,4,0,0,0,13,0,0,"Wsh","Away",22,"1/9/24",18
"River Cracraft","Mia","WR","W 36-34",0.6,0,0,0,0,0,0,3,40,1,5,0,0,0,13,0,0,"LAC","Away",28,"9/12/23",1
"River Cracraft","Mia","WR","W 24-17",1.8,0,0,0,0,0,0,2,34,0,2,0,0,0,5.4,0,0,"NE","Away",80,"9/19/23",2
"River Cracraft","Mia","WR","W 70-20",7.2,0,0,0,0,0,0,1,13,0,1,0,0,0,2.3,0,0,"Den","Home",100,"9/26/23",3
"River Cracraft","Mia","WR","W 20-13",3,0,0,0,0,0,0,0,0,0,0,0,0,0,0,0,0,"LV","Home",126,"11/21/23",11
"River Cracraft","Mia","WR","W 34-13",1.2,0,0,0,0,0,0,0,0,0,0,0,0,0,0,0,0,"NYJ","Away",149,"11/28/23",12
"River Cracraft","Mia","WR","W 45-15",1.2,0,0,0,0,0,0,2,16,0,2,0,0,0,3.6,0,0,"Wsh","Away",61.5,"12/5/23",13
"River Cracraft","Mia","WR","L 27-28",1.8,0,0,0,0,0,0,0,0,0,0,0,0,0,0,0,0,"Ten","Home",134,"12/12/23",14
"River Cracraft","Mia","WR","W 30-0",4.4,0,0,0,0,0,0,0,0,0,0,0,0,0,0,0,0,"NYJ","Home",140,"12/19/23",15
"River Cracraft","Mia","WR","L 19-56",0,0,0,0,0,0,0,0,0,0,1,0,0,0,0,0,0,"Bal","Away",137.5,"1/2/24",17
"River Cracraft","Mia","WR","L 14-21",0,0,0,0,0,0,0,1,18,0,1,0,0,0,2.8,0,0,"Buf","Home",90.5,"1/9/24",18
"Robbie Chosen","Mia","WR","W 70-20",4.9,0,0,0,0,0,0,1,68,1,1,0,0,0,13.8,0,0,"Den","Home",30.5,"9/26/23",3
"Robbie Chosen","Mia","WR","L 20-48",2.4,0,0,0,0,0,0,0,0,0,1,0,0,0,0,0,0,"Buf","Away",143,"10/3/23",4
"Robbie Chosen","Mia","WR","W 31-16",0,0,0,0,0,0,0,0,0,0,0,0,0,0,0,0,0,"NYG","Home",124.5,"10/10/23",5
"Robbie Chosen","Mia","WR","W 42-21",0,0,0,0,0,0,0,0,0,0,0,0,0,0,0,0,0,"Car","Home",128,"10/17/23",6
"Robbie Chosen","Mia","WR","W 20-13",1.1,0,0,0,0,0,0,2,39,0,2,0,0,0,5.9,0,0,"LV","Home",59,"11/21/23",11
"Robbie Chosen","Mia","WR","W 30-0",0,0,0,0,0,0,0,0,0,0,0,0,0,0,0,0,0,"NYJ","Home",140,"12/19/23",15
"Robbie Chosen","Mia","WR","W 22-20",0,0,0,0,0,0,0,1,19,0,1,0,0,0,2.9,0,0,"Dal","Home",89,"12/26/23",16
"Robbie Chosen","Mia","WR","L 19-56",2.9,0,0,0,0,0,0,0,0,0,1,0,0,0,0,0,0,"Bal","Away",137.5,"1/2/24",17
"Robbie Chosen","Mia","WR","L 14-21",2.9,0,0,0,0,0,0,0,0,0,0,0,0,0,0,0,0,"Buf","Home",142.5,"1/9/24",18
"Robert Tonyan","Chi","TE","L 20-38",1,0,0,0,0,0,0,0,0,0,0,0,0,0,0,0,0,"GB","Home",75,"9/12/23",1
"Robert Tonyan","Chi","TE","L 17-27",0.4,0,0,0,0,0,0,0,0,0,2,0,0,0,0,0,0,"TB","Away",76,"9/19/23",2
"Robert Tonyan","Chi","TE","L 10-41",1,0,0,0,0,0,0,0,0,0,0,0,0,0,0,0,0,"KC","Away",79,"9/26/23",3
"Robert Tonyan","Chi","TE","L 28-31",0.9,0,0,0,0,0,0,2,18,0,2,0,0,0,3.8,0,0,"Den","Home",32.5,"10/3/23",4
"Robert Tonyan","Chi","TE","W 40-20",2.1,0,0,0,0,0,0,2,10,0,2,0,0,0,3,0,0,"Wsh","Away",42.5,"10/10/23",5
"Robert Tonyan","Chi","TE","L 13-19",2.7,0,0,0,0,0,0,1,11,0,1,0,0,0,2.1,0,0,"Min","Home",37,"10/17/23",6
"Robert Tonyan","Chi","TE","W 30-12",2,0,0,0,0,0,0,0,0,0,0,0,0,0,0,0,0,"LV","Home",62,"10/24/23",7
"Robert Tonyan","Chi","TE","L 13-30",2.2,0,0,0,0,0,0,1,8,0,1,0,0,0,1.8,0,0,"LAC","Away",41.5,"10/31/23",8
"Robert Tonyan","Chi","TE","L 17-24",2,0,0,0,0,0,0,1,11,0,1,0,0,0,2.1,0,0,"NO","Away",39,"11/7/23",9
"Robert Tonyan","Chi","TE","W 16-13",1.4,0,0,0,0,0,0,0,0,0,0,0,0,0,0,0,0,"Car","Home",69.5,"11/14/23",10
"Robert Tonyan","Chi","TE","L 26-31",1.5,0,0,0,0,0,0,0,0,0,0,0,0,0,0,0,0,"Det","Away",67,"11/21/23",11
"Robert Tonyan","Chi","TE","W 12-10",1.5,0,0,0,0,0,0,0,0,0,1,0,0,0,0,0,0,"Min","Away",78,"11/28/23",12
"Robert Tonyan","Chi","TE","W 28-13",1.5,0,0,0,0,0,0,0,0,0,0,0,0,0,0,0,0,"Det","Home",73,"12/12/23",14
"Robert Tonyan","Chi","TE","L 17-20",1.4,0,0,0,0,0,0,0,0,0,1,0,0,0,0,0,0,"Cle","Away",81.5,"12/19/23",15
"Robert Tonyan","Chi","TE","W 27-16",1.6,0,0,0,0,0,0,1,14,0,1,0,0,0,2.4,0,0,"Ari","Home",47,"12/26/23",16
"Robert Tonyan","Chi","TE","W 37-17",1.4,0,0,0,0,0,0,3,40,0,4,0,0,0,7,0,0,"Atl","Home",24,"1/2/24",17
"Robert Tonyan","Chi","TE","L 9-17",1.5,0,0,0,0,0,0,0,0,0,1,0,0,0,0,0,0,"GB","Away",76.5,"1/9/24",18
"Robert Woods","Hou","WR","L 9-25",7.4,0,0,0,0,0,0,6,57,0,10,0,0,0,11.7,0,0,"Bal","Away",32.5,"9/12/23",1
"Robert Woods","Hou","WR","L 20-31",9.2,0,0,0,0,0,0,6,74,0,9,0,0,0,13.4,0,0,"Ind","Home",40,"9/19/23",2
"Robert Woods","Hou","WR","W 37-17",10.8,0,0,0,0,0,0,3,34,0,6,0,0,0,6.4,0,0,"Jax","Away",70.5,"9/26/23",3
"Robert Woods","Hou","WR","W 30-6",10,0,0,0,0,0,0,3,26,0,6,0,0,0,5.6,0,0,"Pit","Home",63.5,"10/3/23",4
"Robert Woods","Hou","WR","L 19-21",10,0,0,0,0,0,0,3,30,0,9,0,0,0,6,0,0,"Atl","Away",57.5,"10/10/23",5
"Robert Woods","Hou","WR","W 20-13",10.8,0,0,0,0,0,0,1,6,1,3,0,0,0,7.6,0,0,"NO","Home",48,"10/17/23",6
"Robert Woods","Hou","WR","W 30-27",10.1,0,0,0,0,0,0,1,15,0,3,0,0,0,2.5,0,0,"Cin","Away",85,"11/14/23",10
"Robert Woods","Hou","WR","W 21-16",8.6,0,0,0,0,0,0,5,44,0,8,0,0,0,9.4,0,0,"Ari","Home",37,"11/21/23",11
"Robert Woods","Hou","WR","L 21-24",9.2,0,0,0,0,0,0,2,40,0,3,0,0,0,6,0,0,"Jax","Home",72.5,"11/28/23",12
"Robert Woods","Hou","WR","W 22-17",7.4,0,0,0,0,0,0,0,0,0,0,0,0,0,0,0,0,"Den","Home",113,"12/5/23",13
"Robert Woods","Hou","WR","L 6-30",7.5,0,0,0,0,0,0,1,-2,0,3,0,0,0,0.8,0,0,"NYJ","Away",109,"12/12/23",14
"Robert Woods","Hou","WR","W 19-16",7.7,0,0,0,0,0,0,3,30,0,5,0,0,0,6,0,0,"Ten","Away",63.5,"12/19/23",15
"Robert Woods","Hou","WR","L 22-36",4.1,0,0,0,1,7,0,2,14,0,6,0,0,0,4.1,0,0,"Cle","Home",80,"12/26/23",16
"Robert Woods","Hou","WR","W 26-3",6.7,0,0,0,0,0,0,4,58,0,4,0,0,0,9.8,0,0,"Ten","Home",39.5,"1/2/24",17
"Rodney Williams","Pit","TE","W 17-10",NA,0,0,0,0,0,0,0,0,0,0,0,0,0,0,0,0,"Bal","Home",71,"10/10/23",5
"Rodney Williams","Pit","TE","W 24-17",0,0,0,0,0,0,0,0,0,0,0,0,0,0,0,0,0,"LAR","Away",62,"10/24/23",7
"Rodney Williams","Pit","TE","L 10-20",0,0,0,0,0,0,0,0,0,0,2,0,0,0,0,0,0,"Jax","Home",73,"10/31/23",8
"Rodney Williams","Pit","TE","W 20-16",0,0,0,0,0,0,0,0,0,0,0,0,0,0,0,0,0,"Ten","Home",68,"11/7/23",9
"Rodney Williams","Pit","TE","W 23-19",0,0,0,0,0,0,0,0,0,0,0,0,0,0,0,0,0,"GB","Home",69.5,"11/14/23",10
"Rodney Williams","Pit","TE","L 10-13",0,0,0,0,0,0,0,0,0,0,0,0,0,0,0,0,0,"Cle","Away",67,"11/21/23",11
"Rodney Williams","Pit","TE","W 16-10",0,0,0,0,0,0,0,0,0,0,0,0,0,0,0,0,0,"Cin","Away",78,"11/28/23",12
"Rodney Williams","Pit","TE","L 10-24",0,0,0,0,0,0,0,0,0,0,0,0,0,0,0,0,0,"Ari","Home",66,"12/5/23",13
"Rodney Williams","Pit","TE","L 18-21",0,0,0,0,0,0,0,0,0,0,0,0,0,0,0,0,0,"NE","Home",73,"12/12/23",14
"Rodney Williams","Pit","TE","L 13-30",0,0,0,0,0,0,0,0,0,0,0,0,0,0,0,0,0,"Ind","Away",81.5,"12/19/23",15
"Rodney Williams","Pit","TE","W 34-11",0,0,0,0,0,0,0,0,0,0,0,0,0,0,0,0,0,"Cin","Home",78,"12/26/23",16
"Rodney Williams","Pit","TE","W 30-23",0,0,0,0,0,0,0,0,0,0,0,0,0,0,0,0,0,"Sea","Away",76,"1/2/24",17
"Rodney Williams","Pit","TE","W 17-10",0,0,0,0,0,0,0,0,0,0,0,0,0,0,0,0,0,"Bal","Away",76.5,"1/9/24",18
"Romeo Doubs","GB","WR","W 38-20",9.9,0,0,0,0,0,0,4,26,2,5,0,0,0,18.6,0,0,"Chi","Away",13.5,"9/12/23",1
"Romeo Doubs","GB","WR","L 24-25",10,0,0,0,0,0,0,2,30,0,3,0,0,0,5,0,0,"Atl","Away",83,"9/19/23",2
"Romeo Doubs","GB","WR","W 18-17",9.4,0,0,0,0,0,0,5,73,1,12,0,0,0,18.3,0,0,"NO","Home",17,"9/26/23",3
"Romeo Doubs","GB","WR","L 20-34",9,0,0,0,0,0,0,9,95,0,13,0,0,0,18.5,0,0,"Det","Home",11,"10/3/23",4
"Romeo Doubs","GB","WR","L 13-17",10.9,0,0,0,0,0,0,1,4,0,4,0,0,0,1.4,0,0,"LV","Away",100,"10/10/23",5
"Romeo Doubs","GB","WR","L 17-19",9.8,0,0,0,0,0,0,2,30,1,5,0,0,0,11,0,0,"Den","Away",33,"10/24/23",7
"Romeo Doubs","GB","WR","L 10-24",8.3,0,0,0,0,0,0,4,18,1,9,0,0,0,11.8,0,0,"Min","Home",38,"10/31/23",8
"Romeo Doubs","GB","WR","W 20-3",9,0,0,0,0,0,0,3,36,0,3,0,0,0,6.6,0,0,"LAR","Home",50.5,"11/7/23",9
"Romeo Doubs","GB","WR","L 19-23",8,0,0,0,0,0,0,3,31,1,5,0,0,0,12.1,0,0,"Pit","Away",29.5,"11/14/23",10
"Romeo Doubs","GB","WR","W 23-20",8.2,0,0,0,0,0,0,5,53,1,6,0,0,0,16.3,0,0,"LAC","Home",16.5,"11/21/23",11
"Romeo Doubs","GB","WR","W 29-22",9.8,0,0,0,0,0,0,3,37,0,4,0,0,0,6.7,0,0,"Det","Away",63,"11/28/23",12
"Romeo Doubs","GB","WR","W 27-19",9.6,0,0,0,0,0,0,4,72,0,5,0,0,0,11.2,0,0,"KC","Home",32,"12/5/23",13
"Romeo Doubs","GB","WR","L 22-24",10.9,0,0,0,0,0,0,4,32,0,7,0,0,0,7.2,0,0,"NYG","Away",46.5,"12/12/23",14
"Romeo Doubs","GB","WR","L 20-34",10.8,0,0,0,0,0,0,3,30,0,3,0,0,0,6,0,0,"TB","Home",63.5,"12/19/23",15
"Romeo Doubs","GB","WR","W 33-30",10.3,0,0,0,0,0,0,4,79,1,5,0,0,0,17.9,0,0,"Car","Away",19.5,"12/26/23",16
"Romeo Doubs","GB","WR","W 33-10",9.3,0,0,0,0,0,0,3,28,0,6,0,0,0,5.8,0,0,"Min","Away",63.5,"1/2/24",17
"Romeo Doubs","GB","WR","W 17-9",9.9,0,0,0,0,0,0,0,0,0,1,0,0,0,0,0,0,"Chi","Home",142.5,"1/9/24",18
"Rondale Moore","Ari","WR","L 16-20",8.9,0,0,0,2,12,0,3,33,0,3,0,0,0,7.5,0,0,"Wsh","Away",53,"9/12/23",1
"Rondale Moore","Ari","WR","L 28-31",8,0,0,0,0,0,0,1,14,0,1,0,0,0,2.4,0,0,"NYG","Home",100.5,"9/19/23",2
"Rondale Moore","Ari","WR","W 28-16",6,0,0,0,3,54,1,4,8,0,6,0,0,0,16.2,0,0,"Dal","Home",24,"9/26/23",3
"Rondale Moore","Ari","WR","L 16-35",8.2,0,0,0,0,0,0,0,0,0,2,0,0,0,0,0,0,"SF","Away",143,"10/3/23",4
"Rondale Moore","Ari","WR","L 20-34",7.2,0,0,0,3,50,0,3,26,0,5,0,0,0,10.6,0,0,"Cin","Home",30,"10/10/23",5
"Rondale Moore","Ari","WR","L 9-26",8.1,0,0,0,3,-4,0,4,30,0,7,0,0,0,6.6,0,0,"LAR","Away",57,"10/17/23",6
"Rondale Moore","Ari","WR","L 10-20",8.5,0,0,0,4,24,0,2,2,0,4,0,0,0,4.6,0,0,"Sea","Away",62,"10/24/23",7
"Rondale Moore","Ari","WR","L 24-31",8.8,0,0,0,2,11,0,2,10,0,3,0,0,0,4.1,0,0,"Bal","Home",88,"10/31/23",8
"Rondale Moore","Ari","WR","L 0-27",8.6,0,0,0,4,3,0,1,5,0,2,0,0,0,1.8,0,0,"Cle","Away",94.5,"11/7/23",9
"Rondale Moore","Ari","WR","W 25-23",7.8,0,0,0,0,0,0,5,43,0,8,0,0,0,9.3,0,0,"Atl","Home",38.5,"11/14/23",10
"Rondale Moore","Ari","WR","L 16-21",9.7,0,0,0,2,6,0,1,48,1,1,0,0,0,12.4,0,0,"Hou","Away",25.5,"11/21/23",11
"Rondale Moore","Ari","WR","L 14-37",8.4,0,0,0,0,0,0,2,35,0,3,0,0,0,5.5,0,0,"LAR","Home",75.5,"11/28/23",12
"Rondale Moore","Ari","WR","W 24-10",7.4,0,0,0,0,0,0,1,6,0,2,0,0,0,1.6,0,0,"Pit","Away",84,"12/5/23",13
"Rondale Moore","Ari","WR","L 29-45",5.4,0,0,0,1,3,0,2,5,0,3,0,0,0,2.8,0,0,"SF","Home",87,"12/19/23",15
"Rondale Moore","Ari","WR","L 16-27",6.3,0,0,0,1,6,0,2,30,0,3,0,0,0,5.6,0,0,"Chi","Away",72,"12/26/23",16
"Rondale Moore","Ari","WR","W 35-31",5.7,0,0,0,2,8,0,3,26,0,4,0,0,0,6.4,0,0,"Phi","Away",58,"1/2/24",17
"Rondale Moore","Ari","WR","L 20-21",6.7,0,0,0,1,5,0,4,31,0,5,0,0,0,7.6,0,0,"Sea","Home",49,"1/9/24",18
"Ronnie Bell","SF","WR","W 30-7",0.6,0,0,0,0,0,0,0,0,0,0,0,0,0,0,0,0,"Pit","Away",135,"9/12/23",1
"Ronnie Bell","SF","WR","W 30-23",0.7,0,0,0,0,0,0,0,0,0,0,0,0,0,0,0,0,"LAR","Away",145,"9/19/23",2
"Ronnie Bell","SF","WR","W 30-12",5.5,0,0,0,0,0,0,2,24,1,2,0,0,0,10.4,0,0,"NYG","Home",44,"9/26/23",3
"Ronnie Bell","SF","WR","W 35-16",3.7,0,0,0,0,0,0,1,7,0,1,0,0,0,1.7,0,0,"Ari","Home",110.5,"10/3/23",4
"Ronnie Bell","SF","WR","W 42-10",0.5,0,0,0,0,0,0,0,0,0,1,0,0,0,0,0,0,"Dal","Home",124.5,"10/10/23",5
"Ronnie Bell","SF","WR","L 17-19",1,0,0,0,0,0,0,0,0,0,0,0,0,0,0,0,0,"Cle","Away",128,"10/17/23",6
"Ronnie Bell","SF","WR","L 17-22",2,0,0,0,0,0,0,0,0,0,0,0,0,0,0,0,0,"Min","Away",116,"10/24/23",7
"Ronnie Bell","SF","WR","L 17-31",0.5,0,0,0,0,0,0,0,0,0,0,0,0,0,0,0,0,"Cin","Home",138,"10/31/23",8
"Ronnie Bell","SF","WR","W 34-3",0,0,0,0,0,0,0,1,20,0,1,0,0,0,3,0,0,"Jax","Away",78,"11/14/23",10
"Ronnie Bell","SF","WR","W 27-14",0.8,0,0,0,0,0,0,0,0,0,0,0,0,0,0,0,0,"TB","Home",126,"11/21/23",11
"Ronnie Bell","SF","WR","W 31-13",0.6,0,0,0,0,0,0,0,0,0,0,0,0,0,0,0,0,"Sea","Away",149,"11/28/23",12
"Ronnie Bell","SF","WR","W 42-19",0.6,0,0,0,0,0,0,0,0,0,0,0,0,0,0,0,0,"Phi","Away",113,"12/5/23",13
"Ronnie Bell","SF","WR","W 28-16",0.6,0,0,0,0,0,0,0,0,0,0,0,0,0,0,0,0,"Sea","Home",134,"12/12/23",14
"Ronnie Bell","SF","WR","W 45-29",0.1,0,0,0,0,0,0,0,0,0,1,0,0,0,0,0,0,"Ari","Away",140,"12/19/23",15
"Ronnie Bell","SF","WR","L 19-33",4.2,0,0,0,0,0,0,1,12,1,1,0,0,0,8.2,0,0,"Bal","Home",50.5,"12/26/23",16
"Ronnie Bell","SF","WR","W 27-10",4.9,0,0,0,0,0,0,0,0,0,1,0,0,0,0,0,0,"Wsh","Away",137.5,"1/2/24",17
"Ronnie Bell","SF","WR","L 20-21",6.3,0,0,0,0,0,0,1,5,1,5,0,0,0,7.5,0,0,"LAR","Home",50,"1/9/24",18
"Ronnie Rivers","LAR","RB","W 30-13",1.9,0,0,0,0,0,0,0,0,0,0,0,0,0,0,0,0,"Sea","Away",96,"9/12/23",1
"Ronnie Rivers","LAR","RB","L 23-30",4.4,0,0,0,0,0,0,1,4,0,1,0,0,0,1.4,0,0,"SF","Home",65,"9/19/23",2
"Ronnie Rivers","LAR","RB","L 16-19",4.5,0,0,0,0,0,0,0,0,0,0,0,0,0,0,0,0,"Cin","Away",95.5,"9/26/23",3
"Ronnie Rivers","LAR","RB","W 29-23",4.4,0,0,0,9,47,0,2,10,0,2,0,0,0,7.7,0,0,"Ind","Away",31,"10/3/23",4
"Ronnie Rivers","LAR","RB","L 14-23",4.5,0,0,0,1,1,0,0,0,0,0,0,0,0,0.1,0,0,"Phi","Home",69,"10/10/23",5
"Ronnie Rivers","LAR","RB","W 26-9",5.2,0,0,0,3,9,0,1,4,0,1,0,0,0,2.3,0,0,"Ari","Home",58.5,"10/17/23",6
"Ronnie Rivers","LAR","RB","W 30-22",0,0,0,0,6,20,0,0,0,0,0,0,0,0,2,0,0,"NO","Home",63.5,"12/26/23",16
"Ronnie Rivers","LAR","RB","W 26-25",4.5,0,0,0,0,0,0,1,4,0,1,0,0,0,1.4,0,0,"NYG","Away",72,"1/2/24",17
"Ronnie Rivers","LAR","RB","W 21-20",7.5,0,0,0,13,52,0,0,0,0,0,0,0,0,5.2,0,0,"SF","Away",44.5,"1/9/24",18
"Roschon Johnson","Chi","RB","L 20-38",2.2,0,0,0,5,20,1,6,35,0,7,0,0,0,17.5,0,0,"GB","Home",8,"9/12/23",1
"Roschon Johnson","Chi","RB","L 17-27",8.1,0,0,0,4,32,0,2,10,0,2,0,0,0,6.2,0,0,"TB","Away",39,"9/19/23",2
"Roschon Johnson","Chi","RB","L 10-41",8.3,0,0,0,8,38,0,2,11,0,2,0,0,0,6.9,0,0,"KC","Away",36,"9/26/23",3
"Roschon Johnson","Chi","RB","L 28-31",11.1,0,0,0,5,13,0,1,2,0,1,0,0,0,2.5,0,0,"Den","Home",62,"10/3/23",4
"Roschon Johnson","Chi","RB","W 40-20",7.3,0,0,0,3,19,0,0,0,0,0,0,0,0,1.9,0,0,"Wsh","Away",55,"10/10/23",5
"Roschon Johnson","Chi","RB","L 13-30",10,0,0,0,6,21,0,3,10,0,4,0,0,0,6.1,0,0,"LAC","Away",43,"10/31/23",8
"Roschon Johnson","Chi","RB","L 17-24",9.5,0,0,0,2,6,0,1,9,0,1,0,0,0,2.5,0,0,"NO","Away",54.5,"11/7/23",9
"Roschon Johnson","Chi","RB","W 16-13",7.4,0,0,0,5,18,0,4,14,0,6,0,0,0,7.2,0,0,"Car","Home",37,"11/14/23",10
"Roschon Johnson","Chi","RB","L 26-31",5.8,0,0,0,6,30,0,0,0,0,0,0,0,0,3,0,0,"Det","Away",49,"11/21/23",11
"Roschon Johnson","Chi","RB","W 12-10",6.6,0,0,0,10,35,0,5,40,0,5,0,0,0,12.5,0,0,"Min","Away",21,"11/28/23",12
"Roschon Johnson","Chi","RB","W 28-13",9.4,0,0,0,1,6,0,0,0,0,0,0,0,0,0.6,0,0,"Det","Home",74.5,"12/12/23",14
"Roschon Johnson","Chi","RB","L 17-20",5.1,0,0,0,5,36,0,4,24,0,6,0,0,0,10,0,0,"Cle","Away",24,"12/19/23",15
"Roschon Johnson","Chi","RB","W 27-16",10.9,0,0,0,9,37,0,3,16,0,3,0,0,0,8.3,0,0,"Ari","Home",40,"12/26/23",16
"Roschon Johnson","Chi","RB","W 37-17",9.6,0,0,0,7,21,1,3,38,0,3,0,0,0,14.9,0,0,"Atl","Home",17,"1/2/24",17
"Roschon Johnson","Chi","RB","L 9-17",8.7,0,0,0,5,20,0,0,0,0,0,0,0,0,2,0,0,"GB","Away",57,"1/9/24",18
"Ross Dwelley","SF","TE","W 30-7",1,0,0,0,0,0,0,0,0,0,0,0,0,0,0,0,0,"Pit","Away",75,"9/12/23",1
"Ross Dwelley","SF","TE","W 30-23",0.4,0,0,0,0,0,0,0,0,0,0,0,0,0,0,0,0,"LAR","Away",76,"9/19/23",2
"Ross Dwelley","SF","TE","W 30-12",0,0,0,0,0,0,0,0,0,0,0,0,0,0,0,0,0,"NYG","Home",79,"9/26/23",3
"Ross Dwelley","SF","TE","W 35-16",0,0,0,0,0,0,0,0,0,0,0,0,0,0,0,0,0,"Ari","Home",79.5,"10/3/23",4
"Ross Dwelley","SF","TE","W 42-10",0,0,0,0,0,0,0,0,0,0,0,0,0,0,0,0,0,"Dal","Home",71,"10/10/23",5
"Ross Dwelley","SF","TE","L 17-19",0,0,0,0,0,0,0,0,0,0,1,0,0,0,0,0,0,"Cle","Away",72,"10/17/23",6
"Ross Dwelley","SF","TE","L 17-22",0.5,0,0,0,0,0,0,1,12,0,1,0,0,0,2.2,0,0,"Min","Away",32,"10/24/23",7
"Ross Dwelley","SF","TE","L 17-31",1.6,0,0,0,0,0,0,0,0,0,0,0,0,0,0,0,0,"Cin","Home",73,"10/31/23",8
"Ross Dwelley","SF","TE","W 34-3",0.5,0,0,0,0,0,0,0,0,0,0,0,0,0,0,0,0,"Jax","Away",69.5,"11/14/23",10
"Ross Dwelley","SF","TE","W 27-14",0.3,0,0,0,0,0,0,0,0,0,0,0,0,0,0,0,0,"TB","Home",67,"11/21/23",11
"Ross Dwelley","SF","TE","W 31-13",0,0,0,0,0,0,0,0,0,0,0,0,0,0,0,0,0,"Sea","Away",78,"11/28/23",12
"Ross Dwelley","SF","TE","W 42-19",0,0,0,0,0,0,0,0,0,0,0,0,0,0,0,0,0,"Phi","Away",66,"12/5/23",13
"Royce Freeman","LAR","RB","L 23-30",3.4,0,0,0,0,0,0,0,0,0,0,0,0,0,0,0,0,"SF","Home",96,"9/19/23",2
"Royce Freeman","LAR","RB","L 16-19",0,0,0,0,0,0,0,0,0,0,0,0,0,0,0,0,0,"Cin","Away",95.5,"9/26/23",3
"Royce Freeman","LAR","RB","W 29-23",0,0,0,0,0,0,0,0,0,0,0,0,0,0,0,0,0,"Ind","Away",93.5,"10/3/23",4
"Royce Freeman","LAR","RB","L 17-24",8.2,0,0,0,12,66,0,0,0,0,0,0,0,0,6.6,0,0,"Pit","Home",32,"10/24/23",7
"Royce Freeman","LAR","RB","L 20-43",8.3,0,0,0,9,44,1,0,0,0,0,0,0,0,10.4,0,0,"Dal","Away",23,"10/31/23",8
"Royce Freeman","LAR","RB","L 3-20",7.5,0,0,0,12,32,0,0,0,0,1,0,0,0,3.2,0,0,"GB","Away",47.5,"11/7/23",9
"Royce Freeman","LAR","RB","W 17-16",9,0,0,0,17,73,0,0,0,0,0,0,0,0,7.3,0,0,"Sea","Home",28.5,"11/21/23",11
"Royce Freeman","LAR","RB","W 37-14",7.7,0,0,0,13,77,1,0,0,0,0,0,0,0,13.7,0,0,"Ari","Away",16,"11/28/23",12
"Royce Freeman","LAR","RB","W 36-19",6.7,0,0,0,1,0,0,0,0,0,0,0,0,0,0,0,0,"Cle","Home",72,"12/5/23",13
"Royce Freeman","LAR","RB","L 31-37",3.4,0,0,0,3,9,0,0,0,0,0,0,0,0,0.9,0,0,"Bal","Away",66,"12/12/23",14
"Royce Freeman","LAR","RB","W 28-20",3,0,0,0,6,16,0,0,0,0,0,0,0,0,1.6,0,0,"Wsh","Home",71,"12/19/23",15
"Royce Freeman","LAR","RB","W 30-22",2.8,0,0,0,0,0,0,0,0,0,0,0,0,0,0,0,0,"NO","Home",92,"12/26/23",16
"Royce Freeman","LAR","RB","W 26-25",0,0,0,0,0,0,0,0,0,0,0,0,0,0,0,0,0,"NYG","Away",92.5,"1/2/24",17
"Royce Freeman","LAR","RB","W 21-20",4.4,0,0,0,4,2,0,1,13,0,1,0,0,0,2.5,0,0,"SF","Away",53,"1/9/24",18
"Russell Wilson","Den","QB","L 16-17",18.6,177,2,0,1,1,0,0,0,0,0,0,0,0,15.18,27,34,"LV","Home",12.5,"9/12/23",1
"Russell Wilson","Den","QB","L 33-35",15.8,308,3,1,6,56,0,0,0,0,0,0,1,0,25.92,18,32,"Wsh","Home",3,"9/19/23",2
"Russell Wilson","Den","QB","L 20-70",17,306,1,1,0,0,0,0,0,0,0,0,0,0,14.24,23,38,"Mia","Away",20,"9/26/23",3
"Russell Wilson","Den","QB","W 31-28",18.6,223,3,0,4,13,0,0,0,0,0,0,0,0,22.22,21,28,"Chi","Away",9,"10/3/23",4
"Russell Wilson","Den","QB","L 21-31",17.7,196,2,0,7,49,0,0,0,0,0,0,1,0,18.74,20,31,"NYJ","Home",11,"10/10/23",5
"Russell Wilson","Den","QB","L 8-19",16.7,95,1,2,4,31,0,0,0,0,0,0,0,0,6.9,13,22,"KC","Away",25,"10/17/23",6
"Russell Wilson","Den","QB","W 19-17",16.2,194,1,0,1,21,0,0,0,0,0,0,0,0,13.86,20,29,"GB","Home",16,"10/24/23",7
"Russell Wilson","Den","QB","W 24-9",15.5,114,3,0,8,30,0,0,0,0,0,0,1,0,17.56,12,19,"KC","Home",14,"10/31/23",8
"Russell Wilson","Den","QB","W 24-22",16.2,193,2,0,9,30,0,0,0,0,0,0,0,0,18.72,24,29,"Buf","Away",10,"11/14/23",10
"Russell Wilson","Den","QB","W 21-20",15.1,259,1,0,2,1,0,0,0,0,0,0,0,0,14.46,27,35,"Min","Home",17,"11/21/23",11
"Russell Wilson","Den","QB","W 29-12",14.4,134,1,0,11,34,1,0,0,0,0,0,1,0,16.76,13,22,"Cle","Home",12,"11/28/23",12
"Russell Wilson","Den","QB","L 17-22",16.9,186,1,3,10,44,1,0,0,0,0,0,0,0,15.84,15,26,"Hou","Away",15,"12/5/23",13
"Russell Wilson","Den","QB","W 24-7",16.6,224,2,1,6,5,0,0,0,0,0,0,0,0,15.46,21,33,"LAC","Away",17,"12/12/23",14
"Russell Wilson","Den","QB","L 17-42",17.1,223,1,0,7,6,1,0,0,0,0,0,1,0,17.52,18,32,"Det","Away",11,"12/19/23",15
"Russell Wilson","Den","QB","L 23-26",15.4,238,2,0,4,20,0,0,0,0,0,0,0,0,23.52,25,37,"NE","Home",6,"12/26/23",16
"Ryan Miller","TB","WR","W 21-18",NA,0,0,0,0,0,0,0,0,0,0,0,0,0,0,0,0,"Car","Home",113,"12/5/23",13
"Ryan Tannehill","Ten","QB","L 15-16",14.5,198,0,3,3,5,0,0,0,0,0,0,0,0,2.42,16,34,"NO","Away",31,"9/12/23",1
"Ryan Tannehill","Ten","QB","W 27-24",15.4,246,1,0,1,12,1,0,0,0,0,0,0,0,21.04,20,24,"LAC","Home",15,"9/19/23",2
"Ryan Tannehill","Ten","QB","L 3-27",13.3,104,0,0,0,0,0,0,0,0,0,0,0,0,4.16,13,25,"Cle","Away",31,"9/26/23",3
"Ryan Tannehill","Ten","QB","W 27-3",13.8,240,1,1,6,11,0,0,0,0,0,0,0,0,12.7,18,25,"Cin","Home",20,"10/3/23",4
"Ryan Tannehill","Ten","QB","L 16-23",14.4,264,0,1,2,12,0,0,0,0,0,0,0,0,9.76,23,34,"Ind","Away",21,"10/10/23",5
"Ryan Tannehill","Ten","QB","L 16-24",13.3,76,0,1,0,0,0,0,0,0,0,0,0,0,1.04,8,16,"Bal","Home",33,"10/17/23",6
"Ryan Tannehill","Ten","QB","L 28-31",0,0,0,0,0,0,0,0,0,0,0,0,0,0,0,0,0,"Ind","Home",33.5,"12/5/23",13
"Ryan Tannehill","Ten","QB","L 17-20",14.8,152,0,0,2,37,0,0,0,0,0,0,0,0,9.78,18,26,"Sea","Home",26,"12/26/23",16
"Ryan Tannehill","Ten","QB","L 3-26",0,168,0,0,0,0,0,0,0,0,0,0,0,0,6.72,16,20,"Hou","Away",30,"1/2/24",17
"Ryan Tannehill","Ten","QB","W 28-20",13.6,168,2,1,3,-3,0,0,0,0,1,0,0,0,12.42,17,26,"Jax","Home",21,"1/9/24",18
"Salvon Ahmed","Mia","RB","W 36-34",7,0,0,0,3,11,0,0,0,0,3,0,0,0,1.1,0,0,"LAC","Away",73.5,"9/12/23",1
"Salvon Ahmed","Mia","RB","W 24-17",4.7,0,0,0,3,13,0,3,28,0,3,0,0,0,7.1,0,0,"NE","Away",34,"9/19/23",2
"Salvon Ahmed","Mia","RB","L 20-48",0,0,0,0,0,0,0,0,0,0,0,0,0,0,0,0,0,"Buf","Away",93.5,"10/3/23",4
"Salvon Ahmed","Mia","RB","W 31-16",0,0,0,0,0,0,0,0,0,0,1,0,0,0,0,0,0,"NYG","Home",81,"10/10/23",5
"Salvon Ahmed","Mia","RB","W 42-21",9.6,0,0,0,6,23,1,3,11,0,5,0,0,0,12.4,0,0,"Car","Home",19,"10/17/23",6
"Salvon Ahmed","Mia","RB","L 17-31",4,0,0,0,2,3,0,1,0,0,2,0,0,0,1.3,0,0,"Phi","Away",56,"10/24/23",7
"Salvon Ahmed","Mia","RB","W 31-17",4.2,0,0,0,2,1,0,4,16,0,4,0,0,0,5.7,0,0,"NE","Home",46.5,"10/31/23",8
"Salvon Ahmed","Mia","RB","L 14-21",4.7,0,0,0,3,4,0,2,8,0,3,0,0,0,3.2,0,0,"KC","Away",47.5,"11/7/23",9
"Salvon Ahmed","Mia","RB","W 20-13",2.8,0,0,0,3,6,0,3,25,1,3,0,0,0,12.1,0,0,"LV","Home",19,"11/21/23",11
"Sam Darnold","SF","QB","W 30-7",0,0,0,0,2,-2,0,0,0,0,0,0,0,0,-0.2,0,0,"Pit","Away",40,"9/12/23",1
"Sam Darnold","SF","QB","W 30-12",0,0,0,0,1,-1,0,0,0,0,0,0,0,0,-0.1,0,0,"NYG","Home",40,"9/26/23",3
"Sam Darnold","SF","QB","W 35-16",0,0,0,0,1,-1,0,0,0,0,0,0,0,0,-0.1,0,0,"Ari","Home",40,"10/3/23",4
"Sam Darnold","SF","QB","W 42-10",0,1,0,0,1,-1,0,0,0,0,0,0,0,0,-0.06,1,1,"Dal","Home",34,"10/10/23",5
"Sam Darnold","SF","QB","W 34-3",0,6,0,0,3,-3,0,0,0,0,0,0,0,0,-0.06,1,2,"Jax","Away",36,"11/14/23",10
"Sam Darnold","SF","QB","W 42-19",0,0,0,0,1,-1,0,0,0,0,0,0,0,0,-0.1,0,0,"Phi","Away",35,"12/5/23",13
"Sam Darnold","SF","QB","W 28-16",0,0,0,0,0,0,0,0,0,0,0,0,0,0,0,0,0,"Sea","Home",36,"12/12/23",14
"Sam Darnold","SF","QB","W 45-29",0,20,0,0,2,-2,0,0,0,0,0,0,0,0,0.6,2,3,"Ari","Away",33,"12/19/23",15
"Sam Darnold","SF","QB","L 19-33",0,81,1,1,1,9,0,0,0,0,0,0,0,0,6.14,8,14,"Bal","Home",32,"12/26/23",16
"Sam Darnold","SF","QB","W 27-10",0,0,0,0,2,-2,0,0,0,0,0,0,0,0,-0.2,0,0,"Wsh","Away",37.5,"1/2/24",17
"Sam Darnold","SF","QB","L 20-21",13.3,189,1,0,7,19,1,0,0,0,0,0,1,0,17.46,16,26,"LAR","Home",14,"1/9/24",18
"Sam Ehlinger","Ind","QB","W 27-20",0,0,0,0,0,0,0,0,0,0,0,0,0,0,0,0,0,"TB","Home",36,"11/28/23",12
"Sam Ehlinger","Ind","QB","L 14-34",0,0,0,0,0,0,0,0,0,0,0,0,0,0,0,0,0,"Cin","Away",36,"12/12/23",14
"Sam Ehlinger","Ind","QB","L 10-29",0,0,0,0,0,0,0,0,0,0,0,0,0,0,0,0,0,"Atl","Away",37,"12/26/23",16
"Sam Howell","Wsh","QB","W 20-16",16.6,202,1,1,2,11,1,0,0,0,0,0,1,0,15.18,19,31,"Ari","Home",12.5,"9/12/23",1
"Sam Howell","Wsh","QB","W 35-33",14.9,299,2,0,2,13,0,0,0,0,0,0,0,0,21.26,27,39,"Den","Away",13,"9/19/23",2
"Sam Howell","Wsh","QB","L 3-37",15,170,0,4,1,18,0,0,0,0,0,0,0,0,0.6,19,29,"Buf","Home",34,"9/26/23",3
"Sam Howell","Wsh","QB","L 31-34",14.1,290,1,0,6,40,0,0,0,0,0,0,0,0,19.6,29,41,"Phi","Away",12,"10/3/23",4
"Sam Howell","Wsh","QB","L 20-40",16.3,388,2,1,4,19,0,0,0,0,0,0,0,0,25.42,37,51,"Chi","Home",7,"10/10/23",5
"Sam Howell","Wsh","QB","W 24-16",14,151,3,0,4,3,0,0,0,0,0,0,0,0,18.34,14,23,"Atl","Away",6,"10/17/23",6
"Sam Howell","Wsh","QB","L 7-14",15.6,249,0,1,2,15,0,0,0,0,0,0,0,0,9.46,22,42,"NYG","Away",23,"10/24/23",7
"Sam Howell","Wsh","QB","L 31-38",15.5,397,4,1,3,11,0,0,0,0,0,0,0,0,30.98,39,52,"Phi","Home",1,"10/31/23",8
"Sam Howell","Wsh","QB","W 20-17",16.5,325,1,1,5,27,0,0,0,0,0,0,0,0,17.7,29,45,"NE","Away",9,"11/7/23",9
"Sam Howell","Wsh","QB","L 26-29",17.4,312,3,0,2,17,0,0,0,0,0,0,1,0,24.18,29,44,"Sea","Away",4,"11/14/23",10
"Sam Howell","Wsh","QB","L 19-31",18.1,255,1,3,3,35,1,0,0,0,0,0,0,0,17.7,31,45,"NYG","Home",11,"11/21/23",11
"Sam Howell","Wsh","QB","L 10-45",16.7,300,0,1,2,13,1,0,0,0,0,0,0,0,17.3,28,44,"Dal","Away",11,"11/28/23",12
"Sam Howell","Wsh","QB","L 15-45",16.5,127,0,1,4,21,2,0,0,0,0,0,0,0,19.18,12,23,"Mia","Home",10,"12/5/23",13
"Sam Howell","Wsh","QB","L 20-28",16,102,1,1,3,22,0,0,0,0,0,0,0,0,8.28,11,26,"LAR","Away",29,"12/19/23",15
"Sam Howell","Wsh","QB","L 28-30",13.3,56,0,2,0,0,0,0,0,0,0,0,0,0,-1.76,6,22,"NYJ","Away",39,"12/26/23",16
"Sam Howell","Wsh","QB","L 10-27",14.4,169,1,2,1,-1,0,0,0,0,0,0,0,0,6.66,17,28,"SF","Home",31,"1/2/24",17
"Sam Howell","Wsh","QB","L 10-38",14.4,153,1,2,4,-1,0,1,4,0,1,0,0,0,7.42,19,27,"Dal","Home",28,"1/9/24",18
"Sam LaPorta","Det","TE","W 21-20",7.4,0,0,0,0,0,0,5,39,0,5,0,0,0,8.9,0,0,"KC","Away",8,"9/12/23",1
"Sam LaPorta","Det","TE","L 31-37",8.6,0,0,0,0,0,0,5,63,0,6,0,0,0,11.3,0,0,"Sea","Home",8,"9/19/23",2
"Sam LaPorta","Det","TE","W 20-6",9,0,0,0,0,0,0,8,84,1,11,0,0,0,22.4,0,0,"Atl","Home",1,"9/26/23",3
"Sam LaPorta","Det","TE","W 34-20",10.7,0,0,0,0,0,0,4,56,0,5,0,0,0,9.6,0,0,"GB","Away",17,"10/3/23",4
"Sam LaPorta","Det","TE","W 42-24",10.5,0,0,0,0,0,0,3,47,2,4,0,0,0,19.7,0,0,"Car","Home",5,"10/10/23",5
"Sam LaPorta","Det","TE","W 20-6",10.4,0,0,0,0,0,0,4,36,0,11,0,0,0,7.6,0,0,"TB","Away",17,"10/17/23",6
"Sam LaPorta","Det","TE","L 6-38",12.3,0,0,0,0,0,0,6,52,0,7,0,0,0,11.2,0,0,"Bal","Away",10,"10/24/23",7
"Sam LaPorta","Det","TE","W 26-14",11.7,0,0,0,0,0,0,8,57,1,10,0,0,0,19.7,0,0,"LV","Home",5,"10/31/23",8
"Sam LaPorta","Det","TE","W 41-38",12.9,0,0,0,0,0,0,4,40,0,5,0,0,0,8,0,0,"LAC","Away",15.5,"11/14/23",10
"Sam LaPorta","Det","TE","W 31-26",11.6,0,0,0,0,0,0,3,18,0,5,0,0,0,6.8,0,0,"Chi","Home",19,"11/21/23",11
"Sam LaPorta","Det","TE","L 22-29",10.9,0,0,0,0,0,0,5,47,1,8,0,0,0,17.7,0,0,"GB","Home",3,"11/28/23",12
"Sam LaPorta","Det","TE","W 33-28",11.9,0,0,0,0,0,0,9,140,1,9,0,0,0,29,0,0,"NO","Away",1,"12/5/23",13
"Sam LaPorta","Det","TE","L 13-28",12.4,0,0,0,1,4,0,2,23,0,6,0,0,0,4.7,0,0,"Chi","Away",31,"12/12/23",14
"Sam LaPorta","Det","TE","W 42-17",12.1,0,0,0,0,0,0,5,56,3,6,0,0,0,28.6,0,0,"Den","Home",1,"12/19/23",15
"Sam LaPorta","Det","TE","W 30-24",13,0,0,0,0,0,0,3,18,0,3,0,0,0,4.8,0,0,"Min","Away",33,"12/26/23",16
"Sam LaPorta","Det","TE","L 19-20",13.2,0,0,0,0,0,0,7,84,0,12,0,0,0,15.4,0,0,"Dal","Away",5,"1/2/24",17
"Sam LaPorta","Det","TE","W 30-20",12.4,0,0,0,0,0,0,5,29,1,7,0,0,0,13.9,0,0,"Min","Home",3,"1/9/24",18
"Samaje Perine","Den","RB","L 16-17",11.5,0,0,0,8,41,0,4,37,0,4,0,0,0,11.8,0,0,"LV","Home",21.5,"9/12/23",1
"Samaje Perine","Den","RB","L 33-35",9.4,0,0,0,1,4,0,3,20,0,4,0,0,0,5.4,0,0,"Wsh","Home",43,"9/19/23",2
"Samaje Perine","Den","RB","L 20-70",10,0,0,0,3,9,0,2,15,0,3,0,0,0,4.4,0,0,"Mia","Away",51.5,"9/26/23",3
"Samaje Perine","Den","RB","W 31-28",8.8,0,0,0,6,12,0,2,23,0,2,0,0,0,5.5,0,0,"Chi","Away",42.5,"10/3/23",4
"Samaje Perine","Den","RB","L 21-31",11.7,0,0,0,6,22,0,4,73,0,5,0,1,0,11.5,0,0,"NYJ","Home",23,"10/10/23",5
"Samaje Perine","Den","RB","L 8-19",6.9,0,0,0,0,0,0,2,16,0,2,0,1,0,1.6,0,0,"KC","Away",67.5,"10/17/23",6
"Samaje Perine","Den","RB","W 19-17",4.3,0,0,0,2,10,0,3,31,0,3,0,0,0,7.1,0,0,"GB","Home",31,"10/24/23",7
"Samaje Perine","Den","RB","W 24-9",4.9,0,0,0,1,5,0,2,16,0,3,0,0,0,4.1,0,0,"KC","Home",56.5,"10/31/23",8
"Samaje Perine","Den","RB","W 24-22",5.9,0,0,0,1,8,0,3,35,0,3,0,0,0,7.3,0,0,"Buf","Away",35.5,"11/14/23",10
"Samaje Perine","Den","RB","W 21-20",5.2,0,0,0,1,7,0,7,60,0,7,0,0,0,13.7,0,0,"Min","Home",17,"11/21/23",11
"Samaje Perine","Den","RB","W 29-12",6.7,0,0,0,7,55,1,1,11,0,1,0,0,0,13.6,0,0,"Cle","Home",17,"11/28/23",12
"Samaje Perine","Den","RB","L 17-22",7.5,0,0,0,1,1,0,2,5,0,2,0,0,0,2.6,0,0,"Hou","Away",47,"12/5/23",13
"Samaje Perine","Den","RB","W 24-7",6.3,0,0,0,2,8,0,5,36,0,5,0,0,0,9.4,0,0,"LAC","Away",31.5,"12/12/23",14
"Samaje Perine","Den","RB","L 17-42",6.8,0,0,0,6,37,0,1,11,0,1,0,0,0,5.8,0,0,"Det","Away",44,"12/19/23",15
"Samaje Perine","Den","RB","L 23-26",6.4,0,0,0,1,2,0,4,27,0,5,0,0,0,6.9,0,0,"NE","Home",44,"12/26/23",16
"Samaje Perine","Den","RB","W 16-9",7.3,0,0,0,4,10,0,2,16,0,2,0,0,0,4.6,0,0,"LAC","Home",55,"1/2/24",17
"Samaje Perine","Den","RB","L 14-27",6.4,0,0,0,3,7,0,3,23,0,4,0,0,0,6,0,0,"LV","Away",41,"1/9/24",18
"Samori Toure","GB","WR","W 38-20",3.1,0,0,0,0,0,0,2,18,0,3,0,0,0,3.8,0,0,"Chi","Away",82,"9/12/23",1
"Samori Toure","GB","WR","L 24-25",3.1,0,0,0,0,0,0,1,6,0,2,0,0,0,1.6,0,0,"Atl","Away",110.5,"9/19/23",2
"Samori Toure","GB","WR","W 18-17",4.8,0,0,0,0,0,0,0,0,0,3,0,0,0,2,0,0,"NO","Home",102.5,"9/26/23",3
"Samori Toure","GB","WR","L 20-34",1.5,0,0,0,0,0,0,1,35,0,1,0,0,0,4.5,0,0,"Det","Home",76,"10/3/23",4
"Samori Toure","GB","WR","L 17-19",0,0,0,0,0,0,0,1,3,0,2,0,0,0,1.3,0,0,"Den","Away",94.5,"10/24/23",7
"Samori Toure","GB","WR","L 10-24",0.9,0,0,0,0,0,0,0,0,0,0,0,0,0,0,0,0,"Min","Home",138,"10/31/23",8
"Samori Toure","GB","WR","W 29-22",3.1,0,0,0,0,0,0,0,0,0,0,0,0,0,0,0,0,"Det","Away",149,"11/28/23",12
"Samori Toure","GB","WR","L 22-24",2.1,0,0,0,0,0,0,2,22,0,4,0,0,0,4.2,0,0,"NYG","Away",73.5,"12/12/23",14
"Samori Toure","GB","WR","W 33-30",2.6,0,0,0,0,0,0,0,0,0,2,0,0,0,0,0,0,"Car","Away",144.5,"12/26/23",16
"Samori Toure","GB","WR","W 33-10",2.6,0,0,0,0,0,0,1,-6,0,1,0,1,0,-1.6,0,0,"Min","Away",168,"1/2/24",17
"Saquon Barkley","NYG","RB","L 0-40",16.9,0,0,0,12,51,0,3,12,0,4,0,0,0,9.3,0,0,"Dal","Home",31,"9/12/23",1
"Saquon Barkley","NYG","RB","W 31-28",18.6,0,0,0,17,63,1,6,29,1,7,0,0,0,27.2,0,0,"Ari","Away",3,"9/19/23",2
"Saquon Barkley","NYG","RB","L 9-14",15.8,0,0,0,24,93,0,4,5,0,5,0,0,0,13.8,0,0,"Buf","Away",16,"10/17/23",6
"Saquon Barkley","NYG","RB","W 14-7",18.2,0,0,0,21,77,0,3,41,1,4,0,1,0,18.8,0,0,"Wsh","Home",9,"10/24/23",7
"Saquon Barkley","NYG","RB","L 10-13",16.8,0,0,0,36,128,0,3,0,0,5,0,0,0,15.8,0,0,"NYJ","Home",13,"10/31/23",8
"Saquon Barkley","NYG","RB","L 6-30",18.3,0,0,0,16,90,0,3,23,0,4,0,0,0,14.3,0,0,"LV","Away",14.5,"11/7/23",9
"Saquon Barkley","NYG","RB","L 17-49",16.7,0,0,0,13,66,0,1,-5,0,3,0,0,0,7.1,0,0,"Dal","Away",38,"11/14/23",10
"Saquon Barkley","NYG","RB","W 31-19",16.4,0,0,0,14,83,0,4,57,2,5,0,0,0,30,0,0,"Wsh","Away",1,"11/21/23",11
"Saquon Barkley","NYG","RB","W 10-7",16.4,0,0,0,12,46,0,1,6,0,3,0,0,0,6.2,0,0,"NE","Home",45,"11/28/23",12
"Saquon Barkley","NYG","RB","W 24-22",15.5,0,0,0,20,86,2,3,15,0,4,0,1,0,23.1,0,0,"GB","Home",4,"12/12/23",14
"Saquon Barkley","NYG","RB","L 6-24",18.2,0,0,0,9,14,0,2,23,0,2,0,0,0,5.7,0,0,"NO","Away",45,"12/19/23",15
"Saquon Barkley","NYG","RB","L 25-33",16.1,0,0,0,23,80,1,3,4,0,6,0,0,0,19.4,0,0,"Phi","Away",9,"12/26/23",16
"Saquon Barkley","NYG","RB","L 25-26",16.7,0,0,0,12,39,0,3,19,0,6,0,0,0,8.8,0,0,"LAR","Home",36.5,"1/2/24",17
"Saquon Barkley","NYG","RB","W 27-10",17.6,0,0,0,18,46,2,2,51,0,2,0,0,0,23.7,0,0,"Phi","Home",7,"1/9/24",18
"Scott Miller","Atl","WR","W 24-10",0.8,0,0,0,0,0,0,0,0,0,0,0,0,0,0,0,0,"Car","Home",135,"9/12/23",1
"Scott Miller","Atl","WR","W 25-24",1.1,0,0,0,0,0,0,0,0,0,0,0,0,0,0,0,0,"GB","Home",145,"9/19/23",2
"Scott Miller","Atl","WR","L 6-20",0.5,0,0,0,0,0,0,0,0,0,0,0,0,0,0,0,0,"Det","Away",141,"9/26/23",3
"Scott Miller","Atl","WR","L 7-23",0.4,0,0,0,0,0,0,0,0,0,0,0,0,0,0,0,0,"Jax","Away",143,"10/3/23",4
"Scott Miller","Atl","WR","W 21-19",0,0,0,0,0,0,0,2,10,0,2,0,0,0,3,0,0,"Hou","Home",76,"10/10/23",5
"Scott Miller","Atl","WR","L 16-24",0,0,0,0,0,0,0,1,4,0,2,0,0,0,1.4,0,0,"Wsh","Home",99,"10/17/23",6
"Scott Miller","Atl","WR","W 16-13",0.9,0,0,0,0,0,0,1,46,0,1,0,0,0,5.6,0,0,"TB","Away",59,"10/24/23",7
"Scott Miller","Atl","WR","L 23-28",1.3,0,0,0,0,0,0,2,14,1,2,0,0,0,9.4,0,0,"Ten","Away",52,"10/31/23",8
"Scott Miller","Atl","WR","L 28-31",2.9,0,0,0,0,0,0,0,0,0,0,0,0,0,0,0,0,"Min","Home",126.5,"11/7/23",9
"Scott Miller","Atl","WR","L 23-25",1.4,0,0,0,0,0,0,1,2,1,1,0,0,0,7.2,0,0,"Ari","Away",47.5,"11/14/23",10
"Scott Miller","Atl","WR","W 24-15",2.3,0,0,0,0,0,0,1,4,0,2,0,0,0,1.4,0,0,"NO","Home",116.5,"11/28/23",12
"Scott Miller","Atl","WR","W 13-8",2.8,0,0,0,0,0,0,0,0,0,0,0,0,0,0,0,0,"NYJ","Away",113,"12/5/23",13
"Scott Miller","Atl","WR","L 25-29",2.1,0,0,0,0,0,0,0,0,0,3,0,0,0,0,0,0,"TB","Home",134,"12/12/23",14
"Scott Miller","Atl","WR","L 7-9",1.9,0,0,0,0,0,0,0,0,0,0,0,0,0,0,0,0,"Car","Away",140,"12/19/23",15
"Scott Miller","Atl","WR","W 29-10",2.1,0,0,0,0,0,0,1,15,0,1,0,0,0,2.5,0,0,"Ind","Home",93.5,"12/26/23",16
"Scott Miller","Atl","WR","L 17-37",1.2,0,0,0,0,0,0,0,0,0,0,0,0,0,0,0,0,"Chi","Away",137.5,"1/2/24",17
"Scott Miller","Atl","WR","L 17-48",0.9,0,0,0,0,0,0,2,66,0,2,0,0,0,8.6,0,0,"NO","Away",45,"1/9/24",18
"Sean Clifford","GB","QB","W 38-20",0,0,0,0,1,0,0,0,0,0,0,0,0,0,0,0,0,"Chi","Away",36,"9/12/23",1
"Sean Clifford","GB","QB","W 33-10",0,37,0,0,2,-2,0,0,0,0,0,0,0,0,1.28,1,1,"Min","Away",34,"1/2/24",17
"Sean McKeon","Dal","TE","W 38-3",0,0,0,0,0,0,0,0,0,0,0,0,0,0,0,0,0,"NE","Home",79.5,"10/3/23",4
"Sean McKeon","Dal","TE","L 10-42",0,0,0,0,0,0,0,0,0,0,0,0,0,0,0,0,0,"SF","Away",71,"10/10/23",5
"Sean McKeon","Dal","TE","W 20-17",0.6,0,0,0,0,0,0,0,0,0,1,0,0,0,0,0,0,"LAC","Away",72,"10/17/23",6
"Sean McKeon","Dal","TE","W 43-20",0.6,0,0,0,0,0,0,0,0,0,1,0,0,0,0,0,0,"LAR","Home",73,"10/31/23",8
"Sean McKeon","Dal","TE","L 23-28",1.2,0,0,0,0,0,0,0,0,0,0,0,0,0,0,0,0,"Phi","Away",68,"11/7/23",9
"Sean McKeon","Dal","TE","W 49-17",0.6,0,0,0,0,0,0,0,0,0,0,0,0,0,0,0,0,"NYG","Home",69.5,"11/14/23",10
"Sean McKeon","Dal","TE","W 33-10",0.6,0,0,0,0,0,0,0,0,0,0,0,0,0,0,0,0,"Car","Away",67,"11/21/23",11
"Sean McKeon","Dal","TE","W 45-10",0.7,0,0,0,0,0,0,0,0,0,0,0,0,0,0,0,0,"Wsh","Home",78,"11/28/23",12
"Sean McKeon","Dal","TE","W 41-35",0,0,0,0,0,0,0,0,0,0,0,0,0,0,0,0,0,"Sea","Home",66,"12/5/23",13
"Sean Tucker","TB","RB","W 20-17",4.4,0,0,0,5,15,0,2,9,0,2,0,0,0,4.4,0,0,"Min","Away",48.5,"9/12/23",1
"Sean Tucker","TB","RB","W 27-17",5.3,0,0,0,8,7,0,0,0,0,0,0,0,0,0.7,0,0,"Chi","Home",70,"9/19/23",2
"Sean Tucker","TB","RB","L 11-25",5.3,0,0,0,2,1,0,0,0,0,0,0,0,0,0.1,0,0,"Phi","Home",81,"9/26/23",3
"Sean Tucker","TB","RB","W 26-9",4.4,0,0,0,0,0,0,0,0,0,0,0,0,0,0,0,0,"NO","Away",93.5,"10/3/23",4
"Sean Tucker","TB","RB","L 6-20",0,0,0,0,0,0,0,0,0,0,0,0,0,0,0,0,0,"Det","Home",93,"10/17/23",6
"Sean Tucker","TB","RB","L 13-16",0,0,0,0,0,0,0,0,0,0,0,0,0,0,0,0,0,"Atl","Home",76,"10/24/23",7
"Sean Tucker","TB","RB","W 20-6",2.2,0,0,0,0,0,0,0,0,0,0,0,0,0,0,0,0,"Ten","Home",83,"11/14/23",10
"Sean Tucker","TB","RB","L 14-27",0,0,0,0,0,0,0,0,0,0,0,0,0,0,0,0,0,"SF","Away",80,"11/21/23",11
"Sean Tucker","TB","RB","L 20-27",0,0,0,0,0,0,0,0,0,0,0,0,0,0,0,0,0,"Ind","Away",90,"11/28/23",12
"Sean Tucker","TB","RB","W 21-18",0,0,0,0,0,0,0,0,0,0,0,0,0,0,0,0,0,"Car","Home",72,"12/5/23",13
"Sean Tucker","TB","RB","W 29-25",0,0,0,0,0,0,0,0,0,0,0,0,0,0,0,0,0,"Atl","Away",89.5,"12/12/23",14
"Shedrick Jackson","Cin","WR","L 27-30",NA,0,0,0,0,0,0,0,0,0,0,0,0,0,0,0,0,"Hou","Home",123.5,"11/14/23",10
"Shedrick Jackson","Cin","WR","L 20-34",0,0,0,0,0,0,0,0,0,0,1,0,0,0,0,0,0,"Bal","Away",126,"11/21/23",11
"Shedrick Jackson","Cin","WR","L 11-34",0,0,0,0,0,0,0,0,0,0,0,0,0,0,0,0,0,"Pit","Away",144.5,"12/26/23",16
"Simi Fehoko","LAC","WR","W 24-17",2,0,0,0,0,0,0,0,0,0,0,0,0,0,0,0,0,"LV","Home",143,"10/3/23",4
"Simi Fehoko","LAC","WR","L 17-31",0,0,0,0,0,0,0,0,0,0,0,0,0,0,0,0,0,"KC","Away",116,"10/24/23",7
"Simi Fehoko","LAC","WR","W 30-13",0,0,0,0,0,0,0,1,9,1,2,0,0,0,7.9,0,0,"Chi","Home",57.5,"10/31/23",8
"Simi Fehoko","LAC","WR","W 27-6",4.6,0,0,0,0,0,0,0,0,0,0,0,0,0,0,0,0,"NYJ","Away",126.5,"11/7/23",9
"Simi Fehoko","LAC","WR","L 38-41",0.6,0,0,0,0,0,0,0,0,0,0,0,0,0,0,0,0,"Det","Home",123.5,"11/14/23",10
"Simi Fehoko","LAC","WR","L 20-23",2.3,0,0,0,0,0,0,0,0,0,0,0,0,0,0,0,0,"GB","Away",126,"11/21/23",11
"Skyy Moore","KC","WR","L 20-21",11.7,0,0,0,1,4,0,0,0,0,3,0,0,0,0.4,0,0,"Det","Home",108,"9/12/23",1
"Skyy Moore","KC","WR","W 17-9",8.4,0,0,0,0,0,0,3,70,1,4,0,0,0,16,0,0,"Jax","Away",29.5,"9/19/23",2
"Skyy Moore","KC","WR","W 41-10",7,0,0,0,0,0,0,4,42,0,6,0,0,0,8.2,0,0,"Chi","Home",57.5,"9/26/23",3
"Skyy Moore","KC","WR","W 23-20",7.8,0,0,0,2,19,0,0,0,0,2,0,0,0,1.9,0,0,"NYJ","Away",107,"10/3/23",4
"Skyy Moore","KC","WR","W 27-20",7,0,0,0,0,0,0,2,11,0,2,0,0,0,3.1,0,0,"Min","Away",75,"10/10/23",5
"Skyy Moore","KC","WR","W 19-8",6.4,0,0,0,0,0,0,2,22,0,4,0,0,0,4.2,0,0,"Den","Home",75,"10/17/23",6
"Skyy Moore","KC","WR","W 31-17",7.1,0,0,0,0,0,0,2,15,0,3,0,0,0,3.5,0,0,"LAC","Home",69,"10/24/23",7
"Skyy Moore","KC","WR","L 9-24",5.8,0,0,0,0,0,0,1,8,0,3,0,0,0,1.8,0,0,"Den","Away",104,"10/31/23",8
"Skyy Moore","KC","WR","W 21-14",5.8,0,0,0,0,0,0,2,33,0,3,0,0,0,5.3,0,0,"Mia","Home",60,"11/7/23",9
"Skyy Moore","KC","WR","L 17-21",5.4,0,0,0,0,0,0,1,4,0,2,0,0,0,1.4,0,0,"Phi","Home",102,"11/21/23",11
"Skyy Moore","KC","WR","W 31-17",6.1,0,0,0,0,0,0,3,34,0,3,0,0,0,6.4,0,0,"LV","Away",67.5,"11/28/23",12
"Skyy Moore","KC","WR","L 19-27",5.6,0,0,0,0,0,0,1,5,0,2,0,0,0,1.5,0,0,"GB","Away",85.5,"12/5/23",13
"Skyy Moore","KC","WR","L 17-20",4.8,0,0,0,0,0,0,0,0,0,1,0,0,0,0,0,0,"Buf","Home",134,"12/12/23",14
"Skyy Moore","KC","WR","W 27-17",3.3,0,0,0,0,0,0,0,0,0,0,0,0,0,0,0,0,"NE","Away",140,"12/19/23",15
"Stanley Morgan","Cin","WR","W 24-18",0,0,0,0,0,0,0,0,0,0,0,0,0,0,0,0,0,"Buf","Home",126.5,"11/7/23",9
"Stanley Morgan","Cin","WR","L 27-30",0,0,0,0,0,0,0,0,0,0,0,0,0,0,0,0,0,"Hou","Home",123.5,"11/14/23",10
"Stanley Morgan","Cin","WR","W 31-14",0,0,0,0,0,0,0,0,0,0,0,0,0,0,0,0,0,"Cle","Home",142.5,"1/9/24",18
"Stefon Diggs","Buf","WR","L 16-22",16,0,0,0,0,0,0,10,102,1,13,0,0,0,26.2,0,0,"NYJ","Away",4,"9/12/23",1
"Stefon Diggs","Buf","WR","W 38-10",17.9,0,0,0,0,0,0,7,66,0,7,0,0,0,13.6,0,0,"LV","Home",37.5,"9/19/23",2
"Stefon Diggs","Buf","WR","W 37-3",16.6,0,0,0,0,0,0,8,111,0,12,0,0,0,19.1,0,0,"Wsh","Away",13.5,"9/26/23",3
"Stefon Diggs","Buf","WR","W 48-20",17.8,0,0,0,0,0,0,6,120,3,7,0,0,0,36,0,0,"Mia","Home",2,"10/3/23",4
"Stefon Diggs","Buf","WR","L 20-25",18.1,0,0,0,0,0,0,8,121,1,11,0,1,0,24.1,0,0,"Jax","Home",6,"10/10/23",5
"Stefon Diggs","Buf","WR","W 14-9",18.8,0,0,0,0,0,0,10,100,0,16,0,0,0,20,0,0,"NYG","Home",8,"10/17/23",6
"Stefon Diggs","Buf","WR","L 25-29",19.5,0,0,0,0,0,0,6,58,1,12,0,0,0,17.8,0,0,"NE","Away",12,"10/24/23",7
"Stefon Diggs","Buf","WR","W 24-18",20.4,0,0,0,0,0,0,9,70,0,12,0,0,0,16,0,0,"TB","Home",21,"10/31/23",8
"Stefon Diggs","Buf","WR","L 18-24",22.9,0,0,0,0,0,0,6,86,1,7,0,0,0,22.6,0,0,"Cin","Away",5,"11/7/23",9
"Stefon Diggs","Buf","WR","L 22-24",20.8,0,0,0,0,0,0,3,34,0,5,0,0,0,6.4,0,0,"Den","Home",53.5,"11/14/23",10
"Stefon Diggs","Buf","WR","W 32-6",16.7,0,0,0,0,0,0,4,27,0,8,0,0,0,6.7,0,0,"NYJ","Home",53.5,"11/21/23",11
"Stefon Diggs","Buf","WR","L 34-37",17.7,0,0,0,0,0,0,6,74,1,11,0,0,0,19.4,0,0,"Phi","Away",15.5,"11/28/23",12
"Stefon Diggs","Buf","WR","W 20-17",16.3,0,0,0,0,0,0,4,24,0,11,0,0,0,6.4,0,0,"KC","Away",53,"12/12/23",14
"Stefon Diggs","Buf","WR","W 31-10",17.8,0,0,0,0,0,0,4,48,0,5,0,0,0,8.8,0,0,"Dal","Home",45,"12/19/23",15
"Stefon Diggs","Buf","WR","W 24-22",16.1,0,0,0,0,0,0,5,29,0,8,0,0,0,7.9,0,0,"LAC","Away",53,"12/26/23",16
"Stefon Diggs","Buf","WR","W 27-21",15.6,0,0,0,1,5,0,4,26,0,7,0,0,0,7.1,0,0,"NE","Home",55.5,"1/2/24",17
"Stefon Diggs","Buf","WR","W 21-14",16.1,0,0,0,0,0,0,7,87,0,8,0,0,0,15.7,0,0,"Mia","Away",20.5,"1/9/24",18
"Stephen Anderson","LAC","TE","W 6-0",0,0,0,0,0,0,0,0,0,0,0,0,0,0,0,0,0,"NE","Away",66,"12/5/23",13
"Stephen Anderson","LAC","TE","L 7-24",0,0,0,0,0,0,0,0,0,0,0,0,0,0,0,0,0,"Den","Home",73,"12/12/23",14
"Stephen Anderson","LAC","TE","L 21-63",0,0,0,0,0,0,0,0,0,0,0,0,0,0,0,0,0,"LV","Away",81.5,"12/19/23",15
"Stephen Carlson","Chi","TE","W 16-13",NA,0,0,0,0,0,0,0,0,0,0,0,0,0,0,0,0,"Car","Home",69.5,"11/14/23",10
"Stephen Sullivan","Car","TE","L 21-42",1.2,0,0,0,0,0,0,0,0,0,0,0,0,0,0,0,0,"Mia","Away",72,"10/17/23",6
"Stephen Sullivan","Car","TE","W 15-13",0.6,0,0,0,0,0,0,1,13,0,1,0,0,0,2.3,0,0,"Hou","Home",37,"10/31/23",8
"Stephen Sullivan","Car","TE","L 13-27",1.7,0,0,0,0,0,0,4,28,0,5,0,0,0,6.8,0,0,"Ind","Home",24,"11/7/23",9
"Stephen Sullivan","Car","TE","L 10-33",1.1,0,0,0,0,0,0,1,20,0,1,0,0,0,3,0,0,"Dal","Home",33,"11/21/23",11
"Stephen Sullivan","Car","TE","L 10-17",1.6,0,0,0,0,0,0,1,13,0,1,0,0,0,2.3,0,0,"Ten","Away",41,"11/28/23",12
"Stephen Sullivan","Car","TE","L 18-21",4.8,0,0,0,0,0,0,1,16,0,2,0,0,0,2.6,0,0,"TB","Away",32.5,"12/5/23",13
"Stephen Sullivan","Car","TE","L 6-28",2,0,0,0,0,0,0,0,0,0,4,0,0,0,0,0,0,"NO","Away",73,"12/12/23",14
"Stephen Sullivan","Car","TE","W 9-7",4,0,0,0,0,0,0,1,14,0,1,0,0,0,2.4,0,0,"Atl","Home",49,"12/19/23",15
"Stephen Sullivan","Car","TE","L 30-33",2.9,0,0,0,0,0,0,3,21,0,5,0,0,0,5.1,0,0,"GB","Home",32,"12/26/23",16
"Stephen Sullivan","Car","TE","L 0-26",4.1,0,0,0,0,0,0,0,0,0,2,0,0,0,0,0,0,"Jax","Away",76,"1/2/24",17
"Stephen Sullivan","Car","TE","L 0-9",3.3,0,0,0,0,0,0,0,0,0,2,0,0,0,0,0,0,"TB","Home",76.5,"1/9/24",18
"Sterling Shepard","NYG","WR","L 0-40",5.5,0,0,0,0,0,0,0,0,0,1,0,0,0,0,0,0,"Dal","Home",135,"9/12/23",1
"Sterling Shepard","NYG","WR","W 31-28",2.7,0,0,0,0,0,0,1,4,0,1,0,0,0,1.4,0,0,"Ari","Away",116,"9/19/23",2
"Sterling Shepard","NYG","WR","L 12-30",0.9,0,0,0,0,0,0,0,0,0,0,0,0,0,0,0,0,"SF","Away",141,"9/26/23",3
"Sterling Shepard","NYG","WR","L 3-24",0.4,0,0,0,0,0,0,1,6,0,1,0,0,0,1.6,0,0,"Sea","Home",113,"10/3/23",4
"Sterling Shepard","NYG","WR","L 16-31",0.4,0,0,0,0,0,0,1,13,0,2,0,0,0,2.3,0,0,"Mia","Away",82,"10/10/23",5
"Sterling Shepard","NYG","WR","L 9-14",1.3,0,0,0,0,0,0,0,0,0,0,0,0,0,0,0,0,"Buf","Away",128,"10/17/23",6
"Sterling Shepard","NYG","WR","W 14-7",0.4,0,0,0,0,0,0,1,3,0,1,0,1,0,-0.7,0,0,"Wsh","Home",133,"10/24/23",7
"Sterling Shepard","NYG","WR","L 6-30",0,0,0,0,0,0,0,0,0,0,0,0,0,0,0,0,0,"LV","Away",126.5,"11/7/23",9
"Sterling Shepard","NYG","WR","L 17-49",0,0,0,0,0,0,0,1,2,1,4,0,0,0,7.2,0,0,"Dal","Away",47.5,"11/14/23",10
"Sterling Shepard","NYG","WR","W 31-19",1.6,0,0,0,0,0,0,1,5,0,3,0,0,0,1.5,0,0,"Wsh","Away",100,"11/21/23",11
"Sterling Shepard","NYG","WR","W 10-7",3,0,0,0,0,0,0,1,6,0,3,0,0,0,1.6,0,0,"NE","Home",113,"11/28/23",12
"Sterling Shepard","NYG","WR","L 6-24",0.9,0,0,0,0,0,0,0,0,0,0,0,0,0,0,0,0,"NO","Away",140,"12/19/23",15
"Sterling Shepard","NYG","WR","L 25-33",0.5,0,0,0,0,0,0,0,0,0,0,0,0,0,0,0,0,"Phi","Away",144.5,"12/26/23",16
"Sterling Shepard","NYG","WR","L 25-26",0,0,0,0,0,0,0,0,0,0,1,0,0,0,0,0,0,"LAR","Home",137.5,"1/2/24",17
"Sterling Shepard","NYG","WR","W 27-10",0.5,0,0,0,1,6,0,3,18,0,5,0,0,0,5.4,0,0,"Phi","Home",62,"1/9/24",18
"Steven Sims","Hou","WR","W 21-16",0,0,0,0,0,0,0,2,25,0,2,0,0,0,4.5,0,0,"Ari","Home",67,"11/21/23",11
"Steven Sims","Hou","WR","L 21-24",0,0,0,0,0,0,0,0,0,0,0,0,0,0,0,0,0,"Jax","Home",149,"11/28/23",12
"Steven Sims","Hou","WR","W 19-16",0,0,0,0,1,1,0,1,0,0,1,0,0,0,1.1,0,0,"Ten","Away",112,"12/19/23",15
"Stone Smartt","LAC","TE","L 34-36",0,0,0,0,0,0,0,0,0,0,0,0,0,0,0,0,0,"Mia","Home",75,"9/12/23",1
"Stone Smartt","LAC","TE","L 24-27",0.3,0,0,0,0,0,0,1,24,0,1,0,0,0,3.4,0,0,"Ten","Away",43,"9/19/23",2
"Stone Smartt","LAC","TE","W 28-24",1.9,0,0,0,0,0,0,0,0,0,0,0,0,0,0,0,0,"Min","Away",79,"9/26/23",3
"Stone Smartt","LAC","TE","W 24-17",1.3,0,0,0,0,0,0,0,0,0,1,0,0,0,0,0,0,"LV","Home",79.5,"10/3/23",4
"Stone Smartt","LAC","TE","L 17-20",1.2,0,0,0,0,0,0,0,0,0,0,0,0,0,0,0,0,"Dal","Home",72,"10/17/23",6
"Stone Smartt","LAC","TE","L 17-31",0.6,0,0,0,0,0,0,1,5,0,1,0,0,0,1.5,0,0,"KC","Away",38,"10/24/23",7
"Stone Smartt","LAC","TE","W 30-13",3,0,0,0,0,0,0,0,0,0,0,0,0,0,0,0,0,"Chi","Home",73,"10/31/23",8
"Stone Smartt","LAC","TE","W 27-6",0.6,0,0,0,0,0,0,0,0,0,1,0,0,0,0,0,0,"NYJ","Away",68,"11/7/23",9
"Stone Smartt","LAC","TE","L 38-41",1.2,0,0,0,0,0,0,0,0,0,3,0,0,0,0,0,0,"Det","Home",69.5,"11/14/23",10
"Stone Smartt","LAC","TE","L 20-23",3.5,0,0,0,0,0,0,1,51,1,3,0,0,0,12.1,0,0,"GB","Away",5,"11/21/23",11
"Stone Smartt","LAC","TE","L 10-20",1.8,0,0,0,0,0,0,0,0,0,1,0,0,0,0,0,0,"Bal","Home",78,"11/28/23",12
"Stone Smartt","LAC","TE","W 6-0",1.8,0,0,0,0,0,0,0,0,0,1,0,0,0,0,0,0,"NE","Away",66,"12/5/23",13
"Stone Smartt","LAC","TE","L 21-63",1.6,0,0,0,0,0,0,3,15,0,3,0,0,0,4.5,0,0,"LV","Away",35,"12/19/23",15
"Stone Smartt","LAC","TE","L 22-24",3.9,0,0,0,0,0,0,1,23,0,1,0,0,0,3.3,0,0,"Buf","Home",44,"12/26/23",16
"Stone Smartt","LAC","TE","L 9-16",3.3,0,0,0,0,0,0,2,23,0,2,0,0,0,4.3,0,0,"Den","Away",35,"1/2/24",17
"Stone Smartt","LAC","TE","L 12-13",2,0,0,0,0,0,0,2,14,0,3,0,0,0,3.4,0,0,"KC","Home",35,"1/9/24",18
"T.J. Hockenson","Min","TE","L 17-20",12.5,0,0,0,0,0,0,8,35,0,9,0,0,0,11.5,0,0,"TB","Home",3,"9/12/23",1
"T.J. Hockenson","Min","TE","L 28-34",13.5,0,0,0,0,0,0,7,66,2,8,0,0,0,25.6,0,0,"Phi","Away",1,"9/19/23",2
"T.J. Hockenson","Min","TE","L 24-28",14.5,0,0,0,0,0,0,8,78,0,11,0,1,0,13.8,0,0,"LAC","Home",6,"9/26/23",3
"T.J. Hockenson","Min","TE","W 21-13",14.1,0,0,0,0,0,0,2,24,0,3,0,0,0,4.4,0,0,"Car","Away",29.5,"10/3/23",4
"T.J. Hockenson","Min","TE","L 20-27",14.3,0,0,0,0,0,0,5,51,0,8,0,0,0,10.1,0,0,"KC","Home",14,"10/10/23",5
"T.J. Hockenson","Min","TE","W 19-13",14.6,0,0,0,0,0,0,6,50,0,8,0,0,0,11,0,0,"Chi","Away",8,"10/17/23",6
"T.J. Hockenson","Min","TE","W 22-17",14.3,0,0,0,0,0,0,11,86,0,12,0,0,0,19.6,0,0,"SF","Home",4,"10/24/23",7
"T.J. Hockenson","Min","TE","W 24-10",15.2,0,0,0,0,0,0,6,88,1,9,0,0,0,20.8,0,0,"GB","Away",4,"10/31/23",8
"T.J. Hockenson","Min","TE","W 31-28",12.5,0,0,0,0,0,0,7,69,0,12,0,0,0,13.9,0,0,"Atl","Away",11,"11/7/23",9
"T.J. Hockenson","Min","TE","W 27-19",11.4,0,0,0,0,0,0,11,134,1,15,0,0,0,30.4,0,0,"NO","Home",1,"11/14/23",10
"T.J. Hockenson","Min","TE","L 20-21",14.6,0,0,0,0,0,0,4,55,0,7,0,0,0,9.5,0,0,"Den","Away",10,"11/21/23",11
"T.J. Hockenson","Min","TE","L 10-12",13,0,0,0,0,0,0,5,50,1,6,0,0,0,16,0,0,"Chi","Home",4,"11/28/23",12
"T.J. Hockenson","Min","TE","W 3-0",11.4,0,0,0,0,0,0,5,53,0,8,0,0,0,10.3,0,0,"LV","Away",13,"12/12/23",14
"T.J. Hockenson","Min","TE","L 24-27",14.5,0,0,0,0,0,0,6,63,0,7,0,0,0,12.3,0,0,"Cin","Away",10,"12/19/23",15
"T.J. Hockenson","Min","TE","L 24-30",14.2,0,0,0,0,0,0,4,58,0,4,0,0,0,9.8,0,0,"Det","Home",18,"12/26/23",16
"Tank Bigsby","Jax","RB","W 31-21",5.9,0,0,0,7,13,1,0,0,0,1,0,1,0,5.3,0,0,"Ind","Away",44.5,"9/12/23",1
"Tank Bigsby","Jax","RB","L 9-17",6.8,0,0,0,0,0,0,0,0,0,0,0,0,0,0,0,0,"KC","Home",96,"9/19/23",2
"Tank Bigsby","Jax","RB","L 17-37",4.6,0,0,0,2,10,1,0,0,0,1,0,0,0,7,0,0,"Hou","Home",34.5,"9/26/23",3
"Tank Bigsby","Jax","RB","W 23-7",2.3,0,0,0,3,10,0,0,0,0,0,0,0,0,1,0,0,"Atl","Home",74,"10/3/23",4
"Tank Bigsby","Jax","RB","W 25-20",2,0,0,0,3,8,0,0,0,0,0,0,0,0,0.8,0,0,"Buf","Away",66,"10/10/23",5
"Tank Bigsby","Jax","RB","W 37-20",2.5,0,0,0,3,2,0,1,6,0,1,0,0,0,1.8,0,0,"Ind","Home",66,"10/17/23",6
"Tank Bigsby","Jax","RB","W 31-24",2.8,0,0,0,2,2,0,0,0,0,0,0,0,0,0.2,0,0,"NO","Away",61.5,"10/24/23",7
"Tank Bigsby","Jax","RB","W 20-10",2.8,0,0,0,3,9,0,0,0,0,0,0,1,0,-1.1,0,0,"Pit","Away",112,"10/31/23",8
"Tank Bigsby","Jax","RB","L 3-34",2.4,0,0,0,3,5,0,0,0,0,1,0,0,0,0.5,0,0,"SF","Home",65,"11/14/23",10
"Tank Bigsby","Jax","RB","W 34-14",2.8,0,0,0,9,21,0,0,0,0,0,0,0,0,2.1,0,0,"Ten","Home",57,"11/21/23",11
"Tank Bigsby","Jax","RB","W 24-21",1.8,0,0,0,1,6,0,0,0,0,0,0,0,0,0.6,0,0,"Hou","Away",73.5,"11/28/23",12
"Tank Bigsby","Jax","RB","L 31-34",0.5,0,0,0,0,0,0,0,0,0,0,0,0,0,0,0,0,"Cin","Home",72,"12/5/23",13
"Tank Bigsby","Jax","RB","L 27-31",0.3,0,0,0,0,0,0,0,0,0,0,0,0,0,0,0,0,"Cle","Away",89.5,"12/12/23",14
"Tank Bigsby","Jax","RB","L 7-23",0.1,0,0,0,1,-2,0,0,0,0,0,0,0,0,-0.2,0,0,"Bal","Home",108.5,"12/19/23",15
"Tank Bigsby","Jax","RB","L 12-30",0.1,0,0,0,0,0,0,0,0,0,0,0,0,0,0,0,0,"TB","Away",92,"12/26/23",16
"Tank Bigsby","Jax","RB","W 26-0",0,0,0,0,10,32,0,0,0,0,0,0,0,0,3.2,0,0,"Car","Home",59.5,"1/2/24",17
"Tank Bigsby","Jax","RB","L 20-28",2.6,0,0,0,3,16,0,0,0,0,0,0,0,0,1.6,0,0,"Ten","Away",63.5,"1/9/24",18
"Tank Dell","Hou","WR","L 9-25",4.9,0,0,0,0,0,0,3,34,0,4,0,0,0,6.4,0,0,"Bal","Away",62.5,"9/12/23",1
"Tank Dell","Hou","WR","L 20-31",6.7,0,0,0,0,0,0,7,72,1,10,0,0,0,20.2,0,0,"Ind","Home",19,"9/19/23",2
"Tank Dell","Hou","WR","W 37-17",9.8,0,0,0,0,0,0,5,145,1,7,0,0,0,25.5,0,0,"Jax","Away",7,"9/26/23",3
"Tank Dell","Hou","WR","W 30-6",12.2,0,0,0,2,13,0,1,16,0,3,0,0,0,3.9,0,0,"Pit","Home",83,"10/3/23",4
"Tank Dell","Hou","WR","L 19-21",11.8,0,0,0,2,-4,0,3,57,0,4,0,0,0,8.3,0,0,"Atl","Away",47,"10/10/23",5
"Tank Dell","Hou","WR","L 13-15",12.1,0,0,0,3,15,0,3,16,0,4,0,0,0,6.1,0,0,"Car","Away",74.5,"10/31/23",8
"Tank Dell","Hou","WR","W 39-37",11,0,0,0,2,2,0,6,114,2,11,0,0,0,29.6,0,0,"TB","Home",1,"11/7/23",9
"Tank Dell","Hou","WR","W 30-27",14,0,0,0,1,13,0,6,56,1,14,0,0,0,18.9,0,0,"Cin","Away",12,"11/14/23",10
"Tank Dell","Hou","WR","W 21-16",14.4,0,0,0,0,0,0,8,149,1,10,0,0,0,28.9,0,0,"Ari","Home",3,"11/21/23",11
"Tank Dell","Hou","WR","L 21-24",15.7,0,0,0,1,12,0,5,50,1,8,0,0,0,17.2,0,0,"Jax","Home",22.5,"11/28/23",12
"Tank Dell","Hou","WR","W 22-17",16.2,0,0,0,0,0,0,0,0,0,0,0,0,0,0,0,0,"Den","Home",113,"12/5/23",13
"Tanner Conner","Mia","TE","W 42-21",0,0,0,0,0,0,0,0,0,0,0,0,0,0,0,0,0,"Car","Home",72,"10/17/23",6
"Tanner Conner","Mia","TE","L 17-31",0,0,0,0,0,0,0,0,0,0,0,0,0,0,0,0,0,"Phi","Away",62,"10/24/23",7
"Tanner Conner","Mia","TE","W 45-15",0,0,0,0,0,0,0,0,0,0,0,0,0,0,0,0,0,"Wsh","Away",66,"12/5/23",13
"Tanner Hudson","Cin","TE","W 19-16",0,0,0,0,0,0,0,2,30,0,4,0,0,0,5,0,0,"LAR","Home",25.5,"9/26/23",3
"Tanner Hudson","Cin","TE","L 3-27",4.9,0,0,0,0,0,0,2,18,0,2,0,0,0,3.8,0,0,"Ten","Away",32.5,"10/3/23",4
"Tanner Hudson","Cin","TE","W 24-18",0,0,0,0,0,0,0,4,45,0,5,0,0,0,8.5,0,0,"Buf","Home",18,"11/7/23",9
"Tanner Hudson","Cin","TE","L 27-30",3.1,0,0,0,0,0,0,6,33,0,7,0,0,0,9.3,0,0,"Hou","Home",12,"11/14/23",10
"Tanner Hudson","Cin","TE","L 20-34",3.7,0,0,0,0,0,0,4,49,0,4,0,0,0,8.9,0,0,"Bal","Away",12.5,"11/21/23",11
"Tanner Hudson","Cin","TE","L 10-16",5.1,0,0,0,0,0,0,4,18,0,5,0,0,0,5.8,0,0,"Pit","Home",23,"11/28/23",12
"Tanner Hudson","Cin","TE","W 34-31",6.6,0,0,0,0,0,0,4,35,0,4,0,0,0,7.5,0,0,"Jax","Away",16,"12/5/23",13
"Tanner Hudson","Cin","TE","W 34-14",6.1,0,0,0,0,0,0,2,21,1,3,0,0,0,10.1,0,0,"Ind","Home",14,"12/12/23",14
"Tanner Hudson","Cin","TE","W 27-24",5.5,0,0,0,0,0,0,5,49,0,5,0,0,0,9.9,0,0,"Min","Home",14,"12/19/23",15
"Tanner Hudson","Cin","TE","L 11-34",6.7,0,0,0,0,0,0,1,5,0,2,0,0,0,1.5,0,0,"Pit","Away",56.5,"12/26/23",16
"Tanner Hudson","Cin","TE","L 17-25",6.2,0,0,0,0,0,0,3,38,0,7,0,0,0,6.8,0,0,"KC","Away",25,"1/2/24",17
"Tanner Hudson","Cin","TE","W 31-14",6.1,0,0,0,0,0,0,2,11,0,2,0,0,0,3.1,0,0,"Cle","Home",40,"1/9/24",18
"Tay Martin","SF","WR","W 27-10",0,0,0,0,0,0,0,0,0,0,0,0,0,0,0,0,0,"Wsh","Away",137.5,"1/2/24",17
"Taylor Heinicke","Atl","QB","L 23-28",0,175,1,0,2,14,0,0,0,0,0,0,0,0,12.4,12,21,"Ten","Away",22,"10/31/23",8
"Taylor Heinicke","Atl","QB","L 28-31",13.5,268,1,1,3,20,0,0,0,0,0,0,0,0,14.72,21,38,"Min","Home",13,"11/7/23",9
"Taylor Heinicke","Atl","QB","L 23-25",15.4,55,1,0,4,34,0,0,0,0,0,0,0,0,9.6,8,15,"Ari","Away",19,"11/14/23",10
"Taylor Heinicke","Atl","QB","W 29-10",13.4,229,1,0,2,10,0,0,0,0,0,0,0,0,14.16,23,33,"Ind","Home",23,"12/26/23",16
"Taylor Heinicke","Atl","QB","L 17-37",12.4,163,1,3,4,46,1,0,0,0,0,0,0,0,15.12,10,29,"Chi","Away",16,"1/2/24",17
"Taysom Hill","NO","TE","W 16-15",7.5,0,0,0,3,4,0,0,0,0,1,0,0,0,0.4,0,0,"Ten","Home",50,"9/12/23",1
"Taysom Hill","NO","TE","W 20-17",4.4,8,0,0,9,75,0,1,-1,0,2,0,0,0,8.72,1,1,"Car","Away",17,"9/19/23",2
"Taysom Hill","NO","TE","L 17-18",7.5,0,0,0,4,12,0,1,9,0,1,0,0,0,3.1,0,0,"GB","Away",32,"9/26/23",3
"Taysom Hill","NO","TE","L 9-26",3.5,13,0,0,4,10,0,1,7,0,1,0,0,0,3.22,1,1,"TB","Home",35,"10/3/23",4
"Taysom Hill","NO","TE","W 34-0",4.7,0,0,0,3,19,0,1,1,0,1,0,0,0,3,0,0,"NE","Away",42.5,"10/10/23",5
"Taysom Hill","NO","TE","L 13-20",4.8,4,0,0,1,2,0,7,49,0,8,0,0,0,12.26,1,1,"Hou","Away",6,"10/17/23",6
"Taysom Hill","NO","TE","L 24-31",8.4,0,0,0,5,18,1,4,50,0,5,0,0,0,16.8,0,0,"Jax","Home",6,"10/24/23",7
"Taysom Hill","NO","TE","W 38-27",5.8,44,0,0,9,63,2,1,14,0,1,0,0,0,22.46,1,2,"Ind","Away",3,"10/31/23",8
"Taysom Hill","NO","TE","W 24-17",6.7,3,1,0,11,52,0,4,13,1,5,0,0,0,20.62,1,1,"Chi","Home",6,"11/7/23",9
"Taysom Hill","NO","TE","L 19-27",9.8,0,0,0,1,6,0,2,17,0,4,0,0,0,4.3,0,0,"Min","Away",26,"11/14/23",10
"Taysom Hill","NO","TE","L 15-24",9.7,0,0,0,7,26,0,2,55,0,2,0,1,0,8.1,0,0,"Atl","Away",17.5,"11/28/23",12
"Taysom Hill","NO","TE","L 28-33",9.6,0,0,0,13,59,1,2,15,0,2,0,0,0,15.4,0,2,"Det","Home",6,"12/5/23",13
"Taysom Hill","NO","TE","W 24-6",9.8,0,0,0,1,1,0,1,4,0,1,0,0,0,1.5,0,1,"NYG","Home",58.5,"12/19/23",15
"Taysom Hill","NO","TE","L 22-30",9.1,0,0,0,2,2,0,0,0,0,0,0,0,0,0.2,0,0,"LAR","Away",60,"12/26/23",16
"Taysom Hill","NO","TE","W 23-13",6,11,0,0,2,1,0,2,30,1,2,0,0,0,11.54,1,2,"TB","Away",10,"1/2/24",17
"Taysom Hill","NO","TE","W 48-17",7.1,0,0,0,6,51,0,4,28,0,4,0,0,0,11.9,0,0,"Atl","Home",8.5,"1/9/24",18
"Teagan Quitoriano","Hou","TE","L 9-25",3.5,0,0,0,0,0,0,1,11,0,1,0,0,0,2.1,0,0,"Bal","Away",44,"9/12/23",1
"Teagan Quitoriano","Hou","TE","L 20-31",2.8,0,0,0,0,0,0,0,0,0,0,0,0,0,0,0,0,"Ind","Home",76,"9/19/23",2
"Teagan Quitoriano","Hou","TE","W 37-17",0.6,0,0,0,0,0,0,0,0,0,1,0,0,0,0,0,0,"Jax","Away",79,"9/26/23",3
"Teagan Quitoriano","Hou","TE","W 30-6",0.6,0,0,0,0,0,0,0,0,0,0,0,0,0,0,0,0,"Pit","Home",79.5,"10/3/23",4
"Teagan Quitoriano","Hou","TE","L 19-21",0.6,0,0,0,0,0,0,1,22,0,1,0,0,0,3.2,0,0,"Atl","Away",38,"10/10/23",5
"Teagan Quitoriano","Hou","TE","W 20-13",1.7,0,0,0,0,0,0,0,0,0,0,0,0,0,0,0,0,"NO","Home",72,"10/17/23",6
"Teagan Quitoriano","Hou","TE","L 13-15",1.7,0,0,0,0,0,0,0,0,0,0,0,0,0,0,0,0,"Car","Away",73,"10/31/23",8
"Teddy Bridgewater","Det","QB","W 42-24",0,0,0,0,2,-2,0,0,0,0,0,0,0,0,-0.2,0,0,"Car","Home",35,"10/10/23",5
"Tee Higgins","Cin","WR","L 3-24",14.6,0,0,0,0,0,0,0,0,0,8,0,0,0,0,0,0,"Cle","Away",135,"9/12/23",1
"Tee Higgins","Cin","WR","L 24-27",14.7,0,0,0,0,0,0,8,89,2,12,0,0,0,28.9,0,0,"Bal","Home",4,"9/19/23",2
"Tee Higgins","Cin","WR","W 19-16",14.6,0,0,0,0,0,0,2,21,0,8,0,0,0,4.1,0,0,"LAR","Home",83.5,"9/26/23",3
"Tee Higgins","Cin","WR","L 3-27",14.4,0,0,0,0,0,0,2,19,0,4,0,0,0,3.9,0,0,"Ten","Away",83,"10/3/23",4
"Tee Higgins","Cin","WR","W 17-13",14,0,0,0,0,0,0,2,20,0,4,0,0,0,4,0,0,"Sea","Home",78,"10/17/23",6
"Tee Higgins","Cin","WR","W 31-17",13.1,0,0,0,0,0,0,5,69,0,6,0,0,0,11.9,0,0,"SF","Away",37,"10/31/23",8
"Tee Higgins","Cin","WR","W 24-18",12.5,0,0,0,0,0,0,8,110,0,9,0,0,0,19,0,0,"Buf","Home",8,"11/7/23",9
"Tee Higgins","Cin","WR","W 34-31",10.9,0,0,0,0,0,0,3,36,0,3,0,0,0,6.6,0,0,"Jax","Away",47,"12/5/23",13
"Tee Higgins","Cin","WR","W 34-14",11.2,0,0,0,0,0,0,2,72,0,4,0,0,0,9.2,0,0,"Ind","Home",38,"12/12/23",14
"Tee Higgins","Cin","WR","W 27-24",10.1,0,0,0,0,0,0,4,61,2,8,0,0,0,22.1,0,0,"Min","Home",10,"12/19/23",15
"Tee Higgins","Cin","WR","L 11-34",14.1,0,0,0,0,0,0,5,140,1,8,0,0,0,25,0,0,"Pit","Away",10,"12/26/23",16
"Tee Higgins","Cin","WR","L 17-25",12.9,0,0,0,0,0,0,1,19,0,2,0,0,0,2.9,0,0,"KC","Away",82,"1/2/24",17
"Terrace Marshall Jr.","Car","WR","L 10-24",6.5,0,0,0,0,0,0,2,23,0,6,0,0,0,4.3,0,0,"Atl","Away",77,"9/12/23",1
"Terrace Marshall Jr.","Car","WR","L 17-20",5.6,0,0,0,0,0,0,0,0,0,0,0,0,0,0,0,0,"NO","Home",145,"9/19/23",2
"Terrace Marshall Jr.","Car","WR","L 27-37",3,0,0,0,0,0,0,5,35,0,8,0,0,0,8.5,0,0,"Sea","Away",53.5,"9/26/23",3
"Terrace Marshall Jr.","Car","WR","L 13-21",6.5,0,0,0,0,0,0,9,56,0,10,0,0,0,14.6,0,0,"Min","Home",26,"10/3/23",4
"Terrace Marshall Jr.","Car","WR","L 21-42",1.6,0,0,0,0,0,0,0,0,0,3,0,0,0,0,0,0,"Mia","Away",128,"10/17/23",6
"Terrace Marshall Jr.","Car","WR","W 15-13",4.7,0,0,0,0,0,0,1,9,0,1,0,0,0,1.9,0,0,"Hou","Home",102.5,"10/31/23",8
"Terrace Marshall Jr.","Car","WR","L 13-27",4.1,0,0,0,0,0,0,0,0,0,1,0,0,0,0,0,0,"Ind","Home",126.5,"11/7/23",9
"Terrace Marshall Jr.","Car","WR","L 13-16",6.8,0,0,0,0,0,0,1,11,0,3,0,0,0,2.1,0,0,"Chi","Away",90,"11/14/23",10
"Terrace Marshall Jr.","Car","WR","L 0-9",4,0,0,0,0,0,0,1,5,0,1,0,0,0,1.5,0,0,"TB","Home",107,"1/9/24",18
"Terrell Bynum","LAC","WR","L 20-23",NA,0,0,0,0,0,0,0,0,0,0,0,0,0,0,0,0,"GB","Away",126,"11/21/23",11
"Terry McLaurin","Wsh","WR","W 20-16",13.1,0,0,0,0,0,0,2,31,0,4,0,0,0,5.1,0,0,"Ari","Home",70.5,"9/12/23",1
"Terry McLaurin","Wsh","WR","W 35-33",13,0,0,0,0,0,0,5,54,1,6,0,0,0,16.4,0,0,"Den","Away",25.5,"9/19/23",2
"Terry McLaurin","Wsh","WR","L 3-37",12.4,0,0,0,0,0,0,6,41,0,6,0,0,0,10.1,0,0,"Buf","Home",47,"9/26/23",3
"Terry McLaurin","Wsh","WR","L 31-34",12.8,0,0,0,0,0,0,8,86,0,10,0,0,0,22.6,0,0,"Phi","Away",8,"10/3/23",4
"Terry McLaurin","Wsh","WR","L 20-40",13.2,0,0,0,0,0,0,4,49,0,5,0,0,0,8.9,0,0,"Chi","Home",43,"10/10/23",5
"Terry McLaurin","Wsh","WR","W 24-16",11.6,0,0,0,0,0,0,6,81,0,11,0,0,0,14.1,0,0,"Atl","Away",25,"10/17/23",6
"Terry McLaurin","Wsh","WR","L 7-14",13.1,0,0,0,0,0,0,6,90,0,9,0,0,0,15,0,0,"NYG","Away",20,"10/24/23",7
"Terry McLaurin","Wsh","WR","L 31-38",14.4,0,0,0,0,0,0,5,63,1,12,0,0,0,17.3,0,0,"Phi","Home",18,"10/31/23",8
"Terry McLaurin","Wsh","WR","W 20-17",14.9,0,0,0,0,0,0,5,73,0,8,0,0,0,12.3,0,0,"NE","Away",23.5,"11/7/23",9
"Terry McLaurin","Wsh","WR","L 26-29",14,0,0,0,0,0,0,4,33,0,8,0,0,0,7.3,0,0,"Sea","Away",46,"11/14/23",10
"Terry McLaurin","Wsh","WR","L 19-31",14,0,0,0,0,0,0,5,43,0,7,0,0,0,9.3,0,0,"NYG","Home",38,"11/21/23",11
"Terry McLaurin","Wsh","WR","L 10-45",14,0,0,0,0,0,0,4,50,0,11,0,0,0,9,0,0,"Dal","Away",46.5,"11/28/23",12
"Terry McLaurin","Wsh","WR","L 15-45",13.5,0,0,0,0,0,0,0,0,0,3,0,0,0,0,0,0,"Mia","Home",113,"12/5/23",13
"Terry McLaurin","Wsh","WR","L 20-28",12,0,0,0,0,0,0,6,141,1,12,0,0,0,26.1,0,0,"LAR","Away",3,"12/19/23",15
"Terry McLaurin","Wsh","WR","L 28-30",11.4,0,0,0,0,0,0,3,50,0,5,0,0,0,8,0,0,"NYJ","Away",52,"12/26/23",16
"Terry McLaurin","Wsh","WR","L 10-27",11.7,0,0,0,0,0,0,4,61,1,7,0,0,0,16.1,0,0,"SF","Home",21,"1/2/24",17
"Terry McLaurin","Wsh","WR","L 10-38",12.2,0,0,0,0,0,0,6,56,0,8,0,0,0,11.6,0,0,"Dal","Home",33,"1/9/24",18
"Tim Boyle","NYJ","QB","L 10-30",0,0,0,0,0,0,0,0,0,0,0,0,0,0,0,0,0,"Dal","Away",34.5,"9/19/23",2
"Tim Boyle","NYJ","QB","L 6-32",0,33,0,1,1,1,0,0,0,0,0,0,0,0,-0.58,7,14,"Buf","Away",34,"11/21/23",11
"Tim Boyle","NYJ","QB","L 13-34",10.5,179,1,2,2,2,0,0,0,0,0,0,0,0,7.36,27,38,"Mia","Home",28,"11/28/23",12
"Tim Jones","Jax","WR","W 31-21",0.5,0,0,0,0,0,0,0,0,0,0,0,0,0,0,0,0,"Ind","Away",135,"9/12/23",1
"Tim Jones","Jax","WR","L 9-17",0,0,0,0,0,0,0,0,0,0,0,0,0,0,0,0,0,"KC","Home",145,"9/19/23",2
"Tim Jones","Jax","WR","L 17-37",0,0,0,0,0,0,0,2,11,0,3,0,0,0,3.1,0,0,"Hou","Home",93,"9/26/23",3
"Tim Jones","Jax","WR","W 23-7",5.1,0,0,0,0,0,0,1,-1,0,1,0,0,0,0.9,0,0,"Atl","Home",122,"10/3/23",4
"Tim Jones","Jax","WR","W 25-20",0,0,0,0,0,0,0,0,0,0,1,0,0,0,0,0,0,"Buf","Away",124.5,"10/10/23",5
"Tim Jones","Jax","WR","W 37-20",4.2,0,0,0,0,0,0,0,0,0,0,0,0,0,0,0,0,"Ind","Home",128,"10/17/23",6
"Tim Jones","Jax","WR","W 31-24",3,0,0,0,0,0,0,2,17,0,2,0,0,0,3.7,0,0,"NO","Away",68,"10/24/23",7
"Tim Jones","Jax","WR","W 20-10",2,0,0,0,0,0,0,0,0,0,0,0,0,0,0,0,0,"Pit","Away",138,"10/31/23",8
"Tim Jones","Jax","WR","L 3-34",3.8,0,0,0,0,0,0,2,17,0,2,0,0,0,3.7,0,0,"SF","Home",71,"11/14/23",10
"Tim Jones","Jax","WR","W 34-14",0.5,0,0,0,0,0,0,0,0,0,0,0,0,0,0,0,0,"Ten","Home",126,"11/21/23",11
"Tim Jones","Jax","WR","W 24-21",0.5,0,0,0,0,0,0,0,0,0,0,0,0,0,0,0,0,"Hou","Away",149,"11/28/23",12
"Tim Jones","Jax","WR","L 31-34",0,0,0,0,0,0,0,0,0,0,1,0,0,0,0,0,0,"Cin","Home",113,"12/5/23",13
"Tim Jones","Jax","WR","L 27-31",1.5,0,0,0,0,0,0,0,0,0,0,0,0,0,0,0,0,"Cle","Away",134,"12/12/23",14
"Tim Jones","Jax","WR","L 7-23",0.5,0,0,0,0,0,0,0,0,0,0,0,0,0,0,0,0,"Bal","Home",140,"12/19/23",15
"Tim Jones","Jax","WR","L 12-30",5.1,0,0,0,0,0,0,3,32,0,5,0,0,0,6.2,0,0,"TB","Away",68.5,"12/26/23",16
"Tim Jones","Jax","WR","W 26-0",5.2,0,0,0,0,0,0,0,0,0,1,0,0,0,0,0,0,"Car","Home",137.5,"1/2/24",17
"Tim Jones","Jax","WR","L 20-28",3.8,0,0,0,0,0,0,1,7,0,2,0,0,0,1.7,0,0,"Ten","Away",102,"1/9/24",18
"Tommy DeVito","NYG","QB","L 10-13",NA,-1,0,0,4,12,1,0,0,0,0,0,0,0,7.16,2,7,"NYJ","Home",30,"10/31/23",8
"Tommy DeVito","NYG","QB","L 6-30",0,175,1,2,4,17,0,0,0,0,0,0,0,0,8.7,15,20,"LV","Away",21,"11/7/23",9
"Tommy DeVito","NYG","QB","L 17-49",11.1,86,2,1,7,41,0,0,0,0,0,0,0,0,13.54,14,27,"Dal","Away",17,"11/14/23",10
"Tommy DeVito","NYG","QB","W 31-19",12,246,3,0,1,7,0,0,0,0,0,0,0,0,22.54,18,26,"Wsh","Away",5,"11/21/23",11
"Tommy DeVito","NYG","QB","W 10-7",13.1,191,1,0,5,6,0,0,0,0,0,0,1,0,10.24,17,25,"NE","Home",24,"11/28/23",12
"Tommy DeVito","NYG","QB","W 24-22",13.7,158,1,0,10,71,0,0,0,0,0,0,0,0,17.42,17,21,"GB","Home",14,"12/12/23",14
"Tommy DeVito","NYG","QB","L 6-24",14.7,177,0,0,4,36,0,0,0,0,0,0,0,0,10.68,20,34,"NO","Away",26,"12/19/23",15
"Tommy DeVito","NYG","QB","L 25-33",15.6,55,0,0,1,5,0,0,0,0,0,0,0,0,2.7,9,16,"Phi","Away",33,"12/26/23",16
"Tommy DeVito","NYG","QB","W 27-10",0,14,0,0,0,0,0,0,0,0,0,0,0,0,0.56,2,2,"Phi","Home",36,"1/9/24",18
"Tommy Tremble","Car","TE","L 10-24",1.7,0,0,0,0,0,0,0,0,0,0,0,0,0,0,0,0,"Atl","Away",75,"9/12/23",1
"Tommy Tremble","Car","TE","L 17-20",1.3,0,0,0,0,0,0,0,0,0,0,0,0,0,0,0,0,"NO","Home",76,"9/19/23",2
"Tommy Tremble","Car","TE","L 27-37",0.4,0,0,0,0,0,0,1,15,0,1,0,0,0,2.5,0,0,"Sea","Away",40.5,"9/26/23",3
"Tommy Tremble","Car","TE","L 13-21",0.6,0,0,0,0,0,0,0,0,0,0,0,0,0,0,0,0,"Min","Home",79.5,"10/3/23",4
"Tommy Tremble","Car","TE","L 24-42",0.6,0,0,0,0,0,0,1,1,1,1,0,0,0,7.1,0,0,"Det","Away",19,"10/10/23",5
"Tommy Tremble","Car","TE","L 21-42",2.4,0,0,0,0,0,0,2,25,0,2,0,0,0,4.5,0,0,"Mia","Away",24,"10/17/23",6
"Tommy Tremble","Car","TE","W 15-13",2.4,0,0,0,0,0,0,2,4,1,3,0,0,0,8.4,0,0,"Hou","Home",18,"10/31/23",8
"Tommy Tremble","Car","TE","L 13-27",3.5,0,0,0,0,0,0,2,12,0,2,0,0,0,3.2,0,0,"Ind","Home",33,"11/7/23",9
"Tommy Tremble","Car","TE","L 13-16",3.9,0,0,0,0,0,0,3,16,0,3,0,0,0,4.6,0,0,"Chi","Away",25,"11/14/23",10
"Tommy Tremble","Car","TE","L 10-33",5.7,0,0,0,0,0,0,1,4,1,3,0,0,0,7.4,0,0,"Dal","Home",16,"11/21/23",11
"Tommy Tremble","Car","TE","L 10-17",6.4,0,0,0,0,0,0,1,7,0,1,0,0,0,1.7,0,0,"Ten","Away",53,"11/28/23",12
"Tommy Tremble","Car","TE","L 6-28",4.8,0,0,0,0,0,0,1,2,0,3,0,0,0,1.2,0,0,"NO","Away",52,"12/12/23",14
"Tommy Tremble","Car","TE","W 9-7",4.2,0,0,0,0,0,0,2,32,0,2,0,0,0,5.2,0,0,"Atl","Home",32,"12/19/23",15
"Tommy Tremble","Car","TE","L 30-33",4.6,0,0,0,0,0,0,4,59,0,6,0,0,0,9.9,0,0,"GB","Home",17,"12/26/23",16
"Tommy Tremble","Car","TE","L 0-26",5.4,0,0,0,0,0,0,1,6,0,3,0,0,0,1.6,0,0,"Jax","Away",53,"1/2/24",17
"Tommy Tremble","Car","TE","L 0-9",5.1,0,0,0,0,0,0,2,11,0,2,0,0,0,3.1,0,0,"TB","Home",40,"1/9/24",18
"Tony Jones Jr.","Ari","RB","L 16-20",0,0,0,0,1,5,0,0,0,0,0,0,0,0,0.5,0,0,"Wsh","Away",81,"9/12/23",1
"Tony Jones Jr.","Ari","RB","L 28-31",0,0,0,0,12,34,2,0,0,0,2,0,0,0,15.4,0,0,"NYG","Home",16,"9/19/23",2
"Tony Jones Jr.","Ari","RB","W 28-16",6.9,0,0,0,8,31,0,4,21,0,4,0,0,0,9.2,0,0,"Dal","Home",24.5,"9/26/23",3
"Tony Jones Jr.","Ari","RB","L 16-35",1.7,0,0,0,0,0,0,0,0,0,0,0,0,0,0,0,0,"SF","Away",93.5,"10/3/23",4
"Tony Jones Jr.","Ari","RB","L 0-27",6.3,0,0,0,3,2,0,2,5,0,3,0,0,0,2.7,0,0,"Cle","Away",51.5,"11/7/23",9
"Tony Jones Jr.","Ari","RB","W 25-23",0,0,0,0,1,13,0,0,0,0,0,0,0,0,1.3,0,0,"Atl","Home",59.5,"11/14/23",10
"Tony Jones Jr.","Ari","RB","L 16-21",1.3,0,0,0,1,10,0,1,11,0,1,0,0,0,3.1,0,0,"Hou","Away",47.5,"11/21/23",11
"Tony Pollard","Dal","RB","W 40-0",17.5,0,0,0,14,70,2,2,12,0,3,0,0,0,22.2,0,0,"NYG","Away",5,"9/12/23",1
"Tony Pollard","Dal","RB","W 30-10",17.4,0,0,0,25,72,0,7,37,0,8,0,0,0,19.9,0,0,"NYJ","Home",11.5,"9/19/23",2
"Tony Pollard","Dal","RB","L 16-28",19.3,0,0,0,23,122,0,3,-1,0,3,0,0,0,15.1,0,0,"Ari","Away",13,"9/26/23",3
"Tony Pollard","Dal","RB","W 38-3",18.6,0,0,0,11,47,0,3,13,0,3,0,0,0,9,0,0,"NE","Home",26.5,"10/3/23",4
"Tony Pollard","Dal","RB","L 10-42",18,0,0,0,8,29,0,4,35,0,5,0,1,0,8.4,0,0,"SF","Away",29,"10/10/23",5
"Tony Pollard","Dal","RB","W 20-17",18.5,0,0,0,15,30,0,6,80,0,7,0,0,0,17,0,0,"LAC","Away",11,"10/17/23",6
"Tony Pollard","Dal","RB","W 43-20",19.1,0,0,0,12,53,0,1,2,0,1,0,0,0,6.5,0,0,"LAR","Home",41,"10/31/23",8
"Tony Pollard","Dal","RB","L 23-28",15.9,0,0,0,12,51,0,3,12,0,5,0,0,0,9.3,0,0,"Phi","Away",26.5,"11/7/23",9
"Tony Pollard","Dal","RB","W 49-17",15.8,0,0,0,15,55,0,0,0,0,0,0,0,0,5.5,0,0,"NYG","Home",42,"11/14/23",10
"Tony Pollard","Dal","RB","W 33-10",15,0,0,0,12,61,1,4,19,0,5,0,0,0,18,0,0,"Car","Away",12,"11/21/23",11
"Tony Pollard","Dal","RB","W 45-10",16,0,0,0,13,79,1,6,24,0,6,0,0,0,22.3,0,0,"Wsh","Home",6,"11/28/23",12
"Tony Pollard","Dal","RB","W 41-35",17.3,0,0,0,20,68,1,3,15,0,4,0,0,0,17.3,0,0,"Sea","Home",12,"12/5/23",13
"Tony Pollard","Dal","RB","W 33-13",17.1,0,0,0,16,59,0,7,37,0,8,0,0,0,16.6,0,0,"Phi","Home",16,"12/12/23",14
"Tony Pollard","Dal","RB","L 10-31",16.2,0,0,0,11,52,0,2,5,0,3,0,0,0,7.7,0,0,"Buf","Away",36,"12/19/23",15
"Tony Pollard","Dal","RB","L 20-22",15.2,0,0,0,12,38,0,1,5,0,1,0,0,0,5.3,0,0,"Mia","Away",47.5,"12/26/23",16
"Tony Pollard","Dal","RB","W 20-19",14.8,0,0,0,16,49,0,1,0,0,3,0,0,0,5.9,0,0,"Det","Home",47,"1/2/24",17
"Tony Pollard","Dal","RB","W 38-10",14.4,0,0,0,17,70,1,2,16,0,2,0,0,0,16.6,0,0,"Wsh","Away",12,"1/9/24",18
"Travis Etienne Jr.","Jax","RB","W 31-21",15.1,0,0,0,18,77,1,5,27,0,5,0,0,0,21.4,0,0,"Ind","Away",6,"9/12/23",1
"Travis Etienne Jr.","Jax","RB","L 9-17",16.2,0,0,0,12,40,0,2,2,0,3,0,0,0,6.2,0,0,"KC","Home",39,"9/19/23",2
"Travis Etienne Jr.","Jax","RB","L 17-37",16.6,0,0,0,19,88,0,4,50,0,5,0,0,0,17.8,0,0,"Hou","Home",8.5,"9/26/23",3
"Travis Etienne Jr.","Jax","RB","W 23-7",17.5,0,0,0,20,55,0,3,17,0,3,0,0,0,10.2,0,0,"Atl","Home",22,"10/3/23",4
"Travis Etienne Jr.","Jax","RB","W 25-20",14.9,0,0,0,26,136,2,4,48,0,5,0,0,0,36.4,0,0,"Buf","Away",1,"10/10/23",5
"Travis Etienne Jr.","Jax","RB","W 37-20",17,0,0,0,18,55,2,3,28,0,3,0,0,0,23.3,0,0,"Ind","Home",2,"10/17/23",6
"Travis Etienne Jr.","Jax","RB","W 31-24",16.3,0,0,0,14,53,2,3,24,0,5,0,0,0,22.7,0,0,"NO","Away",4,"10/24/23",7
"Travis Etienne Jr.","Jax","RB","W 20-10",18.3,0,0,0,24,79,0,3,70,1,6,0,0,0,25.9,0,0,"Pit","Away",5,"10/31/23",8
"Travis Etienne Jr.","Jax","RB","L 3-34",17.9,0,0,0,9,35,0,2,9,0,4,0,0,0,6.4,0,0,"SF","Home",39,"11/14/23",10
"Travis Etienne Jr.","Jax","RB","W 34-14",16,0,0,0,14,52,0,3,7,0,3,0,0,0,8.9,0,0,"Ten","Home",24,"11/21/23",11
"Travis Etienne Jr.","Jax","RB","W 24-21",15.3,0,0,0,20,56,0,4,30,0,6,0,0,0,12.6,0,0,"Hou","Away",20,"11/28/23",12
"Travis Etienne Jr.","Jax","RB","L 31-34",16.8,0,0,0,11,45,1,4,34,0,4,0,0,0,17.9,0,0,"Cin","Home",11,"12/5/23",13
"Travis Etienne Jr.","Jax","RB","L 27-31",15.3,0,0,0,14,35,1,4,37,0,4,0,0,0,17.2,0,0,"Cle","Away",14.5,"12/12/23",14
"Travis Etienne Jr.","Jax","RB","L 7-23",14.8,0,0,0,10,31,0,4,28,0,6,0,0,0,9.9,0,0,"Bal","Home",25.5,"12/19/23",15
"Travis Etienne Jr.","Jax","RB","L 12-30",16,0,0,0,6,12,0,3,19,0,3,0,0,0,6.1,0,0,"TB","Away",46,"12/26/23",16
"Travis Etienne Jr.","Jax","RB","W 26-0",15.9,0,0,0,16,102,2,2,16,0,2,0,0,0,25.8,0,0,"Car","Home",6,"1/2/24",17
"Travis Etienne Jr.","Jax","RB","L 20-28",15,0,0,0,16,57,0,5,30,0,6,0,0,0,13.7,0,0,"Ten","Away",16,"1/9/24",18
"Travis Homer","Chi","RB","L 20-38",0.2,0,0,0,0,0,0,0,0,0,0,0,0,0,0,0,0,"GB","Home",96,"9/12/23",1
"Travis Homer","Chi","RB","L 17-27",1.2,0,0,0,0,0,0,0,0,0,0,0,0,0,0,0,0,"TB","Away",96,"9/19/23",2
"Travis Homer","Chi","RB","L 10-41",0,0,0,0,0,0,0,0,0,0,0,0,0,0,0,0,0,"KC","Away",95.5,"9/26/23",3
"Travis Homer","Chi","RB","L 28-31",0,0,0,0,0,0,0,0,0,0,0,0,0,0,0,0,0,"Den","Home",93.5,"10/3/23",4
"Travis Homer","Chi","RB","W 40-20",0,0,0,0,0,0,0,0,0,0,0,0,0,0,0,0,0,"Wsh","Away",81,"10/10/23",5
"Travis Homer","Chi","RB","W 30-12",5.8,0,0,0,0,0,0,0,0,0,1,0,0,0,0,0,0,"LV","Home",76,"10/24/23",7
"Travis Homer","Chi","RB","L 13-30",0.5,0,0,0,0,0,0,0,0,0,0,0,0,0,0,0,0,"LAC","Away",97,"10/31/23",8
"Travis Homer","Chi","RB","L 17-24",0,0,0,0,0,0,0,0,0,0,0,0,0,0,0,0,0,"NO","Away",82.5,"11/7/23",9
"Travis Homer","Chi","RB","W 16-13",0,0,0,0,0,0,0,0,0,0,0,0,0,0,0,0,0,"Car","Home",83,"11/14/23",10
"Travis Homer","Chi","RB","L 26-31",0,0,0,0,0,0,0,0,0,0,0,0,0,0,0,0,0,"Det","Away",80,"11/21/23",11
"Travis Homer","Chi","RB","W 12-10",0.8,0,0,0,0,0,0,0,0,0,0,0,0,0,0,0,0,"Min","Away",90,"11/28/23",12
"Travis Homer","Chi","RB","W 28-13",0,0,0,0,0,0,0,0,0,0,0,0,0,0,0,0,0,"Det","Home",89.5,"12/12/23",14
"Travis Homer","Chi","RB","L 17-20",0,0,0,0,0,0,0,0,0,0,0,0,0,0,0,0,0,"Cle","Away",94,"12/19/23",15
"Travis Homer","Chi","RB","W 27-16",0,0,0,0,0,0,0,0,0,0,0,0,0,0,0,0,0,"Ari","Home",92,"12/26/23",16
"Travis Homer","Chi","RB","W 37-17",0,0,0,0,0,0,0,0,0,0,0,0,0,0,0,0,0,"Atl","Home",92.5,"1/2/24",17
"Travis Homer","Chi","RB","L 9-17",0,0,0,0,0,0,0,0,0,0,0,0,0,0,0,0,0,"GB","Away",88.5,"1/9/24",18
"Travis Kelce","KC","TE","W 17-9",16.8,0,0,0,0,0,0,4,26,1,9,0,0,0,12.6,0,0,"Jax","Away",5,"9/19/23",2
"Travis Kelce","KC","TE","W 41-10",18.2,0,0,0,0,0,0,7,69,1,8,0,0,0,19.9,0,0,"Chi","Home",2,"9/26/23",3
"Travis Kelce","KC","TE","W 23-20",17,0,0,0,0,0,0,6,60,0,9,0,0,0,12,0,0,"NYJ","Away",8,"10/3/23",4
"Travis Kelce","KC","TE","W 27-20",17.7,0,0,0,0,0,0,10,67,1,11,0,0,0,22.7,0,0,"Min","Away",3,"10/10/23",5
"Travis Kelce","KC","TE","W 19-8",18,0,0,0,0,0,0,9,124,0,9,0,0,0,21.4,0,0,"Den","Home",1,"10/17/23",6
"Travis Kelce","KC","TE","W 31-17",18.3,0,0,0,0,0,0,12,179,1,13,0,0,0,35.9,0,0,"LAC","Home",1,"10/24/23",7
"Travis Kelce","KC","TE","L 9-24",19.4,0,0,0,0,0,0,6,58,0,9,0,0,0,11.8,0,0,"Den","Away",14,"10/31/23",8
"Travis Kelce","KC","TE","W 21-14",19.5,0,0,0,0,0,0,3,14,0,4,0,0,0,4.4,0,0,"Mia","Home",29,"11/7/23",9
"Travis Kelce","KC","TE","L 17-21",17.7,0,0,0,0,0,0,7,44,1,9,0,1,0,15.4,0,0,"Phi","Home",2,"11/21/23",11
"Travis Kelce","KC","TE","W 31-17",15.8,0,0,0,0,0,0,6,91,0,7,0,0,0,15.1,0,0,"LV","Away",5,"11/28/23",12
"Travis Kelce","KC","TE","L 19-27",15.8,0,0,0,0,0,0,4,81,0,5,0,0,0,12.1,0,0,"GB","Away",7,"12/5/23",13
"Travis Kelce","KC","TE","L 17-20",14.9,0,0,0,0,0,0,6,83,0,10,0,0,0,14.3,0,0,"Buf","Home",8,"12/12/23",14
"Travis Kelce","KC","TE","W 27-17",14.5,0,0,0,0,0,0,5,28,0,7,0,0,0,7.8,0,0,"NE","Away",20,"12/19/23",15
"Travis Kelce","KC","TE","L 14-20",14.5,0,0,0,0,0,0,5,44,0,7,0,0,0,9.4,0,0,"LV","Home",20,"12/26/23",16
"Travis Kelce","KC","TE","W 25-17",14.5,0,0,0,0,0,0,3,16,0,4,0,0,0,4.6,0,0,"Cin","Home",34,"1/2/24",17
"Travis Vokolek","Ari","TE","W 35-31",NA,0,0,0,0,0,0,0,0,0,0,0,0,0,0,0,0,"Phi","Away",76,"1/2/24",17
"Travis Vokolek","Ari","TE","L 20-21",0,0,0,0,0,0,0,0,0,0,0,0,0,0,0,0,0,"Sea","Home",76.5,"1/9/24",18
"Trayveon Williams","Cin","RB","L 3-24",3.8,0,0,0,2,7,0,0,0,0,0,0,0,0,0.7,0,0,"Cle","Away",79.5,"9/12/23",1
"Trayveon Williams","Cin","RB","L 24-27",4.3,0,0,0,0,0,0,2,4,0,2,0,0,0,2.4,0,0,"Bal","Home",59.5,"9/19/23",2
"Trayveon Williams","Cin","RB","W 19-16",4.7,0,0,0,1,4,0,0,0,0,2,0,0,0,0.4,0,0,"LAR","Home",78,"9/26/23",3
"Trayveon Williams","Cin","RB","L 3-27",3.5,0,0,0,1,4,0,0,0,0,0,0,0,0,0.4,0,0,"Ten","Away",78.5,"10/3/23",4
"Trayveon Williams","Cin","RB","W 34-20",2.7,0,0,0,1,5,0,0,0,0,0,0,0,0,0.5,0,0,"Ari","Away",67,"10/10/23",5
"Trayveon Williams","Cin","RB","W 17-13",2.1,0,0,0,0,0,0,2,3,0,2,0,0,0,2.3,0,0,"Sea","Home",58.5,"10/17/23",6
"Trayveon Williams","Cin","RB","W 31-17",2.7,0,0,0,2,6,0,0,0,0,0,0,0,0,0.6,0,0,"SF","Away",77,"10/31/23",8
"Trayveon Williams","Cin","RB","W 24-18",2.1,0,0,0,3,13,0,0,0,0,0,0,0,0,1.3,0,0,"Buf","Home",63.5,"11/7/23",9
"Trayveon Williams","Cin","RB","L 27-30",2.8,0,0,0,0,0,0,1,2,0,1,0,0,0,1.2,0,0,"Hou","Home",61,"11/14/23",10
"Trayveon Williams","Cin","RB","L 20-34",2.6,0,0,0,2,20,0,0,0,0,0,0,0,0,2,0,0,"Bal","Away",58.5,"11/21/23",11
"Trayveon Williams","Cin","RB","L 10-16",3,0,0,0,0,0,0,0,0,0,0,0,0,0,0,0,0,"Pit","Home",90,"11/28/23",12
"Trayveon Williams","Cin","RB","W 34-31",1.3,0,0,0,0,0,0,0,0,0,0,0,0,0,0,0,0,"Jax","Away",72,"12/5/23",13
"Trayveon Williams","Cin","RB","W 34-14",0.8,0,0,0,0,0,0,1,-1,0,1,0,0,0,0.9,0,0,"Ind","Home",66,"12/12/23",14
"Trayveon Williams","Cin","RB","W 27-24",0.1,0,0,0,1,10,0,1,2,0,1,0,0,0,2.2,0,0,"Min","Home",64,"12/19/23",15
"Trayveon Williams","Cin","RB","L 11-34",0.1,0,0,0,0,0,0,0,0,0,0,0,0,0,0,0,0,"Pit","Away",92,"12/26/23",16
"Trayveon Williams","Cin","RB","L 17-25",0.1,0,0,0,1,2,0,0,0,0,0,0,0,0,0.2,0,0,"KC","Away",79.5,"1/2/24",17
"Trayveon Williams","Cin","RB","W 31-14",0.5,0,0,0,1,-2,0,0,0,0,0,0,0,0,-0.2,0,0,"Cle","Home",106.5,"1/9/24",18
"Tre Tucker","LV","WR","L 10-38",0,0,0,0,1,34,0,0,0,0,1,0,0,0,3.4,0,0,"Buf","Away",91,"9/19/23",2
"Tre Tucker","LV","WR","L 18-23",0,0,0,0,0,0,0,0,0,0,0,0,0,0,0,0,0,"Pit","Home",141,"9/26/23",3
"Tre Tucker","LV","WR","L 17-24",1.1,0,0,0,0,0,0,0,0,0,0,0,0,0,0,0,0,"LAC","Away",143,"10/3/23",4
"Tre Tucker","LV","WR","W 17-13",1.2,0,0,0,1,16,0,0,0,0,1,0,0,0,1.6,0,0,"GB","Home",98.5,"10/10/23",5
"Tre Tucker","LV","WR","W 21-17",0.7,0,0,0,1,4,0,2,57,0,2,0,0,0,8.1,0,0,"NE","Home",46,"10/17/23",6
"Tre Tucker","LV","WR","L 12-30",2.5,0,0,0,1,2,0,2,16,0,3,0,0,0,3.8,0,0,"Chi","Away",67,"10/24/23",7
"Tre Tucker","LV","WR","L 14-26",2.8,0,0,0,0,0,0,0,0,0,0,0,0,0,0,0,0,"Det","Away",138,"10/31/23",8
"Tre Tucker","LV","WR","W 30-6",0.9,0,0,0,1,4,0,2,52,0,3,0,0,0,7.6,0,0,"NYG","Home",43,"11/7/23",9
"Tre Tucker","LV","WR","W 16-12",3.1,0,0,0,1,9,0,0,0,0,0,0,0,0,0.9,0,0,"NYJ","Home",104,"11/14/23",10
"Tre Tucker","LV","WR","L 13-20",3,0,0,0,1,-6,0,2,36,0,7,0,0,0,5,0,0,"Mia","Away",64.5,"11/21/23",11
"Tre Tucker","LV","WR","L 17-31",5.6,0,0,0,0,0,0,0,0,0,1,0,0,0,0,0,0,"KC","Home",149,"11/28/23",12
"Tre Tucker","LV","WR","L 0-3",2.9,0,0,0,0,0,0,0,0,0,1,0,0,0,0,0,0,"Min","Home",134,"12/12/23",14
"Tre Tucker","LV","WR","W 63-21",2,0,0,0,1,-2,0,3,59,2,4,0,0,0,20.7,0,0,"LAC","Home",15,"12/19/23",15
"Tre Tucker","LV","WR","W 20-14",3.7,0,0,0,1,5,0,1,-4,0,1,0,0,0,1.1,0,0,"KC","Away",119,"12/26/23",16
"Tre Tucker","LV","WR","L 20-23",4.7,0,0,0,0,0,0,2,36,0,5,0,0,0,5.6,0,0,"Ind","Away",65.5,"1/2/24",17
"Tre Tucker","LV","WR","W 27-14",6.5,0,0,0,1,11,0,5,79,0,5,0,0,0,14,0,0,"Den","Home",28,"1/9/24",18
"Tre' McKitty","LAC","TE","L 34-36",1.2,0,0,0,0,0,0,0,0,0,0,0,0,0,0,0,0,"Mia","Home",75,"9/12/23",1
"Tre' McKitty","LAC","TE","L 24-27",0.3,0,0,0,0,0,0,0,0,0,0,0,0,0,0,0,0,"Ten","Away",76,"9/19/23",2
"Tre' McKitty","LAC","TE","W 28-24",0,0,0,0,0,0,0,0,0,0,0,0,0,0,0,0,0,"Min","Away",79,"9/26/23",3
"Tre' McKitty","LAC","TE","W 24-17",0,0,0,0,0,0,0,0,0,0,0,0,0,0,0,0,0,"LV","Home",79.5,"10/3/23",4
"Tre' McKitty","LAC","TE","L 17-20",0,0,0,0,0,0,0,0,0,0,0,0,0,0,0,0,0,"Dal","Home",72,"10/17/23",6
"Tre'Quan Smith","Den","WR","W 24-9",0,0,0,0,0,0,0,0,0,0,0,0,0,0,0,0,0,"KC","Home",138,"10/31/23",8
"Trent Sherfield","Buf","WR","L 16-22",2.8,0,0,0,0,0,0,0,0,0,0,0,0,0,0,0,0,"NYJ","Away",135,"9/12/23",1
"Trent Sherfield","Buf","WR","W 38-10",1.7,0,0,0,0,0,0,0,0,0,0,0,0,0,0,0,0,"LV","Home",145,"9/19/23",2
"Trent Sherfield","Buf","WR","W 37-3",2.1,0,0,0,0,0,0,2,18,0,3,0,0,0,3.8,0,0,"Wsh","Away",86,"9/26/23",3
"Trent Sherfield","Buf","WR","W 48-20",2.3,0,0,0,0,0,0,2,18,0,3,0,0,0,3.8,0,0,"Mia","Home",85,"10/3/23",4
"Trent Sherfield","Buf","WR","L 20-25",3.3,0,0,0,0,0,0,1,3,0,1,0,0,0,1.3,0,0,"Jax","Home",101,"10/10/23",5
"Trent Sherfield","Buf","WR","W 14-9",3.5,0,0,0,0,0,0,0,0,0,0,0,0,0,0,0,0,"NYG","Home",128,"10/17/23",6
"Trent Sherfield","Buf","WR","L 25-29",2.7,0,0,0,0,0,0,1,5,0,1,0,0,0,1.5,0,0,"NE","Away",91.5,"10/24/23",7
"Trent Sherfield","Buf","WR","W 24-18",4,0,0,0,0,0,0,0,0,0,0,0,0,0,0,0,0,"TB","Home",138,"10/31/23",8
"Trent Sherfield","Buf","WR","L 18-24",2.5,0,0,0,0,0,0,1,9,0,2,0,0,0,1.9,0,0,"Cin","Away",92,"11/7/23",9
"Trent Sherfield","Buf","WR","L 22-24",3,0,0,0,0,0,0,0,0,0,0,0,0,0,0,0,0,"Den","Home",123.5,"11/14/23",10
"Trent Sherfield","Buf","WR","W 32-6",1.5,0,0,0,0,0,0,0,0,0,0,0,0,0,0,0,0,"NYJ","Home",126,"11/21/23",11
"Trent Sherfield","Buf","WR","L 34-37",2.9,0,0,0,0,0,0,0,0,0,3,0,0,0,0,0,0,"Phi","Away",149,"11/28/23",12
"Trent Sherfield","Buf","WR","W 20-17",1.1,0,0,0,0,0,0,1,9,0,2,0,0,0,1.9,0,0,"KC","Away",98.5,"12/12/23",14
"Trent Sherfield","Buf","WR","W 31-10",1.7,0,0,0,0,0,0,0,0,0,0,0,0,0,0,0,0,"Dal","Home",140,"12/19/23",15
"Trent Sherfield","Buf","WR","W 24-22",1.5,0,0,0,0,0,0,0,0,0,0,0,0,0,0,0,0,"LAC","Away",144.5,"12/26/23",16
"Trent Sherfield","Buf","WR","W 27-21",0.9,0,0,0,0,0,0,0,0,0,3,0,0,0,0,0,0,"NE","Home",137.5,"1/2/24",17
"Trent Sherfield","Buf","WR","W 21-14",1,0,0,0,0,0,0,3,24,1,4,0,0,0,11.4,0,0,"Mia","Away",35,"1/9/24",18
"Trent Taylor","Chi","WR","L 20-38",0.6,0,0,0,0,0,0,0,0,0,0,0,0,0,0,0,0,"GB","Home",135,"9/12/23",1
"Trent Taylor","Chi","WR","L 17-27",1.2,0,0,0,0,0,0,0,0,0,0,0,0,0,0,0,0,"TB","Away",145,"9/19/23",2
"Trent Taylor","Chi","WR","L 10-41",0.5,0,0,0,0,0,0,0,0,0,0,0,0,0,0,0,0,"KC","Away",141,"9/26/23",3
"Trent Taylor","Chi","WR","L 28-31",1.6,0,0,0,0,0,0,0,0,0,0,0,0,0,0,0,0,"Den","Home",143,"10/3/23",4
"Trent Taylor","Chi","WR","W 40-20",0.1,0,0,0,0,0,0,0,0,0,0,0,0,0,0,0,0,"Wsh","Away",124.5,"10/10/23",5
"Trent Taylor","Chi","WR","L 13-19",1,0,0,0,0,0,0,0,0,0,1,0,0,0,0,0,0,"Min","Home",128,"10/17/23",6
"Trent Taylor","Chi","WR","W 30-12",0.9,0,0,0,0,0,0,0,0,0,0,0,0,0,0,0,0,"LV","Home",116,"10/24/23",7
"Trent Taylor","Chi","WR","L 13-30",0.5,0,0,0,1,-2,0,0,0,0,0,0,0,0,-0.2,0,0,"LAC","Away",163,"10/31/23",8
"Trent Taylor","Chi","WR","L 17-24",0.6,0,0,0,0,0,0,0,0,0,0,0,0,0,0,0,0,"NO","Away",126.5,"11/7/23",9
"Trent Taylor","Chi","WR","W 16-13",0.5,0,0,0,0,0,0,0,0,0,0,0,0,0,0,0,0,"Car","Home",123.5,"11/14/23",10
"Trent Taylor","Chi","WR","L 26-31",0.5,0,0,0,0,0,0,0,0,0,0,0,0,0,0,0,0,"Det","Away",126,"11/21/23",11
"Trent Taylor","Chi","WR","W 12-10",0.1,0,0,0,0,0,0,0,0,0,1,0,0,0,0,0,0,"Min","Away",149,"11/28/23",12
"Trent Taylor","Chi","WR","W 28-13",1,0,0,0,0,0,0,0,0,0,0,0,0,0,0,0,0,"Det","Home",134,"12/12/23",14
"Trent Taylor","Chi","WR","L 17-20",0.9,0,0,0,0,0,0,0,0,0,0,0,1,0,-2,0,0,"Cle","Away",168,"12/19/23",15
"Trent Taylor","Chi","WR","W 27-16",0.1,0,0,0,0,0,0,0,0,0,0,0,0,0,0,0,0,"Ari","Home",144.5,"12/26/23",16
"Trent Taylor","Chi","WR","W 37-17",0.1,0,0,0,0,0,0,0,0,0,0,0,0,0,0,0,0,"Atl","Home",137.5,"1/2/24",17
"Trent Taylor","Chi","WR","L 9-17",1.8,0,0,0,0,0,0,0,0,0,0,0,0,0,0,0,0,"GB","Away",142.5,"1/9/24",18
"Trenton Irwin","Cin","WR","L 3-24",1.8,0,0,0,0,0,0,0,0,0,0,0,0,0,0,0,0,"Cle","Away",135,"9/12/23",1
"Trenton Irwin","Cin","WR","L 24-27",1.2,0,0,0,0,0,0,0,0,0,0,0,0,0,0,0,0,"Bal","Home",145,"9/19/23",2
"Trenton Irwin","Cin","WR","L 3-27",0.6,0,0,0,0,0,0,1,17,0,1,0,0,0,2.7,0,0,"Ten","Away",96.5,"10/3/23",4
"Trenton Irwin","Cin","WR","W 34-20",8,0,0,0,0,0,0,8,60,0,10,0,0,0,14,0,0,"Ari","Away",22,"10/10/23",5
"Trenton Irwin","Cin","WR","W 17-13",1.2,0,0,0,0,0,0,0,0,0,0,0,0,0,0,0,0,"Sea","Home",128,"10/17/23",6
"Trenton Irwin","Cin","WR","W 31-17",1.2,0,0,0,0,0,0,2,24,0,2,0,0,0,4.4,0,0,"SF","Away",85,"10/31/23",8
"Trenton Irwin","Cin","WR","W 24-18",1.8,0,0,0,0,0,0,0,0,0,0,0,0,0,0,0,0,"Buf","Home",126.5,"11/7/23",9
"Trenton Irwin","Cin","WR","L 27-30",8.7,0,0,0,0,0,0,2,54,1,4,0,0,0,13.4,0,0,"Hou","Home",26.5,"11/14/23",10
"Trenton Irwin","Cin","WR","L 20-34",9,0,0,0,0,0,0,3,36,0,5,0,0,0,6.6,0,0,"Bal","Away",55,"11/21/23",11
"Trenton Irwin","Cin","WR","L 10-16",6.8,0,0,0,0,0,0,1,25,0,1,0,0,0,3.5,0,0,"Pit","Home",89.5,"11/28/23",12
"Trenton Irwin","Cin","WR","W 34-31",1.1,0,0,0,0,0,0,1,25,0,1,0,0,0,3.5,0,0,"Jax","Away",63,"12/5/23",13
"Trenton Irwin","Cin","WR","W 34-14",1.1,0,0,0,0,0,0,0,0,0,0,0,0,0,0,0,0,"Ind","Home",134,"12/12/23",14
"Trenton Irwin","Cin","WR","W 27-24",0.6,0,0,0,0,0,0,0,0,0,0,0,0,0,0,0,0,"Min","Home",140,"12/19/23",15
"Trenton Irwin","Cin","WR","L 11-34",3.3,0,0,0,0,0,0,4,37,0,4,0,0,0,7.7,0,0,"Pit","Away",55,"12/26/23",16
"Trenton Irwin","Cin","WR","L 17-25",0.6,0,0,0,0,0,0,1,4,0,2,0,0,0,1.4,0,0,"KC","Away",101.5,"1/2/24",17
"Trenton Irwin","Cin","WR","W 31-14",6.3,0,0,0,0,0,0,2,34,0,2,0,0,0,5.4,0,0,"Cle","Home",62,"1/9/24",18
"Trevon Wesco","Ten","TE","L 15-16",2.6,0,0,0,0,0,0,0,0,0,0,0,0,0,0,0,0,"NO","Away",75,"9/12/23",1
"Trevon Wesco","Ten","TE","W 27-24",1.7,0,0,0,0,0,0,0,0,0,1,0,0,0,0,0,0,"LAC","Home",76,"9/19/23",2
"Trevon Wesco","Ten","TE","L 3-27",1.9,0,0,0,0,0,0,0,0,0,0,0,0,0,0,0,0,"Cle","Away",79,"9/26/23",3
"Trevon Wesco","Ten","TE","W 27-3",1,0,0,0,0,0,0,0,0,0,0,0,0,0,0,0,0,"Cin","Home",79.5,"10/3/23",4
"Trevon Wesco","Ten","TE","L 16-23",0.5,0,0,0,0,0,0,1,21,0,1,0,0,0,3.1,0,0,"Ind","Away",40.5,"10/10/23",5
"Trevon Wesco","Ten","TE","L 16-24",0.5,0,0,0,0,0,0,0,0,0,0,0,0,0,0,0,0,"Bal","Home",72,"10/17/23",6
"Trevon Wesco","Ten","TE","W 28-23",1.3,0,0,0,0,0,0,0,0,0,0,0,0,0,0,0,0,"Atl","Home",73,"10/31/23",8
"Trevon Wesco","Ten","TE","L 16-20",0.5,0,0,0,0,0,0,0,0,0,0,0,0,0,0,0,0,"Pit","Away",68,"11/7/23",9
"Trevon Wesco","Ten","TE","L 6-20",0.5,0,0,0,0,0,0,0,0,0,0,0,0,0,0,0,0,"TB","Away",69.5,"11/14/23",10
"Trevon Wesco","Ten","TE","L 14-34",0,0,0,0,0,0,0,0,0,0,0,0,0,0,0,0,0,"Jax","Away",67,"11/21/23",11
"Trevon Wesco","Ten","TE","W 17-10",0,0,0,0,0,0,0,0,0,0,0,0,0,0,0,0,0,"Car","Home",78,"11/28/23",12
"Trevon Wesco","Ten","TE","L 28-31",0,0,0,0,0,0,0,0,0,0,1,0,0,0,0,0,0,"Ind","Home",66,"12/5/23",13
"Trevon Wesco","Ten","TE","W 28-27",2.6,0,0,0,0,0,0,0,0,0,0,0,0,0,0,0,0,"Mia","Away",73,"12/12/23",14
"Trevon Wesco","Ten","TE","L 16-19",2.5,0,0,0,0,0,0,0,0,0,0,0,0,0,0,0,0,"Hou","Home",81.5,"12/19/23",15
"Trevon Wesco","Ten","TE","W 28-20",0,0,0,0,0,0,0,0,0,0,0,0,0,0,0,0,0,"Jax","Home",76.5,"1/9/24",18
"Trevor Lawrence","Jax","QB","W 31-21",18.5,241,2,1,7,21,0,0,0,0,0,0,0,0,17.74,24,32,"Ind","Away",8,"9/12/23",1
"Trevor Lawrence","Jax","QB","L 9-17",18.4,216,0,0,5,26,0,0,0,0,0,0,1,0,9.24,22,41,"KC","Home",30,"9/19/23",2
"Trevor Lawrence","Jax","QB","L 17-37",17.6,279,1,1,3,12,0,0,0,0,0,0,0,0,14.36,27,40,"Hou","Home",18.5,"9/26/23",3
"Trevor Lawrence","Jax","QB","W 23-7",15.9,207,1,0,8,42,0,0,0,0,0,0,0,0,16.48,23,30,"Atl","Home",15,"10/3/23",4
"Trevor Lawrence","Jax","QB","W 25-20",15,315,1,0,7,31,0,0,0,0,0,0,2,0,15.7,25,37,"Buf","Away",16,"10/10/23",5
"Trevor Lawrence","Jax","QB","W 37-20",17.5,181,2,1,3,15,0,0,0,0,0,0,0,0,14.74,20,30,"Ind","Home",11,"10/17/23",6
"Trevor Lawrence","Jax","QB","W 31-24",15.1,204,1,0,8,59,0,0,0,0,0,0,0,0,18.06,20,29,"NO","Away",9,"10/24/23",7
"Trevor Lawrence","Jax","QB","W 20-10",16.9,292,1,1,1,10,0,0,0,0,0,0,0,0,14.68,24,32,"Pit","Away",16,"10/31/23",8
"Trevor Lawrence","Jax","QB","L 3-34",17.3,185,0,2,2,7,0,0,0,0,0,0,1,0,2.1,17,29,"SF","Home",31,"11/14/23",10
"Trevor Lawrence","Jax","QB","W 34-14",16.2,262,2,0,5,17,2,0,0,0,0,0,0,0,32.18,24,32,"Ten","Home",1,"11/21/23",11
"Trevor Lawrence","Jax","QB","W 24-21",17.1,364,1,1,2,0,1,0,0,0,0,0,0,0,24.56,23,38,"Hou","Away",6,"11/28/23",12
"Trevor Lawrence","Jax","QB","L 31-34",17.7,258,2,0,5,8,1,0,0,0,0,0,0,0,25.12,22,29,"Cin","Home",5,"12/5/23",13
"Trevor Lawrence","Jax","QB","L 27-31",16.4,257,3,3,3,11,0,0,0,0,0,0,0,0,17.38,28,50,"Cle","Away",15,"12/12/23",14
"Trevor Lawrence","Jax","QB","L 7-23",16.1,264,1,0,4,41,0,0,0,0,0,0,2,0,14.66,25,43,"Bal","Home",18,"12/19/23",15
"Trevor Lawrence","Jax","QB","L 12-30",17.5,211,1,2,4,29,0,0,0,0,0,0,1,0,9.34,17,29,"TB","Away",28,"12/26/23",16
"Trevor Lawrence","Jax","QB","L 20-28",17.3,280,2,2,3,10,0,0,0,0,0,0,0,0,16.2,29,43,"Ten","Away",15,"1/9/24",18
"Trevor Siemian","NYJ","QB","L 8-13",0,66,0,0,1,8,0,0,0,0,0,0,1,0,1.44,5,13,"Atl","Home",29,"12/5/23",13
"Trevor Siemian","NYJ","QB","L 0-30",0,110,0,2,0,0,0,0,0,0,0,0,1,0,-1.6,14,26,"Mia","Away",44,"12/19/23",15
"Trevor Siemian","NYJ","QB","W 30-28",13.3,217,1,1,4,18,0,0,0,0,0,0,1,0,10.48,27,49,"Wsh","Home",25,"12/26/23",16
"Trevor Siemian","NYJ","QB","L 20-37",9.7,261,1,1,4,13,0,0,0,0,0,0,0,0,13.74,32,45,"Cle","Away",18,"1/2/24",17
"Trevor Siemian","NYJ","QB","W 17-3",10.2,70,0,0,2,1,0,0,0,0,0,0,0,0,2.9,8,20,"NE","Away",31,"1/9/24",18
"Trey Lance","Dal","QB","L 10-42",0,0,0,0,0,0,0,0,0,0,0,0,0,0,0,0,0,"SF","Away",33,"10/10/23",5
"Trey McBride","Ari","TE","L 16-20",4.4,0,0,0,0,0,0,2,23,0,2,0,0,0,4.3,0,0,"Wsh","Away",29.5,"9/12/23",1
"Trey McBride","Ari","TE","L 28-31",3.4,0,0,0,0,0,0,2,32,0,3,0,0,0,5.2,0,0,"NYG","Home",34,"9/19/23",2
"Trey McBride","Ari","TE","W 28-16",4.6,0,0,0,0,0,0,1,2,0,1,0,0,0,1.2,0,0,"Dal","Home",58,"9/26/23",3
"Trey McBride","Ari","TE","L 16-35",3.9,0,0,0,0,0,0,1,5,0,1,0,0,0,1.5,0,0,"SF","Away",52.5,"10/3/23",4
"Trey McBride","Ari","TE","L 20-34",3,0,0,0,0,0,0,2,17,0,3,0,0,0,3.7,0,0,"Cin","Home",33.5,"10/10/23",5
"Trey McBride","Ari","TE","L 9-26",4.1,0,0,0,0,0,0,4,62,0,5,0,0,0,10.2,0,0,"LAR","Away",12,"10/17/23",6
"Trey McBride","Ari","TE","L 10-20",6.6,0,0,0,0,0,0,3,29,0,6,0,0,0,5.9,0,0,"Sea","Away",20,"10/24/23",7
"Trey McBride","Ari","TE","L 24-31",7.9,0,0,0,0,0,0,10,95,1,14,0,0,0,25.5,0,0,"Bal","Home",1,"10/31/23",8
"Trey McBride","Ari","TE","L 0-27",9,0,0,0,0,0,0,3,22,0,5,0,0,0,5.2,0,0,"Cle","Away",27,"11/7/23",9
"Trey McBride","Ari","TE","W 25-23",10.2,0,0,0,0,0,0,8,131,0,9,0,0,0,21.1,0,0,"Atl","Home",2,"11/14/23",10
"Trey McBride","Ari","TE","L 16-21",11.6,0,0,0,0,0,0,5,43,0,7,0,0,0,9.3,0,0,"Hou","Away",11,"11/21/23",11
"Trey McBride","Ari","TE","L 14-37",11.2,0,0,0,0,0,0,7,60,0,9,0,0,0,13,0,0,"LAR","Home",7,"11/28/23",12
"Trey McBride","Ari","TE","W 24-10",11.2,0,0,0,0,0,0,8,89,1,9,0,0,0,22.9,0,0,"Pit","Away",3,"12/5/23",13
"Trey McBride","Ari","TE","L 29-45",12.9,0,0,0,0,0,0,10,102,0,11,0,0,0,20.2,0,0,"SF","Home",3,"12/19/23",15
"Trey McBride","Ari","TE","L 16-27",13,0,0,0,0,0,0,6,31,0,8,0,0,0,9.1,0,0,"Chi","Away",21,"12/26/23",16
"Trey McBride","Ari","TE","W 35-31",13.3,0,0,0,0,0,0,6,48,0,7,0,0,0,10.8,0,0,"Phi","Away",12.5,"1/2/24",17
"Trey McBride","Ari","TE","L 20-21",12.8,0,0,0,0,0,0,3,34,1,6,0,0,0,12.4,0,0,"Sea","Home",7,"1/9/24",18
"Trey Palmer","TB","WR","W 20-17",2.7,0,0,0,0,0,0,2,8,1,3,0,0,0,8.8,0,0,"Min","Away",47,"9/12/23",1
"Trey Palmer","TB","WR","W 27-17",4.3,0,0,0,0,0,0,1,20,0,2,0,0,0,3,0,0,"Chi","Home",96,"9/19/23",2
"Trey Palmer","TB","WR","L 11-25",4.3,0,0,0,0,0,0,1,8,0,1,0,0,0,1.8,0,0,"Phi","Home",104,"9/26/23",3
"Trey Palmer","TB","WR","W 26-9",4.6,0,0,0,0,0,0,2,6,1,3,0,0,0,8.6,0,0,"NO","Away",47.5,"10/3/23",4
"Trey Palmer","TB","WR","L 6-20",4.4,0,0,0,0,0,0,2,47,0,7,0,0,0,6.7,0,0,"Det","Home",54.5,"10/17/23",6
"Trey Palmer","TB","WR","L 13-16",5.8,0,0,0,0,0,0,1,5,0,2,0,0,0,1.5,0,0,"Atl","Home",91.5,"10/24/23",7
"Trey Palmer","TB","WR","L 18-24",5.1,0,0,0,0,0,0,3,22,0,6,0,0,0,5.2,0,0,"Buf","Away",80,"10/31/23",8
"Trey Palmer","TB","WR","L 37-39",6.1,0,0,0,0,0,0,3,51,0,4,0,0,0,8.1,0,0,"Hou","Away",40.5,"11/7/23",9
"Trey Palmer","TB","WR","W 20-6",7.2,0,0,0,0,0,0,2,21,0,4,0,0,0,4.1,0,0,"Ten","Home",65.5,"11/14/23",10
"Trey Palmer","TB","WR","L 14-27",7.4,0,0,0,1,6,0,4,22,0,6,0,0,0,6.8,0,0,"SF","Away",52,"11/21/23",11
"Trey Palmer","TB","WR","L 20-27",7.7,0,0,0,0,0,0,4,17,0,5,0,0,0,5.7,0,0,"Ind","Away",74,"11/28/23",12
"Trey Palmer","TB","WR","W 21-18",7.6,0,0,0,1,13,0,2,12,0,5,0,0,0,4.5,0,0,"Car","Home",53.5,"12/5/23",13
"Trey Palmer","TB","WR","W 29-25",7.6,0,0,0,1,3,0,1,5,0,1,0,0,0,1.8,0,0,"Atl","Away",101,"12/12/23",14
"Trey Palmer","TB","WR","W 34-20",6.9,0,0,0,0,0,0,1,5,0,2,0,0,0,1.5,0,0,"GB","Away",106,"12/19/23",15
"Trey Palmer","TB","WR","W 30-12",5.5,0,0,0,0,0,0,4,42,0,6,0,0,0,8.2,0,0,"Jax","Home",50.5,"12/26/23",16
"Trey Palmer","TB","WR","L 13-23",6.9,0,0,0,0,0,0,4,84,1,5,0,1,0,16.4,0,0,"NO","Home",20,"1/2/24",17
"Trey Palmer","TB","WR","W 9-0",6.8,0,0,0,0,0,0,2,10,0,6,0,0,0,3,0,0,"Car","Away",87,"1/9/24",18
"Trey Sermon","Ind","RB","W 22-19",2,0,0,0,5,17,0,1,4,0,2,0,0,0,3.1,0,0,"Bal","Away",61.5,"9/26/23",3
"Trey Sermon","Ind","RB","L 23-29",4.2,0,0,0,3,7,0,0,0,0,0,0,0,0,0.7,0,0,"LAR","Home",76,"10/3/23",4
"Trey Sermon","Ind","RB","W 23-16",0,0,0,0,0,0,0,0,0,0,0,0,0,0,0,0,0,"Ten","Home",81,"10/10/23",5
"Trey Sermon","Ind","RB","L 20-37",0,0,0,0,0,0,0,0,0,0,1,0,0,0,0,0,0,"Jax","Away",93,"10/17/23",6
"Trey Sermon","Ind","RB","L 38-39",0,0,0,0,0,0,0,0,0,0,0,0,0,0,0,0,0,"Cle","Home",76,"10/24/23",7
"Trey Sermon","Ind","RB","L 27-38",0,0,0,0,0,0,0,0,0,0,0,0,0,0,0,0,0,"NO","Home",97,"10/31/23",8
"Trey Sermon","Ind","RB","W 27-13",0,0,0,0,0,0,0,0,0,0,0,0,0,0,0,0,0,"Car","Away",82.5,"11/7/23",9
"Trey Sermon","Ind","RB","W 10-6",0,0,0,0,0,0,0,0,0,0,0,0,0,0,0,0,0,"NE","Away",83,"11/14/23",10
"Trey Sermon","Ind","RB","W 27-20",0,0,0,0,0,0,0,0,0,0,0,0,0,0,0,0,0,"TB","Home",90,"11/28/23",12
"Trey Sermon","Ind","RB","W 31-28",6.2,0,0,0,0,0,0,0,0,0,1,0,0,0,0,0,0,"Ten","Away",72,"12/5/23",13
"Trey Sermon","Ind","RB","L 14-34",2.8,0,0,0,3,13,0,0,0,0,0,0,0,0,1.3,0,0,"Cin","Away",63.5,"12/12/23",14
"Trey Sermon","Ind","RB","W 30-13",4.8,0,0,0,17,88,0,0,0,0,0,0,0,0,8.8,0,0,"Pit","Home",30,"12/19/23",15
"Trey Sermon","Ind","RB","L 10-29",5.1,0,0,0,2,3,0,0,0,0,0,0,0,0,0.3,0,0,"Atl","Away",76,"12/26/23",16
"Trey Sermon","Ind","RB","W 23-20",2.5,0,0,0,5,32,0,2,9,0,2,0,0,0,6.1,0,0,"LV","Home",46,"1/2/24",17
"Treylon Burks","Ten","WR","L 15-16",9.8,0,0,0,1,9,0,2,18,0,3,0,0,0,4.7,0,0,"NO","Away",73,"9/12/23",1
"Treylon Burks","Ten","WR","W 27-24",10.3,0,0,0,0,0,0,3,76,0,4,0,0,0,10.6,0,0,"LAC","Home",53,"9/19/23",2
"Treylon Burks","Ten","WR","L 3-27",8.8,0,0,0,0,0,0,1,5,0,6,0,0,0,1.5,0,0,"Cle","Away",110.5,"9/26/23",3
"Treylon Burks","Ten","WR","W 28-23",8,0,0,0,0,0,0,0,0,0,2,0,0,0,0,0,0,"Atl","Home",138,"10/31/23",8
"Treylon Burks","Ten","WR","L 16-20",7,0,0,0,1,5,0,2,23,0,3,0,0,0,4.8,0,0,"Pit","Away",65,"11/7/23",9
"Treylon Burks","Ten","WR","L 28-31",7,0,0,0,0,0,0,0,0,0,0,0,0,0,0,0,0,"Ind","Home",113,"12/5/23",13
"Treylon Burks","Ten","WR","W 28-27",6.7,0,0,0,1,5,0,1,1,0,3,0,0,0,1.6,0,0,"Mia","Away",103.5,"12/12/23",14
"Treylon Burks","Ten","WR","L 16-19",6.1,0,0,0,1,2,0,3,62,0,3,0,0,0,9.4,0,0,"Hou","Home",40.5,"12/19/23",15
"Treylon Burks","Ten","WR","L 17-20",7,0,0,0,1,-3,0,2,25,0,3,0,0,0,4.2,0,0,"Sea","Home",79,"12/26/23",16
"Treylon Burks","Ten","WR","L 3-26",7.1,0,0,0,0,0,0,2,11,0,3,0,0,0,3.1,0,0,"Hou","Away",80,"1/2/24",17
"Treylon Burks","Ten","WR","W 28-20",6.5,0,0,0,0,0,0,0,0,0,0,0,0,0,0,0,0,"Jax","Home",142.5,"1/9/24",18
"Trishton Jackson","Min","WR","L 24-28",0,0,0,0,0,0,0,0,0,0,0,0,0,0,0,0,0,"LAC","Home",141,"9/26/23",3
"Trishton Jackson","Min","WR","W 22-17",0,0,0,0,0,0,0,1,7,0,1,0,0,0,1.7,0,0,"SF","Home",86,"10/24/23",7
"Trishton Jackson","Min","WR","W 24-10",0,0,0,0,0,0,0,0,0,0,0,0,0,0,0,0,0,"GB","Away",138,"10/31/23",8
"Trishton Jackson","Min","WR","W 31-28",0,0,0,0,0,0,0,1,2,0,3,0,0,0,3.2,0,0,"Atl","Away",80,"11/7/23",9
"Trishton Jackson","Min","WR","W 27-19",6.1,0,0,0,0,0,0,0,0,0,0,0,0,0,0,0,0,"NO","Home",123.5,"11/14/23",10
"Trishton Jackson","Min","WR","L 24-27",0,0,0,0,0,0,0,0,0,0,0,0,0,0,0,0,0,"Cin","Away",140,"12/19/23",15
"Tua Tagovailoa","Mia","QB","W 36-34",17.6,466,3,1,5,5,0,0,0,0,0,0,1,0,27.14,28,45,"LAC","Away",1,"9/12/23",1
"Tua Tagovailoa","Mia","QB","W 24-17",17.9,249,1,1,4,3,0,0,0,0,0,0,0,0,12.26,21,30,"NE","Away",26,"9/19/23",2
"Tua Tagovailoa","Mia","QB","W 70-20",20.4,309,4,0,0,0,0,0,0,0,0,0,0,0,28.36,23,26,"Den","Home",2,"9/26/23",3
"Tua Tagovailoa","Mia","QB","L 20-48",18.5,282,1,1,2,7,0,0,0,0,0,0,0,0,13.98,25,35,"Buf","Away",18,"10/3/23",4
"Tua Tagovailoa","Mia","QB","W 31-16",19,308,2,2,2,6,0,0,0,0,0,0,0,0,16.92,22,30,"NYG","Home",13,"10/10/23",5
"Tua Tagovailoa","Mia","QB","W 42-21",20.3,262,3,0,1,0,0,0,0,0,0,0,0,0,22.48,21,31,"Car","Home",2,"10/17/23",6
"Tua Tagovailoa","Mia","QB","L 17-31",20.3,216,1,1,1,-3,0,0,0,0,0,0,0,0,10.34,23,32,"Phi","Away",22,"10/24/23",7
"Tua Tagovailoa","Mia","QB","W 31-17",18.9,324,3,1,6,8,0,0,0,0,0,0,1,0,21.76,30,45,"NE","Home",9,"10/31/23",8
"Tua Tagovailoa","Mia","QB","L 14-21",19.2,193,1,0,2,7,0,0,0,0,0,0,0,0,12.42,21,34,"KC","Away",15,"11/7/23",9
"Tua Tagovailoa","Mia","QB","W 20-13",17.7,325,2,1,2,6,0,0,0,0,0,0,1,0,17.6,28,39,"LV","Home",12,"11/21/23",11
"Tua Tagovailoa","Mia","QB","W 34-13",16.5,243,1,2,2,1,0,0,0,0,0,0,1,0,7.82,21,30,"NYJ","Away",27,"11/28/23",12
"Tua Tagovailoa","Mia","QB","W 45-15",18.3,280,2,0,0,0,0,0,0,0,0,0,0,0,19.2,18,24,"Wsh","Away",9,"12/5/23",13
"Tua Tagovailoa","Mia","QB","L 27-28",17.9,240,0,0,3,15,0,0,0,0,0,0,1,0,9.1,23,33,"Ten","Home",22,"12/12/23",14
"Tua Tagovailoa","Mia","QB","W 30-0",14.2,224,1,0,0,0,0,0,0,0,0,0,0,0,12.96,21,24,"NYJ","Home",22,"12/19/23",15
"Tua Tagovailoa","Mia","QB","W 22-20",16.2,293,1,0,2,-2,0,0,0,0,0,0,0,0,15.52,24,37,"Dal","Home",21,"12/26/23",16
"Tua Tagovailoa","Mia","QB","L 19-56",14.9,237,2,2,2,14,0,0,0,0,0,0,0,0,14.88,22,38,"Bal","Away",17,"1/2/24",17
"Tua Tagovailoa","Mia","QB","L 14-21",15.8,173,1,2,1,7,0,0,0,0,0,0,0,0,7.62,17,27,"Buf","Home",27,"1/9/24",18
"Tucker Fisk","Atl","TE","W 16-13",NA,0,0,0,0,0,0,0,0,0,0,0,0,0,0,0,0,"TB","Away",62,"10/24/23",7
"Tucker Fisk","Atl","TE","L 28-31",0,0,0,0,0,0,0,0,0,0,0,0,0,0,0,0,0,"Min","Home",68,"11/7/23",9
"Tucker Fisk","Atl","TE","L 7-9",0,0,0,0,0,0,0,1,9,0,1,0,0,0,1.9,0,0,"Car","Away",51.5,"12/19/23",15
"Tucker Fisk","Atl","TE","W 29-10",0,0,0,0,0,0,0,0,0,0,0,0,0,0,0,0,0,"Ind","Home",78,"12/26/23",16
"Tucker Fisk","Atl","TE","L 17-37",0,0,0,0,0,0,0,0,0,0,0,0,0,0,0,0,0,"Chi","Away",76,"1/2/24",17
"Tucker Fisk","Atl","TE","L 17-48",0,0,0,0,0,0,0,0,0,0,0,0,0,0,0,0,0,"NO","Away",76.5,"1/9/24",18
"Tucker Kraft","GB","TE","W 38-20",3.3,0,0,0,0,0,0,0,0,0,0,0,0,0,0,0,0,"Chi","Away",75,"9/12/23",1
"Tucker Kraft","GB","TE","L 24-25",0.6,0,0,0,0,0,0,0,0,0,0,0,0,0,0,0,0,"Atl","Away",76,"9/19/23",2
"Tucker Kraft","GB","TE","W 18-17",0,0,0,0,0,0,0,0,0,0,0,0,0,0,0,0,0,"NO","Home",79,"9/26/23",3
"Tucker Kraft","GB","TE","L 20-34",0,0,0,0,0,0,0,2,5,0,2,0,0,0,2.5,0,0,"Det","Home",39,"10/3/23",4
"Tucker Kraft","GB","TE","L 13-17",0.6,0,0,0,0,0,0,0,0,0,0,0,0,0,0,0,0,"LV","Away",71,"10/10/23",5
"Tucker Kraft","GB","TE","L 17-19",1.1,0,0,0,0,0,0,0,0,0,0,0,0,0,0,0,0,"Den","Away",62,"10/24/23",7
"Tucker Kraft","GB","TE","L 10-24",0.5,0,0,0,0,0,0,0,0,0,0,0,0,0,0,0,0,"Min","Home",73,"10/31/23",8
"Tucker Kraft","GB","TE","W 20-3",0.5,0,0,0,0,0,0,0,0,0,0,0,0,0,0,0,0,"LAR","Home",68,"11/7/23",9
"Tucker Kraft","GB","TE","L 19-23",0.3,0,0,0,0,0,0,1,6,0,3,0,0,0,1.6,0,0,"Pit","Away",43,"11/14/23",10
"Tucker Kraft","GB","TE","W 23-20",1.6,0,0,0,0,0,0,2,32,0,2,0,0,0,5.2,0,0,"LAC","Home",24,"11/21/23",11
"Tucker Kraft","GB","TE","W 29-22",6.3,0,0,0,0,0,0,2,15,1,2,0,0,0,9.5,0,0,"Det","Away",11,"11/28/23",12
"Tucker Kraft","GB","TE","W 27-19",4.5,0,0,0,0,0,0,3,37,0,6,0,0,0,6.7,0,0,"KC","Home",20,"12/5/23",13
"Tucker Kraft","GB","TE","L 22-24",5.6,0,0,0,0,0,0,4,64,0,4,0,0,0,10.4,0,0,"NYG","Away",12,"12/12/23",14
"Tucker Kraft","GB","TE","L 20-34",7.2,0,0,0,0,0,0,4,57,1,6,0,0,0,15.7,0,0,"TB","Home",6,"12/19/23",15
"Tucker Kraft","GB","TE","W 33-30",9.2,0,0,0,0,0,0,4,60,0,6,0,0,0,10,0,0,"Car","Away",16,"12/26/23",16
"Tucker Kraft","GB","TE","W 33-10",9.2,0,0,0,0,0,0,6,48,0,6,0,0,0,10.8,0,0,"Min","Away",12.5,"1/2/24",17
"Tucker Kraft","GB","TE","W 17-9",6.9,0,0,0,0,0,0,3,31,0,3,0,0,0,6.1,0,0,"Chi","Home",20,"1/9/24",18
"Tutu Atwell","LAR","WR","W 30-13",9.3,0,0,0,0,0,0,6,119,0,8,0,0,0,17.9,0,0,"Sea","Away",15,"9/12/23",1
"Tutu Atwell","LAR","WR","L 23-30",10.5,0,0,0,1,5,0,7,77,0,9,0,0,0,15.2,0,0,"SF","Home",31,"9/19/23",2
"Tutu Atwell","LAR","WR","L 16-19",11.6,0,0,0,1,22,0,4,50,1,9,0,0,0,17.2,0,0,"Cin","Away",18.5,"9/26/23",3
"Tutu Atwell","LAR","WR","W 29-23",13.3,0,0,0,0,0,0,5,24,0,9,0,0,0,7.4,0,0,"Ind","Away",51.5,"10/3/23",4
"Tutu Atwell","LAR","WR","L 14-23",10.6,0,0,0,0,0,0,2,9,1,5,0,0,0,8.9,0,0,"Phi","Home",43,"10/10/23",5
"Tutu Atwell","LAR","WR","W 26-9",10.5,0,0,0,0,0,0,1,30,0,1,0,0,0,4,0,0,"Ari","Home",78,"10/17/23",6
"Tutu Atwell","LAR","WR","L 17-24",8.5,0,0,0,0,0,0,1,31,1,2,0,0,0,10.1,0,0,"Pit","Home",37,"10/24/23",7
"Tutu Atwell","LAR","WR","L 20-43",6.6,0,0,0,2,8,0,2,21,0,4,0,0,0,6.9,0,0,"Dal","Away",68.5,"10/31/23",8
"Tutu Atwell","LAR","WR","L 3-20",7.2,0,0,0,0,0,0,4,13,0,7,0,0,0,5.3,0,0,"GB","Away",60,"11/7/23",9
"Tutu Atwell","LAR","WR","W 17-16",7.9,0,0,0,0,0,0,1,17,0,3,0,0,0,2.7,0,0,"Sea","Home",82,"11/21/23",11
"Tutu Atwell","LAR","WR","W 37-14",5.6,0,0,0,0,0,0,3,76,0,3,0,0,0,10.6,0,0,"Ari","Away",36,"11/28/23",12
"Tutu Atwell","LAR","WR","W 36-19",5.8,0,0,0,0,0,0,1,9,0,2,0,0,0,1.9,0,0,"Cle","Home",81,"12/5/23",13
"Tutu Atwell","LAR","WR","L 31-37",5,0,0,0,0,0,0,0,0,0,1,0,0,0,0,0,0,"Bal","Away",134,"12/12/23",14
"Tutu Atwell","LAR","WR","W 30-22",4.8,0,0,0,0,0,0,0,0,0,0,0,0,0,0,0,0,"NO","Home",144.5,"12/26/23",16
"Tutu Atwell","LAR","WR","W 26-25",1.5,0,0,0,0,0,0,0,0,0,0,0,0,0,0,0,0,"NYG","Away",137.5,"1/2/24",17
"Tutu Atwell","LAR","WR","W 21-20",6.1,0,0,0,1,-4,0,2,7,0,4,0,0,0,4.3,0,0,"SF","Away",72.5,"1/9/24",18
"Ty Chandler","Min","RB","L 17-20",6.5,0,0,0,3,0,0,1,18,0,1,0,0,0,2.8,0,0,"TB","Home",57.5,"9/12/23",1
"Ty Chandler","Min","RB","L 28-34",5.7,0,0,0,1,0,0,2,9,0,2,0,0,0,2.9,0,0,"Phi","Away",55.5,"9/19/23",2
"Ty Chandler","Min","RB","L 24-28",6.5,0,0,0,3,27,0,1,4,0,2,0,0,0,4.1,0,0,"LAC","Home",53,"9/26/23",3
"Ty Chandler","Min","RB","W 21-13",3.3,0,0,0,0,0,0,0,0,0,0,0,0,0,0,0,0,"Car","Away",93.5,"10/3/23",4
"Ty Chandler","Min","RB","L 20-27",0.1,0,0,0,1,15,0,0,0,0,0,0,0,0,1.5,0,0,"KC","Home",61,"10/10/23",5
"Ty Chandler","Min","RB","W 19-13",0.5,0,0,0,0,0,0,0,0,0,0,0,0,0,0,0,0,"Chi","Away",93,"10/17/23",6
"Ty Chandler","Min","RB","W 22-17",0,0,0,0,0,0,0,1,12,0,1,0,0,0,2.2,0,0,"SF","Home",50,"10/24/23",7
"Ty Chandler","Min","RB","W 24-10",0.6,0,0,0,0,0,0,0,0,0,0,0,0,0,0,0,0,"GB","Away",97,"10/31/23",8
"Ty Chandler","Min","RB","W 31-28",0.1,0,0,0,0,0,0,0,0,0,0,0,0,0,0,0,0,"Atl","Away",82.5,"11/7/23",9
"Ty Chandler","Min","RB","W 27-19",4.4,0,0,0,15,45,1,0,0,0,0,0,0,0,10.5,0,0,"NO","Home",27.5,"11/14/23",10
"Ty Chandler","Min","RB","L 20-21",7.3,0,0,0,10,73,0,4,37,0,4,0,0,0,15,0,0,"Den","Away",15,"11/21/23",11
"Ty Chandler","Min","RB","L 10-12",7.1,0,0,0,4,8,0,1,3,0,2,0,0,0,2.1,0,0,"Chi","Home",62.5,"11/28/23",12
"Ty Chandler","Min","RB","W 3-0",6.9,0,0,0,12,35,0,3,7,0,3,0,0,0,7.2,0,0,"LV","Away",40,"12/12/23",14
"Ty Chandler","Min","RB","L 24-27",12.4,0,0,0,23,132,1,3,25,0,4,0,0,0,24.7,0,0,"Cin","Away",4,"12/19/23",15
"Ty Chandler","Min","RB","L 24-30",13.2,0,0,0,8,17,1,0,0,0,0,0,0,0,7.7,0,0,"Det","Home",42,"12/26/23",16
"Ty Chandler","Min","RB","L 10-33",13.3,0,0,0,10,40,0,3,24,0,3,0,0,0,9.4,0,0,"GB","Home",31,"1/2/24",17
"Ty Chandler","Min","RB","L 20-30",12.6,0,0,0,12,69,0,2,20,0,3,0,0,0,10.9,0,0,"Det","Away",26,"1/9/24",18
"Ty Johnson","Buf","RB","L 25-29",0,0,0,0,0,0,0,0,0,0,0,0,0,0,0,0,0,"NE","Away",76,"10/24/23",7
"Ty Johnson","Buf","RB","W 24-18",0,0,0,0,0,0,0,0,0,0,0,0,0,0,0,0,0,"TB","Home",97,"10/31/23",8
"Ty Johnson","Buf","RB","L 18-24",0,0,0,0,0,0,0,0,0,0,0,0,0,0,0,0,0,"Cin","Away",82.5,"11/7/23",9
"Ty Johnson","Buf","RB","L 22-24",0,0,0,0,1,2,0,0,0,0,0,0,0,0,0.2,0,0,"Den","Home",69,"11/14/23",10
"Ty Johnson","Buf","RB","W 32-6",0,0,0,0,3,11,0,3,47,1,3,0,0,0,14.8,0,0,"NYJ","Home",16,"11/21/23",11
"Ty Johnson","Buf","RB","L 34-37",1.9,0,0,0,6,19,0,0,0,0,0,0,0,0,1.9,0,0,"Phi","Away",64,"11/28/23",12
"Ty Johnson","Buf","RB","W 20-17",3.6,0,0,0,5,19,0,2,2,0,2,0,0,0,4.1,0,0,"KC","Away",48,"12/12/23",14
"Ty Johnson","Buf","RB","W 31-10",4.2,0,0,0,9,54,0,1,4,0,1,0,0,0,6.8,0,0,"Dal","Home",40,"12/19/23",15
"Ty Johnson","Buf","RB","W 27-21",5.4,0,0,0,5,22,0,0,0,0,0,0,0,0,2.2,0,0,"NE","Home",67.5,"1/2/24",17
"Ty Johnson","Buf","RB","W 21-14",4.9,0,0,0,1,5,0,1,9,0,1,0,0,0,2.4,0,0,"Mia","Away",54,"1/9/24",18
"Ty Montgomery II","NE","RB","L 20-25",1.4,0,0,0,1,7,0,2,9,0,3,0,0,0,3.6,0,0,"Phi","Home",54,"9/12/23",1
"Ty Montgomery II","NE","RB","L 17-24",1.8,0,0,0,0,0,0,0,0,0,1,0,0,0,0,0,0,"Mia","Home",96,"9/19/23",2
"Ty Montgomery II","NE","RB","W 15-10",1.3,0,0,0,0,0,0,0,0,0,0,0,0,0,0,0,0,"NYJ","Away",95.5,"9/26/23",3
"Ty Montgomery II","NE","RB","L 3-38",0.1,0,0,0,0,0,0,0,0,0,0,0,0,0,0,0,0,"Dal","Away",93.5,"10/3/23",4
"Ty Montgomery II","NE","RB","L 0-34",0.1,0,0,0,1,0,0,1,5,0,4,0,0,0,1.5,0,0,"NO","Home",61,"10/10/23",5
"Ty Montgomery II","NE","RB","L 17-21",1.6,0,0,0,0,0,0,1,9,0,1,0,0,0,1.9,0,0,"LV","Away",64,"10/17/23",6
"Ty Montgomery II","NE","RB","W 29-25",1.6,0,0,0,0,0,0,0,0,0,0,0,0,0,0,0,0,"Buf","Home",76,"10/24/23",7
"Ty Montgomery II","NE","RB","L 17-31",0.6,0,0,0,0,0,0,0,0,0,0,0,0,0,0,0,0,"Mia","Away",97,"10/31/23",8
"Ty Montgomery II","NE","RB","L 17-20",0.1,0,0,0,0,0,0,0,0,0,0,0,0,0,0,0,0,"Wsh","Home",82.5,"11/7/23",9
"Ty Montgomery II","NE","RB","L 6-10",0.1,0,0,0,0,0,0,0,0,0,0,0,0,0,0,0,0,"Ind","Home",83,"11/14/23",10
"Ty Montgomery II","NE","RB","L 7-10",0.1,0,0,0,0,0,0,0,0,0,1,0,0,0,0,0,0,"NYG","Away",90,"11/28/23",12
"Tyjae Spears","Ten","RB","L 15-16",3.4,0,0,0,3,27,0,1,1,0,4,0,0,0,3.8,0,0,"NO","Away",52.5,"9/12/23",1
"Tyjae Spears","Ten","RB","W 27-24",6,0,0,0,8,49,0,2,6,0,2,0,0,0,7.5,0,0,"LAC","Home",32,"9/19/23",2
"Tyjae Spears","Ten","RB","L 3-27",5.5,0,0,0,4,6,0,4,3,0,4,0,0,0,4.9,0,0,"Cle","Away",49.5,"9/26/23",3
"Tyjae Spears","Ten","RB","W 27-3",8.7,0,0,0,5,40,0,3,18,0,4,0,0,0,8.8,0,0,"Cin","Home",29,"10/3/23",4
"Tyjae Spears","Ten","RB","L 16-23",8.7,0,0,0,7,34,1,4,35,0,5,0,0,0,16.9,0,0,"Ind","Away",9,"10/10/23",5
"Tyjae Spears","Ten","RB","L 16-24",9.5,0,0,0,4,15,0,1,48,0,1,0,0,0,7.3,0,0,"Bal","Home",30,"10/17/23",6
"Tyjae Spears","Ten","RB","W 28-23",7.4,0,0,0,3,27,0,3,9,0,4,0,0,0,6.6,0,0,"Atl","Home",40,"10/31/23",8
"Tyjae Spears","Ten","RB","L 16-20",7.9,0,0,0,5,18,0,4,4,0,6,0,0,0,6.2,0,0,"Pit","Away",35.5,"11/7/23",9
"Tyjae Spears","Ten","RB","L 6-20",9,0,0,0,5,18,0,4,42,0,5,0,0,0,10,0,0,"TB","Away",30,"11/14/23",10
"Tyjae Spears","Ten","RB","L 14-34",9.2,0,0,0,4,14,0,2,12,0,2,0,0,0,4.6,0,0,"Jax","Away",41,"11/21/23",11
"Tyjae Spears","Ten","RB","W 17-10",9.1,0,0,0,2,6,0,1,1,0,3,0,0,0,1.7,0,0,"Car","Home",65,"11/28/23",12
"Tyjae Spears","Ten","RB","L 28-31",8.5,0,0,0,16,75,0,4,13,0,6,0,0,0,12.8,0,0,"Ind","Home",16,"12/5/23",13
"Tyjae Spears","Ten","RB","W 28-27",8.7,0,0,0,7,29,0,6,89,0,8,0,0,0,17.8,0,0,"Mia","Away",13,"12/12/23",14
"Tyjae Spears","Ten","RB","L 16-19",10,0,0,0,9,30,0,1,7,0,1,0,0,0,4.7,0,0,"Hou","Home",48,"12/19/23",15
"Tyjae Spears","Ten","RB","L 17-20",10.9,0,0,0,9,40,0,5,27,0,6,0,0,0,11.7,0,0,"Sea","Home",23,"12/26/23",16
"Tyjae Spears","Ten","RB","L 3-26",10.7,0,0,0,6,0,0,4,29,0,6,0,0,0,6.9,0,0,"Hou","Away",42.5,"1/2/24",17
"Tyjae Spears","Ten","RB","W 28-20",11.9,0,0,0,3,25,1,3,41,1,3,0,0,0,21.6,0,0,"Jax","Home",8,"1/9/24",18
"Tylan Wallace","Bal","WR","W 25-9",0,0,0,0,0,0,0,0,0,0,0,0,0,0,0,0,0,"Hou","Home",135,"9/12/23",1
"Tylan Wallace","Bal","WR","W 27-24",0,0,0,0,0,0,0,0,0,0,0,0,0,0,0,0,0,"Cin","Away",145,"9/19/23",2
"Tylan Wallace","Bal","WR","L 19-22",0,0,0,0,0,0,0,0,0,0,0,0,0,0,0,0,0,"Ind","Home",141,"9/26/23",3
"Tylan Wallace","Bal","WR","W 37-3",0,0,0,0,0,0,0,0,0,0,0,0,0,0,0,0,0,"Sea","Home",126.5,"11/7/23",9
"Tylan Wallace","Bal","WR","W 34-20",0,0,0,0,0,0,0,0,0,0,0,0,0,0,0,0,0,"Cin","Home",126,"11/21/23",11
"Tylan Wallace","Bal","WR","W 20-10",0,0,0,0,0,0,0,0,0,0,0,0,0,0,0,0,0,"LAC","Away",149,"11/28/23",12
"Tylan Wallace","Bal","WR","W 37-31",0,0,0,0,0,0,0,0,0,0,0,0,0,1,6,0,0,"LAR","Home",56,"12/12/23",14
"Tylan Wallace","Bal","WR","W 23-7",0.2,0,0,0,0,0,0,0,0,0,0,0,0,0,0,0,0,"Jax","Away",140,"12/19/23",15
"Tylan Wallace","Bal","WR","W 33-19",0.2,0,0,0,0,0,0,0,0,0,0,0,0,0,0,0,0,"SF","Away",144.5,"12/26/23",16
"Tylan Wallace","Bal","WR","W 56-19",0.2,0,0,0,0,0,0,0,0,0,0,0,0,0,0,0,0,"Mia","Home",137.5,"1/2/24",17
"Tylan Wallace","Bal","WR","L 10-17",5.8,0,0,0,0,0,0,1,11,0,2,0,0,0,2.1,0,0,"Pit","Home",95.5,"1/9/24",18
"Tyler Allgeier","Atl","RB","W 24-10",8.8,0,0,0,15,75,2,3,19,0,3,0,0,0,24.4,0,0,"Car","Home",4,"9/12/23",1
"Tyler Allgeier","Atl","RB","W 25-24",13.2,0,0,0,16,48,0,0,0,0,0,0,0,0,4.8,0,0,"GB","Home",49,"9/19/23",2
"Tyler Allgeier","Atl","RB","L 6-20",11.6,0,0,0,7,12,0,2,17,0,3,0,0,0,4.9,0,0,"Det","Away",49.5,"9/26/23",3
"Tyler Allgeier","Atl","RB","L 7-23",10.1,0,0,0,7,16,0,1,-4,0,2,0,0,0,2.2,0,0,"Jax","Away",66.5,"10/3/23",4
"Tyler Allgeier","Atl","RB","W 21-19",9.5,0,0,0,17,40,0,0,0,0,1,0,0,0,6,0,0,"Hou","Home",34,"10/10/23",5
"Tyler Allgeier","Atl","RB","L 16-24",10,0,0,0,13,51,0,0,0,0,1,0,0,0,5.1,0,0,"Wsh","Home",41,"10/17/23",6
"Tyler Allgeier","Atl","RB","W 16-13",7.2,0,0,0,21,59,0,3,53,0,3,0,0,0,14.2,0,0,"TB","Away",16,"10/24/23",7
"Tyler Allgeier","Atl","RB","L 23-28",8.1,0,0,0,8,31,0,0,0,0,0,0,0,0,3.1,0,0,"Ten","Away",59,"10/31/23",8
"Tyler Allgeier","Atl","RB","L 28-31",7.1,0,0,0,12,39,1,2,-9,0,3,0,0,0,11,0,0,"Min","Home",19.5,"11/7/23",9
"Tyler Allgeier","Atl","RB","L 23-25",9,0,0,0,9,31,0,1,7,0,1,0,0,0,4.8,0,0,"Ari","Away",43,"11/14/23",10
"Tyler Allgeier","Atl","RB","W 24-15",8.3,0,0,0,10,64,0,0,0,0,0,0,0,0,6.4,0,0,"NO","Home",44,"11/28/23",12
"Tyler Allgeier","Atl","RB","W 13-8",7.1,0,0,0,8,26,0,0,0,0,0,0,0,0,2.6,0,0,"NYJ","Away",47,"12/5/23",13
"Tyler Allgeier","Atl","RB","L 25-29",5.9,0,0,0,9,40,0,0,0,0,0,0,0,0,4,0,0,"TB","Home",49.5,"12/12/23",14
"Tyler Allgeier","Atl","RB","L 7-9",6.1,0,0,0,14,45,0,1,6,0,1,0,0,0,6.1,0,0,"Car","Away",43,"12/19/23",15
"Tyler Allgeier","Atl","RB","W 29-10",6.6,0,0,0,9,69,1,1,19,0,1,0,0,0,15.8,0,0,"Ind","Home",13,"12/26/23",16
"Tyler Allgeier","Atl","RB","L 17-37",6.4,0,0,0,5,13,0,1,75,1,1,0,0,0,15.8,0,0,"Chi","Away",15,"1/2/24",17
"Tyler Allgeier","Atl","RB","L 17-48",6.2,0,0,0,6,24,0,3,10,0,3,0,0,0,6.4,0,0,"NO","Away",37,"1/9/24",18
"Tyler Boyd","Cin","WR","L 3-24",8.1,0,0,0,0,0,0,2,10,0,3,0,0,0,3,0,0,"Cle","Away",88.5,"9/12/23",1
"Tyler Boyd","Cin","WR","L 24-27",8.8,0,0,0,0,0,0,6,52,0,8,0,0,0,11.2,0,0,"Bal","Home",49,"9/19/23",2
"Tyler Boyd","Cin","WR","W 19-16",9.3,0,0,0,0,0,0,5,39,0,9,0,0,0,8.9,0,0,"LAR","Home",51,"9/26/23",3
"Tyler Boyd","Cin","WR","L 3-27",10.4,0,0,0,0,0,0,4,26,0,7,0,0,0,6.6,0,0,"Ten","Away",57,"10/3/23",4
"Tyler Boyd","Cin","WR","W 34-20",11.7,0,0,0,0,0,0,6,39,0,7,0,0,0,9.9,0,0,"Ari","Away",34.5,"10/10/23",5
"Tyler Boyd","Cin","WR","W 17-13",9.9,0,0,0,0,0,0,7,38,1,7,0,0,0,16.8,0,0,"Sea","Home",17,"10/17/23",6
"Tyler Boyd","Cin","WR","W 31-17",9.8,0,0,0,1,6,0,3,40,1,3,0,0,0,13.6,0,0,"SF","Away",31,"10/31/23",8
"Tyler Boyd","Cin","WR","W 24-18",8.9,0,0,0,0,0,0,3,56,0,5,0,0,0,8.6,0,0,"Buf","Home",37,"11/7/23",9
"Tyler Boyd","Cin","WR","L 27-30",11.7,0,0,0,0,0,0,8,117,0,12,0,0,0,19.7,0,0,"Hou","Home",10,"11/14/23",10
"Tyler Boyd","Cin","WR","L 20-34",12.2,0,0,0,0,0,0,3,22,0,6,0,0,0,5.2,0,0,"Bal","Away",62,"11/21/23",11
"Tyler Boyd","Cin","WR","L 10-16",9.7,0,0,0,0,0,0,3,23,0,5,0,0,0,5.3,0,0,"Pit","Home",78,"11/28/23",12
"Tyler Boyd","Cin","WR","W 34-31",7,0,0,1,1,5,0,5,37,0,7,0,0,0,7.2,0,1,"Jax","Away",46,"12/5/23",13
"Tyler Boyd","Cin","WR","W 34-14",7.9,0,0,0,0,0,0,2,23,0,3,0,0,0,4.3,0,0,"Ind","Home",70.5,"12/12/23",14
"Tyler Boyd","Cin","WR","W 27-24",6.1,0,0,0,0,0,0,2,53,0,5,0,0,0,7.3,0,0,"Min","Home",52,"12/19/23",15
"Tyler Boyd","Cin","WR","L 11-34",10.3,0,0,0,0,0,0,5,59,0,7,0,0,0,10.9,0,0,"Pit","Away",37,"12/26/23",16
"Tyler Boyd","Cin","WR","L 17-25",7,0,0,0,0,0,0,2,29,0,2,0,0,0,4.9,0,0,"KC","Away",70.5,"1/2/24",17
"Tyler Boyd","Cin","WR","W 31-14",6.4,0,0,0,0,0,0,1,4,0,2,0,0,0,1.4,0,0,"Cle","Home",110,"1/9/24",18
"Tyler Conklin","NYJ","TE","W 22-16",7.1,0,0,0,0,0,0,1,2,0,1,0,0,0,1.2,0,0,"Buf","Home",47.5,"9/12/23",1
"Tyler Conklin","NYJ","TE","L 10-30",6.3,0,0,0,0,0,0,5,50,0,6,0,0,0,10,0,0,"Dal","Away",13.5,"9/19/23",2
"Tyler Conklin","NYJ","TE","L 10-15",6.2,0,0,0,0,0,0,3,26,0,5,0,0,0,5.6,0,0,"NE","Home",24,"9/26/23",3
"Tyler Conklin","NYJ","TE","L 20-23",6.9,0,0,0,0,0,0,4,58,0,6,0,0,0,9.8,0,0,"KC","Home",16,"10/3/23",4
"Tyler Conklin","NYJ","TE","W 31-21",8.3,0,0,0,0,0,0,4,67,0,5,0,0,0,10.7,0,0,"Den","Away",12.5,"10/10/23",5
"Tyler Conklin","NYJ","TE","W 20-14",8.4,0,0,0,0,0,0,3,24,0,4,0,0,0,5.4,0,0,"Phi","Home",20.5,"10/17/23",6
"Tyler Conklin","NYJ","TE","W 13-10",7.2,0,0,0,0,0,0,0,0,0,2,0,0,0,0,0,0,"NYG","Away",73,"10/31/23",8
"Tyler Conklin","NYJ","TE","L 6-27",6.9,0,0,0,0,0,0,6,66,0,6,0,0,0,12.6,0,0,"LAC","Home",13.5,"11/7/23",9
"Tyler Conklin","NYJ","TE","L 12-16",6.5,0,0,0,0,0,0,7,70,0,7,0,0,0,14,0,0,"LV","Away",5,"11/14/23",10
"Tyler Conklin","NYJ","TE","L 6-32",7.9,0,0,0,0,0,0,2,18,0,3,0,0,0,3.8,0,0,"Buf","Away",29,"11/21/23",11
"Tyler Conklin","NYJ","TE","L 13-34",6.9,0,0,0,0,0,0,4,33,0,5,0,0,0,7.3,0,0,"Mia","Home",21,"11/28/23",12
"Tyler Conklin","NYJ","TE","L 8-13",7.3,0,0,0,0,0,0,3,35,0,9,0,0,0,6.5,0,0,"Atl","Home",21,"12/5/23",13
"Tyler Conklin","NYJ","TE","W 30-6",7.5,0,0,0,0,0,0,4,57,0,6,0,0,0,9.7,0,0,"Hou","Home",16,"12/12/23",14
"Tyler Conklin","NYJ","TE","L 0-30",7.6,0,0,0,0,0,0,4,18,0,7,0,0,0,5.8,0,0,"Mia","Away",30,"12/19/23",15
"Tyler Conklin","NYJ","TE","W 30-28",8.4,0,0,0,1,0,0,4,36,0,7,0,0,0,7.6,0,0,"Wsh","Home",26,"12/26/23",16
"Tyler Conklin","NYJ","TE","L 20-37",7.9,0,0,0,0,0,0,5,45,0,5,0,0,0,9.5,0,0,"Cle","Away",16,"1/2/24",17
"Tyler Conklin","NYJ","TE","W 17-3",7.3,0,0,0,0,0,0,2,16,0,3,0,0,0,3.6,0,0,"NE","Away",33,"1/9/24",18
"Tyler Goodson","Ind","RB","W 31-28",NA,0,0,0,0,0,0,2,11,0,2,0,0,0,3.1,0,0,"Ten","Away",41,"12/5/23",13
"Tyler Goodson","Ind","RB","L 14-34",4.4,0,0,0,0,0,0,1,-2,0,1,0,0,0,0.8,0,0,"Cin","Away",69,"12/12/23",14
"Tyler Goodson","Ind","RB","W 30-13",2.8,0,0,0,11,69,0,2,10,0,2,0,0,0,9.9,0,0,"Pit","Home",25.5,"12/19/23",15
"Tyler Goodson","Ind","RB","L 10-29",4.3,0,0,0,1,15,0,1,15,0,2,0,0,0,4,0,0,"Atl","Away",53,"12/26/23",16
"Tyler Goodson","Ind","RB","W 23-20",3.8,0,0,0,1,3,0,0,0,0,0,0,0,0,0.3,0,0,"LV","Home",77.5,"1/2/24",17
"Tyler Goodson","Ind","RB","L 19-23",0,0,0,0,0,0,0,0,0,0,2,0,0,0,0,0,0,"Hou","Home",88.5,"1/9/24",18
"Tyler Higbee","LAR","TE","W 30-13",11.8,0,0,0,0,0,0,3,49,0,3,0,0,0,7.9,0,0,"Sea","Away",14.5,"9/12/23",1
"Tyler Higbee","LAR","TE","L 23-30",10,0,0,0,0,0,0,3,12,0,7,0,0,0,4.2,0,0,"SF","Home",38,"9/19/23",2
"Tyler Higbee","LAR","TE","L 16-19",8.2,0,0,0,0,0,0,5,71,0,5,0,0,0,12.1,0,0,"Cin","Away",9,"9/26/23",3
"Tyler Higbee","LAR","TE","W 29-23",8.4,0,0,0,0,0,0,5,64,0,11,0,0,0,11.4,0,0,"Ind","Away",9,"10/3/23",4
"Tyler Higbee","LAR","TE","L 14-23",7.9,0,0,0,0,0,0,2,20,0,3,0,0,0,4,0,0,"Phi","Home",29,"10/10/23",5
"Tyler Higbee","LAR","TE","W 26-9",7.2,0,0,0,0,0,0,2,18,0,3,0,0,0,3.8,0,0,"Ari","Home",28.5,"10/17/23",6
"Tyler Higbee","LAR","TE","L 17-24",7.4,0,0,0,0,0,0,1,7,0,3,0,0,0,1.7,0,0,"Pit","Home",36,"10/24/23",7
"Tyler Higbee","LAR","TE","L 20-43",7.2,0,0,0,0,0,0,5,45,0,7,0,0,0,9.5,0,0,"Dal","Away",16,"10/31/23",8
"Tyler Higbee","LAR","TE","L 3-20",6.7,0,0,0,0,0,0,0,0,0,1,0,0,0,0,0,0,"GB","Away",68,"11/7/23",9
"Tyler Higbee","LAR","TE","W 17-16",6.5,0,0,0,0,0,0,1,17,0,3,0,0,0,2.7,0,0,"Sea","Home",34,"11/21/23",11
"Tyler Higbee","LAR","TE","W 37-14",6.4,0,0,0,0,0,0,5,29,2,5,0,0,0,19.9,0,0,"Ari","Away",2,"11/28/23",12
"Tyler Higbee","LAR","TE","W 36-19",6.1,0,0,0,0,0,0,2,35,0,4,0,0,0,5.5,0,0,"Cle","Home",23,"12/5/23",13
"Tyler Higbee","LAR","TE","W 28-20",7,0,0,0,0,0,0,4,36,0,5,0,0,0,7.6,0,0,"Wsh","Home",21,"12/19/23",15
"Tyler Higbee","LAR","TE","W 30-22",6.9,0,0,0,0,0,0,3,30,0,3,0,0,0,6,0,0,"NO","Home",30,"12/26/23",16
"Tyler Higbee","LAR","TE","W 26-25",6.3,0,0,0,0,0,0,6,62,0,7,0,0,0,12.2,0,0,"NYG","Away",8,"1/2/24",17
"Tyler Huntley","Bal","QB","W 28-3",0,0,0,0,2,8,0,0,0,0,0,0,0,0,0.8,0,0,"Cle","Away",34,"10/3/23",4
"Tyler Huntley","Bal","QB","W 24-16",0,0,0,0,0,0,0,0,0,0,0,0,0,0,0,0,0,"Ten","Away",35.5,"10/17/23",6
"Tyler Huntley","Bal","QB","W 38-6",0,0,0,0,0,0,0,0,0,0,0,0,0,0,0,0,1,"Det","Home",29,"10/24/23",7
"Tyler Huntley","Bal","QB","W 37-3",0,38,1,0,4,8,0,0,0,0,0,0,0,0,6.32,5,7,"Sea","Home",26,"11/7/23",9
"Tyler Huntley","Bal","QB","W 23-7",0,0,0,0,0,0,0,0,0,0,0,0,0,0,0,0,0,"Jax","Away",38.5,"12/19/23",15
"Tyler Huntley","Bal","QB","W 56-19",0,19,1,0,1,-1,0,0,0,0,0,0,0,0,4.66,1,1,"Mia","Home",32,"1/2/24",17
"Tyler Huntley","Bal","QB","L 10-17",13.6,146,1,0,8,40,0,0,0,0,0,0,0,0,13.84,15,28,"Pit","Home",19,"1/9/24",18
"Tyler Johnson","LAR","WR","W 21-20",2.8,0,0,0,0,0,0,2,8,1,3,0,0,0,8.8,0,0,"SF","Away",43.5,"1/9/24",18
"Tyler Kroft","Mia","TE","W 36-34",1.9,0,0,0,0,0,0,0,0,0,0,0,0,0,0,0,0,"LAC","Away",75,"9/12/23",1
"Tyler Kroft","Mia","TE","W 24-17",0.5,0,0,0,0,0,0,0,0,0,0,0,0,0,0,0,0,"NE","Away",76,"9/19/23",2
"Tyler Kroft","Mia","TE","W 31-16",0,0,0,0,0,0,0,0,0,0,0,0,0,0,0,0,0,"NYG","Home",71,"10/10/23",5
"Tyler Kroft","Mia","TE","W 31-17",0,0,0,0,0,0,0,0,0,0,0,0,0,0,0,0,0,"NE","Home",73,"10/31/23",8
"Tyler Kroft","Mia","TE","L 14-21",0,0,0,0,0,0,0,0,0,0,0,0,0,0,0,0,0,"KC","Away",68,"11/7/23",9
"Tyler Kroft","Mia","TE","W 20-13",2.3,0,0,0,0,0,0,0,0,0,0,0,0,0,0,0,0,"LV","Home",67,"11/21/23",11
"Tyler Kroft","Mia","TE","W 34-13",0,0,0,0,0,0,0,0,0,0,0,0,0,0,0,0,0,"NYJ","Away",78,"11/28/23",12
"Tyler Kroft","Mia","TE","W 30-0",0,0,0,0,0,0,0,0,0,0,0,0,0,0,0,0,0,"NYJ","Home",81.5,"12/19/23",15
"Tyler Lockett","Sea","WR","L 13-30",13,0,0,0,0,0,0,2,10,0,4,0,0,0,3,0,0,"LAR","Home",88.5,"9/12/23",1
"Tyler Lockett","Sea","WR","W 37-31",13,0,0,0,0,0,0,8,59,2,10,0,0,0,25.9,0,0,"Det","Away",6,"9/19/23",2
"Tyler Lockett","Sea","WR","W 37-27",13,0,0,0,0,0,0,3,34,0,7,0,0,0,8.4,0,0,"Car","Home",55.5,"9/26/23",3
"Tyler Lockett","Sea","WR","W 24-3",13.3,0,0,0,0,0,0,4,54,0,6,0,0,0,9.4,0,0,"NYG","Away",42,"10/3/23",4
"Tyler Lockett","Sea","WR","L 13-17",13.8,0,0,0,0,0,0,6,94,0,8,0,0,0,15.4,0,0,"Cin","Away",19,"10/17/23",6
"Tyler Lockett","Sea","WR","W 20-10",14.8,0,0,0,0,0,0,4,38,0,5,0,0,0,7.8,0,0,"Ari","Home",48,"10/24/23",7
"Tyler Lockett","Sea","WR","W 24-20",11.7,0,0,0,0,0,0,8,81,1,9,0,0,0,22.1,0,0,"Cle","Home",12,"10/31/23",8
"Tyler Lockett","Sea","WR","L 3-37",13,0,0,0,0,0,0,3,32,0,8,0,0,0,6.2,0,0,"Bal","Away",54.5,"11/7/23",9
"Tyler Lockett","Sea","WR","W 29-26",13.5,0,0,0,0,0,0,8,92,1,10,0,0,0,23.2,0,0,"Wsh","Home",8,"11/14/23",10
"Tyler Lockett","Sea","WR","L 16-17",13.8,0,0,0,0,0,0,5,51,0,7,0,0,0,10.1,0,0,"LAR","Away",33,"11/21/23",11
"Tyler Lockett","Sea","WR","L 13-31",14.3,0,0,0,0,0,0,3,30,0,5,0,0,0,6,0,0,"SF","Home",72.5,"11/28/23",12
"Tyler Lockett","Sea","WR","L 35-41",13.9,0,0,0,0,0,0,5,47,0,8,0,0,0,9.7,0,0,"Dal","Away",39,"12/5/23",13
"Tyler Lockett","Sea","WR","L 16-28",12,0,0,0,0,0,0,6,89,0,6,0,0,0,14.9,0,0,"SF","Away",17,"12/12/23",14
"Tyler Lockett","Sea","WR","W 20-17",12.1,0,0,0,0,0,0,3,21,0,9,0,0,0,5.1,0,0,"Phi","Home",70.5,"12/19/23",15
"Tyler Lockett","Sea","WR","W 20-17",12.1,0,0,0,0,0,0,8,81,0,11,0,0,0,16.1,0,0,"Ten","Away",22,"12/26/23",16
"Tyler Lockett","Sea","WR","L 23-30",12.1,0,0,0,0,0,0,1,10,0,5,0,0,0,2,0,0,"Pit","Home",93.5,"1/2/24",17
"Tyler Lockett","Sea","WR","W 21-20",13.3,0,0,0,0,0,0,2,71,1,4,0,0,0,17.1,0,0,"Ari","Away",16,"1/9/24",18
"Tyler Scott","Chi","WR","L 20-38",0.5,0,0,0,0,0,0,2,14,0,2,0,0,0,3.4,0,0,"GB","Home",85,"9/12/23",1
"Tyler Scott","Chi","WR","L 17-27",1.8,0,0,0,0,0,0,0,0,0,0,0,0,0,0,0,0,"TB","Away",145,"9/19/23",2
"Tyler Scott","Chi","WR","L 10-41",1,0,0,0,0,0,0,1,6,0,3,0,0,0,1.6,0,0,"KC","Away",107,"9/26/23",3
"Tyler Scott","Chi","WR","L 28-31",3.6,0,0,0,2,19,0,0,0,0,0,0,0,0,1.9,0,0,"Den","Home",107,"10/3/23",4
"Tyler Scott","Chi","WR","L 13-19",4.4,0,0,0,0,0,0,2,12,0,4,0,0,0,3.2,0,0,"Min","Home",83,"10/17/23",6
"Tyler Scott","Chi","WR","W 30-12",5.3,0,0,0,2,14,0,2,19,0,3,0,0,0,5.3,0,0,"LV","Home",61,"10/24/23",7
"Tyler Scott","Chi","WR","L 13-30",5.4,0,0,0,0,0,0,1,11,0,3,0,0,0,2.1,0,0,"LAC","Away",100.5,"10/31/23",8
"Tyler Scott","Chi","WR","L 17-24",4.4,0,0,0,1,-5,0,0,0,0,2,0,0,0,-0.5,0,0,"NO","Away",147,"11/7/23",9
"Tyler Scott","Chi","WR","W 16-13",1.8,0,0,0,1,16,0,1,15,0,1,0,0,0,4.1,0,0,"Car","Home",65.5,"11/14/23",10
"Tyler Scott","Chi","WR","L 26-31",2.2,0,0,0,0,0,0,1,4,0,2,0,1,0,-0.6,0,0,"Det","Away",150,"11/21/23",11
"Tyler Scott","Chi","WR","W 12-10",2.7,0,0,0,0,0,0,0,0,0,0,0,0,0,0,0,0,"Min","Away",149,"11/28/23",12
"Tyler Scott","Chi","WR","W 28-13",4.8,0,0,0,0,0,0,1,11,0,1,0,0,0,2.1,0,0,"Det","Home",96,"12/12/23",14
"Tyler Scott","Chi","WR","L 17-20",2.3,0,0,0,1,-3,0,3,49,0,4,0,0,0,7.6,0,0,"Cle","Away",51,"12/19/23",15
"Tyler Scott","Chi","WR","W 27-16",3.6,0,0,0,0,0,0,0,0,0,0,0,0,0,0,0,0,"Ari","Home",144.5,"12/26/23",16
"Tyler Scott","Chi","WR","W 37-17",3.7,0,0,0,0,0,0,2,15,0,5,0,0,0,3.5,0,0,"Atl","Home",78,"1/2/24",17
"Tyler Scott","Chi","WR","L 9-17",6,0,0,0,0,0,0,1,12,0,2,0,0,0,2.2,0,0,"GB","Away",94,"1/9/24",18
"Tyquan Thornton","NE","WR","L 17-21",6,0,0,0,0,0,0,1,6,0,2,0,0,0,1.6,0,0,"LV","Away",94,"10/17/23",6
"Tyquan Thornton","NE","WR","W 29-25",4.5,0,0,0,0,0,0,1,2,0,1,0,0,0,1.2,0,0,"Buf","Home",96,"10/24/23",7
"Tyquan Thornton","NE","WR","L 17-20",4.7,0,0,0,0,0,0,1,7,0,4,0,0,0,1.7,0,0,"Wsh","Home",97,"11/7/23",9
"Tyquan Thornton","NE","WR","L 7-10",0.5,0,0,0,1,3,0,2,19,0,5,0,0,0,4.2,0,0,"NYG","Away",82,"11/28/23",12
"Tyquan Thornton","NE","WR","L 0-6",7.4,0,0,0,1,39,0,0,0,0,1,0,0,0,3.9,0,0,"LAC","Home",59,"12/5/23",13
"Tyquan Thornton","NE","WR","W 21-18",8.7,0,0,0,0,0,0,3,17,0,5,0,0,0,4.7,0,0,"Pit","Away",65,"12/12/23",14
"Tyquan Thornton","NE","WR","L 17-27",7.3,0,0,0,0,0,0,1,5,0,1,0,0,0,1.5,0,0,"KC","Home",106,"12/19/23",15
"Tyquan Thornton","NE","WR","W 26-23",4.5,0,0,0,1,9,0,1,11,0,1,0,0,0,3,0,0,"Den","Away",87.5,"12/26/23",16
"Tyquan Thornton","NE","WR","L 21-27",4.8,0,0,0,0,0,0,3,24,0,3,0,0,0,5.4,0,0,"Buf","Away",68,"1/2/24",17
"Tyree Jackson","NYG","TE","L 17-49",0,0,0,0,0,0,0,0,0,0,0,0,0,0,0,0,0,"Dal","Away",69.5,"11/14/23",10
"Tyree Jackson","NYG","TE","W 31-19",0,0,0,0,0,0,0,0,0,0,0,0,0,0,0,0,0,"Wsh","Away",67,"11/21/23",11
"Tyreek Hill","Mia","WR","W 36-34",20.5,0,0,0,0,0,0,11,215,2,15,0,0,0,44.5,0,0,"LAC","Away",1,"9/12/23",1
"Tyreek Hill","Mia","WR","W 24-17",22,0,0,0,0,0,0,5,40,1,9,0,0,0,15,0,0,"NE","Away",32,"9/19/23",2
"Tyreek Hill","Mia","WR","W 70-20",23.8,0,0,0,0,0,0,9,157,1,11,0,0,0,30.7,0,0,"Den","Home",4,"9/26/23",3
"Tyreek Hill","Mia","WR","L 20-48",22.1,0,0,0,1,14,0,3,58,0,5,0,0,0,10.2,0,0,"Buf","Away",39,"10/3/23",4
"Tyreek Hill","Mia","WR","W 31-16",20.5,0,0,0,0,0,0,8,181,1,9,0,0,0,32.1,0,0,"NYG","Home",3,"10/10/23",5
"Tyreek Hill","Mia","WR","W 42-21",21.9,0,0,0,0,0,0,6,163,1,10,0,0,0,28.3,0,0,"Car","Home",3,"10/17/23",6
"Tyreek Hill","Mia","WR","L 17-31",24.3,0,0,0,0,0,0,11,88,1,15,0,0,0,25.8,0,0,"Phi","Away",3,"10/24/23",7
"Tyreek Hill","Mia","WR","W 31-17",22.3,0,0,0,0,0,0,8,112,1,13,0,0,0,25.2,0,0,"NE","Home",4.5,"10/31/23",8
"Tyreek Hill","Mia","WR","L 14-21",24.5,0,0,0,1,3,0,8,62,0,10,0,1,0,12.5,0,0,"KC","Away",22,"11/7/23",9
"Tyreek Hill","Mia","WR","W 20-13",21.5,0,0,0,0,0,0,10,146,1,11,0,0,0,30.6,0,0,"LV","Home",2,"11/21/23",11
"Tyreek Hill","Mia","WR","W 34-13",21.3,0,0,0,1,2,0,9,102,1,12,0,0,0,25.4,0,0,"NYJ","Away",1,"11/28/23",12
"Tyreek Hill","Mia","WR","W 45-15",23.5,0,0,0,2,-4,0,5,157,2,7,0,0,0,32.3,0,0,"Wsh","Away",5,"12/5/23",13
"Tyreek Hill","Mia","WR","L 27-28",23.6,0,0,0,0,0,0,4,61,0,5,0,0,0,10.1,0,0,"Ten","Home",36,"12/12/23",14
"Tyreek Hill","Mia","WR","W 22-20",22.7,0,0,0,0,0,0,9,99,0,14,0,0,0,18.9,0,0,"Dal","Home",16,"12/26/23",16
"Tyreek Hill","Mia","WR","L 19-56",23,0,0,0,1,0,0,6,76,0,12,0,0,0,13.6,0,0,"Bal","Away",28,"1/2/24",17
"Tyreek Hill","Mia","WR","L 14-21",23,0,0,0,0,0,0,7,82,1,13,0,0,0,21.2,0,0,"Buf","Home",10,"1/9/24",18
"Tyrion Davis-Price","SF","RB","W 30-7",0,0,0,0,0,0,0,0,0,0,0,0,0,0,0,0,0,"Pit","Away",96,"9/12/23",1
"Tyrion Davis-Price","SF","RB","W 42-10",0,0,0,0,6,21,0,0,0,0,0,0,0,0,2.1,0,0,"Dal","Home",53,"10/10/23",5
"Tyrod Taylor","NYG","QB","L 0-40",0,6,0,0,0,0,0,0,0,0,0,0,0,0,0.24,2,2,"Dal","Home",33,"9/12/23",1
"Tyrod Taylor","NYG","QB","L 12-30",0,0,0,0,1,2,0,0,0,0,0,0,0,0,0.2,0,1,"SF","Away",36,"9/26/23",3
"Tyrod Taylor","NYG","QB","L 3-24",0,0,0,0,0,0,0,0,0,0,0,0,0,0,0,0,0,"Sea","Home",38.5,"10/3/23",4
"Tyrod Taylor","NYG","QB","L 16-31",0,86,0,0,3,14,0,0,0,0,0,0,0,0,4.84,9,12,"Mia","Away",27,"10/10/23",5
"Tyrod Taylor","NYG","QB","L 9-14",13,200,0,0,5,24,0,0,0,0,0,0,0,0,10.4,24,36,"Buf","Away",19,"10/17/23",6
"Tyrod Taylor","NYG","QB","W 14-7",13.7,279,2,0,8,25,0,0,0,0,0,0,0,0,21.66,18,29,"Wsh","Home",6,"10/24/23",7
"Tyrod Taylor","NYG","QB","L 10-13",14.1,8,0,0,5,33,0,0,0,0,0,0,0,0,3.62,4,7,"NYJ","Home",34,"10/31/23",8
"Tyrod Taylor","NYG","QB","L 6-24",0,13,0,0,0,0,0,0,0,0,0,0,0,0,0.52,2,4,"NO","Away",34,"12/19/23",15
"Tyrod Taylor","NYG","QB","L 25-33",0,133,1,1,2,21,0,0,0,0,0,0,0,0,9.42,7,16,"Phi","Away",27,"12/26/23",16
"Tyrod Taylor","NYG","QB","L 25-26",14.2,319,1,1,6,40,0,0,0,0,0,0,0,0,18.76,27,41,"LAR","Home",11,"1/2/24",17
"Tyrod Taylor","NYG","QB","W 27-10",15.4,297,1,1,8,38,0,0,0,0,0,0,0,0,17.68,23,32,"Phi","Home",13,"1/9/24",18
"Tyson Bagent","Chi","QB","L 13-19",0,83,0,1,2,4,1,0,0,0,0,0,1,0,5.72,10,14,"Min","Home",28,"10/17/23",6
"Tyson Bagent","Chi","QB","W 30-12",12,162,1,0,3,24,0,0,0,0,0,0,0,0,12.88,21,29,"LV","Home",19,"10/24/23",7
"Tyson Bagent","Chi","QB","L 13-30",14.3,232,0,2,4,-1,1,0,0,0,0,0,0,0,11.18,25,37,"LAC","Away",27,"10/31/23",8
"Tyson Bagent","Chi","QB","L 17-24",12.1,220,2,3,8,70,0,0,0,0,0,0,1,0,15.8,18,30,"NO","Away",11.5,"11/7/23",9
"Tyson Bagent","Chi","QB","W 16-13",14.1,162,0,0,6,12,0,0,0,0,0,0,0,0,7.68,20,33,"Car","Home",24,"11/14/23",10
"Van Jefferson","LAR","WR","W 30-13",10.8,0,0,0,0,0,0,4,24,0,5,0,0,0,6.4,0,0,"Sea","Away",62.5,"9/12/23",1
"Van Jefferson","LAR","WR","L 23-30",9.7,0,0,0,0,0,0,1,9,0,4,0,0,0,1.9,0,0,"SF","Home",103,"9/19/23",2
"Van Jefferson","LAR","WR","L 16-19",9.2,0,0,0,1,4,0,1,46,0,3,0,0,0,6,0,0,"Cin","Away",75.5,"9/26/23",3
"Van Jefferson","LAR","WR","W 29-23",8.5,0,0,0,0,0,0,2,29,0,3,0,0,0,4.9,0,0,"Ind","Away",71,"10/3/23",4
"Van Jefferson","LAR","WR","L 14-23",2.6,0,0,0,0,0,0,0,0,0,0,0,0,0,0,0,0,"Phi","Home",124.5,"10/10/23",5
"Van Jefferson","Atl","WR","L 16-24",0.9,0,0,0,0,0,0,0,0,0,2,0,0,0,0,0,0,"Wsh","Home",128,"10/17/23",6
"Van Jefferson","Atl","WR","W 16-13",1.4,0,0,0,0,0,0,1,5,0,2,0,0,0,1.5,0,0,"TB","Away",91.5,"10/24/23",7
"Van Jefferson","Atl","WR","L 23-28",3.2,0,0,0,0,0,0,3,24,0,5,0,0,0,5.4,0,0,"Ten","Away",77.5,"10/31/23",8
"Van Jefferson","Atl","WR","L 28-31",7.6,0,0,0,0,0,0,1,14,0,4,0,0,0,2.4,0,0,"Min","Home",85.5,"11/7/23",9
"Van Jefferson","Atl","WR","L 23-25",4.8,0,0,0,0,0,0,0,0,0,1,0,0,0,0,0,0,"Ari","Away",123.5,"11/14/23",10
"Van Jefferson","Atl","WR","W 24-15",4.1,0,0,0,0,0,0,1,13,0,2,0,0,0,2.3,0,0,"NO","Home",103,"11/28/23",12
"Van Jefferson","Atl","WR","W 13-8",3.7,0,0,0,0,0,0,0,0,0,0,0,0,0,0,0,0,"NYJ","Away",113,"12/5/23",13
"Van Jefferson","Atl","WR","L 25-29",3.5,0,0,0,0,0,0,0,0,0,0,0,0,0,0,0,0,"TB","Home",134,"12/12/23",14
"Van Jefferson","Atl","WR","L 7-9",2.6,0,0,0,0,0,0,0,0,0,1,0,0,0,0,0,0,"Car","Away",140,"12/19/23",15
"Van Jefferson","Atl","WR","W 29-10",2.5,0,0,0,0,0,0,1,13,0,3,0,0,0,2.3,0,0,"Ind","Home",98,"12/26/23",16
"Van Jefferson","Atl","WR","L 17-37",2.9,0,0,0,0,0,0,3,19,0,5,0,0,0,4.9,0,0,"Chi","Away",70.5,"1/2/24",17
"Van Jefferson","Atl","WR","L 17-48",4.5,0,0,0,0,0,0,2,13,0,3,0,0,0,3.3,0,0,"NO","Away",84,"1/9/24",18
"Velus Jones Jr.","Chi","WR","L 17-27",0,0,0,0,1,-3,0,0,0,0,0,0,0,0,-0.3,0,0,"TB","Away",166,"9/19/23",2
"Velus Jones Jr.","Chi","WR","L 10-41",0.2,0,0,0,0,0,0,0,0,0,0,0,0,0,0,0,0,"KC","Away",141,"9/26/23",3
"Velus Jones Jr.","Chi","WR","L 28-31",0.3,0,0,0,1,10,0,0,0,0,0,0,0,0,1,0,0,"Den","Home",120.5,"10/3/23",4
"Velus Jones Jr.","Chi","WR","W 40-20",0.8,0,0,0,0,0,0,0,0,0,0,0,0,0,0,0,0,"Wsh","Away",124.5,"10/10/23",5
"Velus Jones Jr.","Chi","WR","L 13-19",1.8,0,0,0,2,15,0,1,5,0,1,0,0,0,3,0,0,"Min","Home",85.5,"10/17/23",6
"Velus Jones Jr.","Chi","WR","W 30-12",1.9,0,0,0,0,0,0,1,0,0,1,0,0,0,1,0,0,"LV","Home",97,"10/24/23",7
"Velus Jones Jr.","Chi","WR","L 13-30",1.4,0,0,0,0,0,0,1,4,0,2,0,0,0,1.4,0,0,"LAC","Away",108,"10/31/23",8
"Velus Jones Jr.","Chi","WR","L 17-24",1.4,0,0,0,0,0,0,0,0,0,1,0,0,0,0,0,0,"NO","Away",126.5,"11/7/23",9
"Velus Jones Jr.","Chi","WR","W 12-10",0,0,0,0,0,0,0,0,0,0,0,0,0,0,0,0,0,"Min","Away",149,"11/28/23",12
"Velus Jones Jr.","Chi","WR","W 28-13",0.9,0,0,0,0,0,0,1,11,0,1,0,0,0,2.1,0,0,"Det","Home",96,"12/12/23",14
"Velus Jones Jr.","Chi","WR","L 17-20",0.9,0,0,0,2,23,0,0,0,0,0,0,0,0,2.3,0,0,"Cle","Away",93.5,"12/19/23",15
"Velus Jones Jr.","Chi","WR","W 27-16",1.3,0,0,0,1,4,0,0,0,0,1,0,0,0,0.4,0,0,"Ari","Home",122,"12/26/23",16
"Velus Jones Jr.","Chi","WR","W 37-17",3,0,0,0,1,2,0,0,0,0,0,0,0,0,0.2,0,0,"Atl","Home",106.5,"1/2/24",17
"Velus Jones Jr.","Chi","WR","L 9-17",1.9,0,0,0,0,0,0,0,0,0,0,0,0,0,0,0,0,"GB","Away",142.5,"1/9/24",18
"Wan'Dale Robinson","NYG","WR","L 12-30",2.9,0,0,0,0,0,0,4,21,0,5,0,0,0,6.1,0,0,"SF","Away",73.5,"9/26/23",3
"Wan'Dale Robinson","NYG","WR","L 3-24",5.1,0,0,0,1,7,0,5,40,0,6,0,0,0,9.7,0,0,"Sea","Home",41,"10/3/23",4
"Wan'Dale Robinson","NYG","WR","L 16-31",9.5,0,0,0,1,1,0,5,18,0,6,0,0,0,6.9,0,0,"Mia","Away",53.5,"10/10/23",5
"Wan'Dale Robinson","NYG","WR","L 9-14",9.5,0,0,0,0,0,0,8,62,0,8,0,0,0,14.2,0,0,"Buf","Away",23.5,"10/17/23",6
"Wan'Dale Robinson","NYG","WR","W 14-7",8.9,0,0,0,0,0,0,1,22,0,2,0,0,0,3.2,0,0,"Wsh","Home",75.5,"10/24/23",7
"Wan'Dale Robinson","NYG","WR","L 10-13",7.7,0,0,0,2,17,0,0,0,0,1,0,0,0,1.7,0,0,"NYJ","Home",105,"10/31/23",8
"Wan'Dale Robinson","NYG","WR","L 6-30",7,0,0,0,0,0,0,4,35,1,5,0,0,0,13.5,0,0,"LV","Away",17.5,"11/7/23",9
"Wan'Dale Robinson","NYG","WR","L 17-49",7.4,0,0,0,1,0,0,2,6,0,3,0,0,0,2.6,0,0,"Dal","Away",83,"11/14/23",10
"Wan'Dale Robinson","NYG","WR","W 31-19",7,0,0,0,1,2,0,3,35,0,4,0,0,0,6.7,0,0,"Wsh","Away",53.5,"11/21/23",11
"Wan'Dale Robinson","NYG","WR","W 10-7",7,0,0,0,0,0,0,4,26,0,5,0,0,0,6.6,0,0,"NE","Home",65,"11/28/23",12
"Wan'Dale Robinson","NYG","WR","W 24-22",7.9,0,0,0,2,36,0,6,79,0,7,0,0,0,17.5,0,0,"GB","Home",13,"12/12/23",14
"Wan'Dale Robinson","NYG","WR","L 6-24",9.2,0,0,0,0,0,0,4,25,0,4,0,0,0,6.5,0,0,"NO","Away",59,"12/19/23",15
"Wan'Dale Robinson","NYG","WR","L 25-33",9.1,0,0,0,0,0,0,3,16,0,7,0,0,0,4.6,0,0,"Phi","Away",78,"12/26/23",16
"Wan'Dale Robinson","NYG","WR","L 25-26",8.8,0,0,0,1,24,1,6,55,0,9,0,0,0,19.9,0,0,"LAR","Home",10,"1/2/24",17
"Wan'Dale Robinson","NYG","WR","W 27-10",10.4,0,0,0,0,0,0,5,85,0,6,0,0,0,13.5,0,0,"Phi","Home",30,"1/9/24",18
"Will Dissly","Sea","TE","L 13-30",3.6,0,0,0,0,0,0,2,17,0,2,0,0,0,3.7,0,0,"LAR","Home",35,"9/12/23",1
"Will Dissly","Sea","TE","W 37-31",3.7,0,0,0,0,0,0,3,35,0,3,0,0,0,6.5,0,0,"Det","Away",30,"9/19/23",2
"Will Dissly","Sea","TE","W 24-3",3.6,0,0,0,0,0,0,0,0,0,0,0,0,0,0,0,0,"NYG","Away",79.5,"10/3/23",4
"Will Dissly","Sea","TE","L 13-17",3,0,0,0,0,0,0,1,4,0,1,0,0,0,1.4,0,0,"Cin","Away",47,"10/17/23",6
"Will Dissly","Sea","TE","W 20-10",2.9,0,0,0,0,0,0,0,0,0,0,0,0,0,0,0,0,"Ari","Home",62,"10/24/23",7
"Will Dissly","Sea","TE","W 24-20",1.6,0,0,0,0,0,0,0,0,0,0,0,0,0,0,0,0,"Cle","Home",73,"10/31/23",8
"Will Dissly","Sea","TE","L 3-37",1.1,0,0,0,0,0,0,0,0,0,1,0,0,0,0,0,0,"Bal","Away",68,"11/7/23",9
"Will Dissly","Sea","TE","W 29-26",1.7,0,0,0,0,0,0,2,22,0,2,0,0,0,4.2,0,0,"Wsh","Home",27.5,"11/14/23",10
"Will Dissly","Sea","TE","L 16-17",2.4,0,0,0,0,0,0,1,9,0,3,0,0,0,1.9,0,0,"LAR","Away",37,"11/21/23",11
"Will Dissly","Sea","TE","L 13-31",3,0,0,0,0,0,0,1,21,0,1,0,0,0,3.1,0,0,"SF","Home",36.5,"11/28/23",12
"Will Dissly","Sea","TE","L 35-41",2.9,0,0,0,0,0,0,0,0,0,2,0,0,0,0,0,0,"Dal","Away",66,"12/5/23",13
"Will Dissly","Sea","TE","L 16-28",2.9,0,0,0,0,0,0,1,3,0,1,0,0,0,1.3,0,0,"SF","Away",50,"12/12/23",14
"Will Dissly","Sea","TE","W 20-17",2.4,0,0,0,0,0,0,2,9,0,2,0,0,0,2.9,0,0,"Phi","Home",45,"12/19/23",15
"Will Dissly","Sea","TE","W 20-17",2.8,0,0,0,0,0,0,1,6,0,1,0,0,0,1.6,0,0,"Ten","Away",53.5,"12/26/23",16
"Will Dissly","Sea","TE","L 23-30",2.2,0,0,0,0,0,0,0,0,0,0,0,0,0,0,0,0,"Pit","Home",76,"1/2/24",17
"Will Dissly","Sea","TE","W 21-20",1.8,0,0,0,0,0,0,3,46,1,3,0,0,0,13.6,0,0,"Ari","Away",4,"1/9/24",18
"Will Levis","Ten","QB","W 28-23",10.6,238,4,0,7,11,0,0,0,0,0,0,0,0,26.62,19,29,"Atl","Home",6,"10/31/23",8
"Will Levis","Ten","QB","L 16-20",15,262,0,1,1,2,0,0,0,0,0,0,0,0,8.68,22,39,"Pit","Away",22,"11/7/23",9
"Will Levis","Ten","QB","L 6-20",15.3,199,0,1,0,0,0,0,0,0,0,0,0,0,5.96,19,39,"TB","Away",28,"11/14/23",10
"Will Levis","Ten","QB","L 14-34",13.8,158,2,0,4,2,0,0,0,0,0,0,1,0,12.52,13,17,"Jax","Away",20,"11/21/23",11
"Will Levis","Ten","QB","W 17-10",15.4,185,0,0,3,-3,0,0,0,0,0,0,0,0,7.1,18,28,"Car","Home",30,"11/28/23",12
"Will Levis","Ten","QB","L 28-31",14.7,224,1,0,2,5,0,0,0,0,0,0,1,0,11.46,16,33,"Ind","Home",18,"12/5/23",13
"Will Levis","Ten","QB","W 28-27",13.5,327,1,1,4,15,0,0,0,0,0,0,1,0,16.58,23,38,"Mia","Away",16,"12/12/23",14
"Will Levis","Ten","QB","L 16-19",14.6,199,0,1,4,25,1,0,0,0,0,0,0,0,14.46,17,26,"Hou","Home",19,"12/19/23",15
"Will Levis","Ten","QB","L 3-26",14.5,16,0,0,0,0,0,0,0,0,0,0,1,0,-1.36,2,6,"Hou","Away",42,"1/2/24",17
"Will Mallory","Ind","TE","W 31-20",2.9,0,0,0,0,0,0,2,49,0,2,0,0,0,6.9,0,0,"Hou","Away",27,"9/19/23",2
"Will Mallory","Ind","TE","L 20-37",0,0,0,0,0,0,0,0,0,0,1,0,0,0,0,0,0,"Jax","Away",72,"10/17/23",6
"Will Mallory","Ind","TE","L 38-39",3.2,0,0,0,0,0,0,0,0,0,1,0,0,0,0,0,0,"Cle","Home",62,"10/24/23",7
"Will Mallory","Ind","TE","L 27-38",2.5,0,0,0,0,0,0,1,6,0,2,0,0,0,1.6,0,0,"NO","Home",43.5,"10/31/23",8
"Will Mallory","Ind","TE","W 10-6",1.5,0,0,0,0,0,0,1,7,0,2,0,0,0,1.7,0,0,"NE","Away",39.5,"11/14/23",10
"Will Mallory","Ind","TE","W 27-20",3,0,0,0,0,0,0,2,29,0,3,0,0,0,4.9,0,0,"TB","Home",25.5,"11/28/23",12
"Will Mallory","Ind","TE","W 31-28",1,0,0,0,0,0,0,2,4,0,4,0,0,0,2.4,0,0,"Ten","Away",34,"12/5/23",13
"Will Mallory","Ind","TE","L 14-34",2.7,0,0,0,0,0,0,5,46,0,5,0,0,0,9.6,0,0,"Cin","Away",18.5,"12/12/23",14
"Will Mallory","Ind","TE","W 30-13",4.6,0,0,0,0,0,0,0,0,0,0,0,0,0,0,0,0,"Pit","Home",81.5,"12/19/23",15
"Will Mallory","Ind","TE","L 10-29",3.7,0,0,0,0,0,0,4,47,0,4,0,0,0,8.7,0,0,"Atl","Away",22,"12/26/23",16
"Will Mallory","Ind","TE","W 23-20",4.1,0,0,0,0,0,0,1,19,0,1,0,0,0,2.9,0,0,"LV","Home",43,"1/2/24",17
"Will Mallory","Ind","TE","L 19-23",3.7,0,0,0,0,0,0,0,0,0,1,0,0,0,0,0,0,"Hou","Home",76.5,"1/9/24",18
"Willie Snead IV","SF","WR","W 35-16",0,0,0,0,0,0,0,1,9,0,1,0,0,0,1.9,0,0,"Ari","Home",107,"10/3/23",4
"Willie Snead IV","SF","WR","L 17-31",0,0,0,0,0,0,0,0,0,0,0,0,0,0,0,0,0,"Cin","Home",138,"10/31/23",8
"Willie Snead IV","SF","WR","W 34-3",0,0,0,0,0,0,0,0,0,0,0,0,0,0,0,0,0,"Jax","Away",123.5,"11/14/23",10
"Xavier Gipson","NYJ","WR","W 22-16",0,0,0,0,0,0,0,0,0,0,0,0,0,1,6,0,0,"Buf","Home",66.5,"9/12/23",1
"Xavier Gipson","NYJ","WR","L 10-30",0.2,0,0,0,0,0,0,0,0,0,0,0,0,0,0,0,0,"Dal","Away",145,"9/19/23",2
"Xavier Gipson","NYJ","WR","L 10-15",0.2,0,0,0,0,0,0,0,0,0,0,0,0,0,0,0,0,"NE","Home",141,"9/26/23",3
"Xavier Gipson","NYJ","WR","L 20-23",0.2,0,0,0,2,13,0,1,4,0,1,0,0,0,2.7,0,0,"KC","Home",96.5,"10/3/23",4
"Xavier Gipson","NYJ","WR","W 31-21",0.7,0,0,0,0,0,0,0,0,0,0,0,1,0,-2,0,0,"Den","Away",143.5,"10/10/23",5
"Xavier Gipson","NYJ","WR","W 20-14",0.8,0,0,0,1,18,0,0,0,0,0,0,0,0,1.8,0,0,"Phi","Home",90.5,"10/17/23",6
"Xavier Gipson","NYJ","WR","W 13-10",3.6,0,0,0,1,3,0,0,0,0,1,0,0,0,0.3,0,0,"NYG","Away",112.5,"10/31/23",8
"Xavier Gipson","NYJ","WR","L 6-27",2.8,0,0,0,0,0,0,2,32,0,2,0,0,0,5.2,0,0,"LAC","Home",63,"11/7/23",9
"Xavier Gipson","NYJ","WR","L 12-16",3.8,0,0,0,0,0,0,1,24,0,3,0,0,0,3.4,0,0,"LV","Away",74,"11/14/23",10
"Xavier Gipson","NYJ","WR","L 6-32",4.6,0,0,0,0,0,0,1,7,0,2,0,1,0,-0.3,0,0,"Buf","Away",149,"11/21/23",11
"Xavier Gipson","NYJ","WR","L 13-34",5,0,0,0,0,0,0,2,15,0,2,0,0,0,3.5,0,0,"Mia","Home",89.5,"11/28/23",12
"Xavier Gipson","NYJ","WR","L 8-13",4.5,0,0,0,1,1,0,5,77,0,6,0,0,0,12.8,0,0,"Atl","Home",28.5,"12/5/23",13
"Xavier Gipson","NYJ","WR","W 30-6",6.4,0,0,0,1,9,1,1,3,0,1,0,0,0,8.2,0,0,"Hou","Home",41.5,"12/12/23",14
"Xavier Gipson","NYJ","WR","L 0-30",4.5,0,0,0,0,0,0,2,29,0,6,0,0,0,4.9,0,0,"Mia","Away",73,"12/19/23",15
"Xavier Gipson","NYJ","WR","W 30-28",5.8,0,0,0,1,16,0,1,1,0,2,0,0,0,2.7,0,0,"Wsh","Home",91,"12/26/23",16
"Xavier Gipson","NYJ","WR","L 20-37",5.2,0,0,0,1,8,0,4,33,0,7,0,0,0,8.1,0,0,"Cle","Away",49,"1/2/24",17
"Xavier Gipson","NYJ","WR","W 17-3",5.4,0,0,0,0,0,0,1,4,0,5,0,0,0,1.4,0,0,"NE","Away",110,"1/9/24",18
"Xavier Hutchinson","Hou","WR","L 9-25",1,0,0,0,0,0,0,1,9,0,1,0,0,0,1.9,0,0,"Bal","Away",95.5,"9/12/23",1
"Xavier Hutchinson","Hou","WR","L 20-31",0.5,0,0,0,0,0,0,0,0,0,1,0,0,0,0,0,0,"Ind","Home",145,"9/19/23",2
"Xavier Hutchinson","Hou","WR","W 37-17",1.1,0,0,0,0,0,0,0,0,0,0,0,0,0,0,0,0,"Jax","Away",141,"9/26/23",3
"Xavier Hutchinson","Hou","WR","W 30-6",0,0,0,0,0,0,0,0,0,0,0,0,0,0,0,0,0,"Pit","Home",143,"10/3/23",4
"Xavier Hutchinson","Hou","WR","L 19-21",0,0,0,0,0,0,0,0,0,0,0,0,0,0,0,0,0,"Atl","Away",124.5,"10/10/23",5
"Xavier Hutchinson","Hou","WR","W 20-13",0,0,0,0,2,15,0,0,0,0,0,0,0,0,1.5,0,0,"NO","Home",97,"10/17/23",6
"Xavier Hutchinson","Hou","WR","L 13-15",1.9,0,0,0,0,0,0,0,0,0,0,0,0,0,0,0,0,"Car","Away",138,"10/31/23",8
"Xavier Hutchinson","Hou","WR","W 39-37",0,0,0,0,1,12,0,0,0,0,0,0,0,0,1.2,0,0,"TB","Home",104.5,"11/7/23",9
"Xavier Hutchinson","Hou","WR","W 30-27",2.3,0,0,0,1,17,0,0,0,0,1,0,0,0,1.7,0,0,"Cin","Away",97.5,"11/14/23",10
"Xavier Hutchinson","Hou","WR","W 21-16",1.7,0,0,0,0,0,0,0,0,0,0,0,0,0,0,0,0,"Ari","Home",126,"11/21/23",11
"Xavier Hutchinson","Hou","WR","L 21-24",1.1,0,0,0,0,0,0,1,34,0,1,0,0,0,4.4,0,0,"Jax","Home",81,"11/28/23",12
"Xavier Hutchinson","Hou","WR","L 6-30",2.4,0,0,0,0,0,0,2,15,0,3,0,0,0,3.5,0,0,"NYJ","Away",79.5,"12/12/23",14
"Xavier Hutchinson","Hou","WR","W 19-16",7.9,0,0,0,1,5,0,0,0,0,3,0,0,0,0.5,0,0,"Ten","Away",114,"12/19/23",15
"Xavier Hutchinson","Hou","WR","L 22-36",3.4,0,0,0,0,0,0,1,18,0,2,0,0,0,2.8,0,0,"Cle","Home",90,"12/26/23",16
"Xavier Hutchinson","Hou","WR","W 26-3",3.2,0,0,0,0,0,0,2,8,0,3,0,0,0,2.8,0,0,"Ten","Home",84,"1/2/24",17
"Xavier Hutchinson","Hou","WR","W 23-19",7.3,0,0,0,0,0,0,1,6,0,4,0,0,0,1.6,0,0,"Ind","Away",104,"1/9/24",18
"Xazavian Valladay","NYJ","RB","W 17-3",NA,0,0,0,0,0,0,0,0,0,0,0,0,0,0,0,0,"NE","Away",88.5,"1/9/24",18
"Zach Charbonnet","Sea","RB","L 13-30",7.6,0,0,0,3,11,0,0,0,0,0,0,0,0,1.1,0,0,"LAR","Home",73.5,"9/12/23",1
"Zach Charbonnet","Sea","RB","W 37-31",4.5,0,0,0,4,16,0,2,14,0,2,0,0,0,5,0,0,"Det","Away",47,"9/19/23",2
"Zach Charbonnet","Sea","RB","W 37-27",4.5,0,0,0,9,46,0,1,-1,0,2,0,0,0,5.5,0,0,"Car","Home",46.5,"9/26/23",3
"Zach Charbonnet","Sea","RB","W 24-3",6.9,0,0,0,5,31,0,1,9,0,3,0,0,0,5,0,0,"NYG","Away",46,"10/3/23",4
"Zach Charbonnet","Sea","RB","L 13-17",6.7,0,0,0,2,5,0,2,14,0,2,0,0,0,3.9,0,0,"Cin","Away",46,"10/17/23",6
"Zach Charbonnet","Sea","RB","W 24-20",5.2,0,0,0,5,53,0,2,11,0,2,0,0,0,8.4,0,0,"Cle","Home",32,"10/31/23",8
"Zach Charbonnet","Sea","RB","L 3-37",5.7,0,0,0,4,8,0,1,5,0,1,0,0,0,2.3,0,0,"Bal","Away",56,"11/7/23",9
"Zach Charbonnet","Sea","RB","W 29-26",6.9,0,0,0,6,44,0,4,18,0,5,0,0,0,10.2,0,0,"Wsh","Home",29,"11/14/23",10
"Zach Charbonnet","Sea","RB","L 16-17",7.6,0,0,0,15,47,0,6,22,0,6,0,0,0,12.9,0,0,"LAR","Away",18,"11/21/23",11
"Zach Charbonnet","Sea","RB","L 13-31",14,0,0,0,14,47,0,4,11,0,4,0,0,0,9.8,0,0,"SF","Home",29,"11/28/23",12
"Zach Charbonnet","Sea","RB","L 35-41",13.9,0,0,0,19,60,1,1,39,0,2,0,0,0,16.9,0,0,"Dal","Away",13,"12/5/23",13
"Zach Charbonnet","Sea","RB","L 16-28",6.1,0,0,0,9,44,0,1,4,0,1,0,0,0,5.8,0,0,"SF","Away",44,"12/12/23",14
"Zach Charbonnet","Sea","RB","W 20-17",8.6,0,0,0,4,16,0,0,0,0,1,0,0,0,1.6,0,0,"Phi","Home",71,"12/19/23",15
"Zach Charbonnet","Sea","RB","W 20-17",7.1,0,0,0,2,0,0,1,-4,0,2,0,0,0,0.6,0,0,"Ten","Away",73.5,"12/26/23",16
"Zach Charbonnet","Sea","RB","L 23-30",6.6,0,0,0,2,2,0,5,39,0,5,0,0,0,9.1,0,0,"Pit","Home",33.5,"1/2/24",17
"Zach Charbonnet","Sea","RB","W 21-20",6.9,0,0,0,5,32,0,2,28,0,2,0,0,0,8,0,0,"Ari","Away",33.5,"1/9/24",18
"Zach Ertz","Ari","TE","L 16-20",6.2,0,0,0,0,0,0,6,21,0,10,0,0,0,8.1,0,0,"Wsh","Away",12,"9/12/23",1
"Zach Ertz","Ari","TE","L 28-31",8.7,0,0,0,0,0,0,6,56,0,8,0,0,0,11.6,0,0,"NYG","Home",7,"9/19/23",2
"Zach Ertz","Ari","TE","W 28-16",9.2,0,0,0,0,0,0,2,6,0,2,0,0,0,2.6,0,0,"Dal","Home",38.5,"9/26/23",3
"Zach Ertz","Ari","TE","L 16-35",9.3,0,0,0,0,0,0,6,53,0,10,0,0,0,11.3,0,0,"SF","Away",10,"10/3/23",4
"Zach Ertz","Ari","TE","L 20-34",9.8,0,0,0,0,0,0,2,10,1,4,0,0,0,9,0,0,"Cin","Home",16,"10/10/23",5
"Zach Ertz","Ari","TE","L 9-26",9.9,0,0,0,0,0,0,2,22,0,5,0,0,0,4.2,0,0,"LAR","Away",25,"10/17/23",6
"Zach Ertz","Ari","TE","L 10-20",7.1,0,0,0,0,0,0,3,19,0,4,0,0,0,4.9,0,0,"Sea","Away",22,"10/24/23",7
"Zach Evans","LAR","RB","L 14-23",0,0,0,0,0,0,0,0,0,0,0,0,0,0,0,0,0,"Phi","Home",81,"10/10/23",5
"Zach Evans","LAR","RB","W 26-9",0,0,0,0,4,10,0,0,0,0,0,0,0,0,1,0,0,"Ari","Home",75,"10/17/23",6
"Zach Evans","LAR","RB","L 17-24",4.4,0,0,0,0,0,0,0,0,0,0,0,0,0,0,0,0,"Pit","Home",76,"10/24/23",7
"Zach Evans","LAR","RB","L 3-20",0,0,0,0,0,0,0,0,0,0,0,0,0,0,0,0,0,"GB","Away",82.5,"11/7/23",9
"Zach Evans","LAR","RB","W 17-16",0,0,0,0,1,0,0,0,0,0,0,0,0,0,0,0,0,"Sea","Home",80,"11/21/23",11
"Zach Evans","LAR","RB","W 37-14",0,0,0,0,3,6,0,0,0,0,0,0,0,0,0.6,0,0,"Ari","Away",73.5,"11/28/23",12
"Zach Evans","LAR","RB","W 36-19",0,0,0,0,0,0,0,0,0,0,0,0,0,0,0,0,0,"Cle","Home",72,"12/5/23",13
"Zach Evans","LAR","RB","L 31-37",0,0,0,0,0,0,0,0,0,0,0,0,0,0,0,0,0,"Bal","Away",89.5,"12/12/23",14
"Zach Evans","LAR","RB","W 28-20",0,0,0,0,0,0,0,0,0,0,0,0,0,0,0,0,0,"Wsh","Home",94,"12/19/23",15
"Zach Evans","LAR","RB","W 21-20",7.9,0,0,0,1,3,0,0,0,0,0,0,0,0,0.3,0,0,"SF","Away",70.5,"1/9/24",18
"Zach Gentry","LV","TE","W 27-14",1.8,0,0,0,0,0,0,0,0,0,0,0,0,0,0,0,0,"Den","Home",76.5,"1/9/24",18
"Zach Pascal","Ari","WR","L 16-20",2.4,0,0,0,0,0,0,0,0,0,1,0,0,0,0,0,0,"Wsh","Away",135,"9/12/23",1
"Zach Pascal","Ari","WR","L 28-31",2.4,0,0,0,0,0,0,1,9,0,1,0,0,0,1.9,0,0,"NYG","Home",103,"9/19/23",2
"Zach Pascal","Ari","WR","W 28-16",1.3,0,0,0,0,0,0,0,0,0,0,0,0,0,0,0,0,"Dal","Home",141,"9/26/23",3
"Zach Pascal","Ari","WR","L 16-35",1.4,0,0,0,0,0,0,3,10,0,4,0,0,0,4,0,0,"SF","Away",81,"10/3/23",4
"Zach Pascal","Ari","WR","L 20-34",2.1,0,0,0,0,0,0,0,0,0,1,0,0,0,0,0,0,"Cin","Home",124.5,"10/10/23",5
"Zach Pascal","Ari","WR","L 9-26",2.6,0,0,0,0,0,0,0,0,0,1,0,0,0,0,0,0,"LAR","Away",128,"10/17/23",6
"Zach Pascal","Ari","WR","L 24-31",2.7,0,0,0,0,0,0,0,0,0,1,0,0,0,0,0,0,"Bal","Home",138,"10/31/23",8
"Zach Pascal","Ari","WR","L 0-27",4.5,0,0,0,0,0,0,0,0,0,1,0,0,0,0,0,0,"Cle","Away",126.5,"11/7/23",9
"Zach Pascal","Ari","WR","W 25-23",2.5,0,0,0,0,0,0,0,0,0,1,0,0,0,0,0,0,"Atl","Home",123.5,"11/14/23",10
"Zach Pascal","Ari","WR","L 14-37",4.9,0,0,0,0,0,0,0,0,0,0,0,0,0,0,0,0,"LAR","Home",149,"11/28/23",12
"Zach Pascal","Ari","WR","L 29-45",0,0,0,0,0,0,0,0,0,0,4,0,0,0,0,0,0,"SF","Home",140,"12/19/23",15
"Zach Pascal","Ari","WR","L 16-27",3.2,0,0,0,0,0,0,0,0,0,0,0,0,0,0,0,0,"Chi","Away",144.5,"12/26/23",16
"Zach Pascal","Ari","WR","W 35-31",3,0,0,0,0,0,0,0,0,0,0,0,0,0,0,0,0,"Phi","Away",137.5,"1/2/24",17
"Zach Pascal","Ari","WR","L 20-21",1,0,0,0,0,0,0,0,0,0,0,0,0,0,0,0,0,"Sea","Home",142.5,"1/9/24",18
"Zach Wilson","NYJ","QB","W 22-16",0,140,1,1,4,6,0,0,0,0,0,0,0,0,8.2,14,21,"Buf","Home",25,"9/12/23",1
"Zach Wilson","NYJ","QB","L 10-30",13.2,170,1,3,5,36,0,0,0,0,0,0,0,0,8.4,12,27,"Dal","Away",31,"9/19/23",2
"Zach Wilson","NYJ","QB","L 10-15",13.4,157,0,0,1,1,0,0,0,0,0,0,0,0,6.38,18,36,"NE","Home",29,"9/26/23",3
"Zach Wilson","NYJ","QB","L 20-23",12.2,245,2,0,2,14,0,0,0,0,0,0,1,0,19.2,28,39,"KC","Home",13,"10/3/23",4
"Zach Wilson","NYJ","QB","W 31-21",17.4,199,0,1,3,26,0,0,0,0,0,0,0,0,8.56,19,26,"Den","Away",23,"10/10/23",5
"Zach Wilson","NYJ","QB","W 20-14",13.6,186,0,0,4,15,0,0,0,0,0,0,0,0,10.94,19,33,"Phi","Home",18,"10/17/23",6
"Zach Wilson","NYJ","QB","W 13-10",12.6,240,1,0,4,25,0,0,0,0,0,0,2,0,12.1,17,36,"NYG","Away",24,"10/31/23",8
"Zach Wilson","NYJ","QB","L 6-27",14.7,263,0,0,2,7,0,0,0,0,0,0,2,0,7.22,33,49,"LAC","Home",24,"11/7/23",9
"Zach Wilson","NYJ","QB","L 12-16",12,263,0,1,4,54,0,0,0,0,0,0,0,0,13.92,23,39,"LV","Away",16,"11/14/23",10
"Zach Wilson","NYJ","QB","L 6-32",13.2,81,1,1,4,15,0,0,0,0,0,0,0,0,6.74,7,15,"Buf","Away",26,"11/21/23",11
"Zach Wilson","NYJ","QB","W 30-6",12.3,301,2,0,3,12,0,0,0,0,0,0,1,0,19.24,27,36,"Hou","Home",12,"12/12/23",14
"Zach Wilson","NYJ","QB","L 0-30",12.5,26,0,0,0,0,0,0,0,0,0,0,1,0,-0.96,4,11,"Mia","Away",43,"12/19/23",15
"Zack Kuntz","NYJ","TE","W 17-3",0,0,0,0,0,0,0,0,0,0,0,0,0,0,0,0,0,"NE","Away",76.5,"1/9/24",18
"Zack Moss","Ind","RB","W 31-20",10.2,0,0,0,18,88,1,4,19,0,4,0,0,0,20.7,0,0,"Hou","Away",10,"9/19/23",2
"Zack Moss","Ind","RB","W 22-19",13.9,0,0,0,30,122,0,2,23,1,3,0,0,0,22.5,0,0,"Bal","Away",5,"9/26/23",3
"Zack Moss","Ind","RB","L 23-29",14.3,0,0,0,18,70,0,0,0,0,1,0,0,0,9,0,0,"LAR","Home",26.5,"10/3/23",4
"Zack Moss","Ind","RB","W 23-16",6.9,0,0,0,23,165,2,2,30,0,2,0,0,0,33.5,0,0,"Ten","Home",2,"10/10/23",5
"Zack Moss","Ind","RB","L 20-37",10.4,0,0,0,7,21,1,6,38,0,7,0,0,0,17.9,0,0,"Jax","Away",7.5,"10/17/23",6
"Zack Moss","Ind","RB","L 38-39",9.9,0,0,0,18,57,0,1,5,0,2,0,0,0,7.2,0,0,"Cle","Home",30,"10/24/23",7
"Zack Moss","Ind","RB","L 27-38",8.7,0,0,0,11,66,1,1,8,0,1,0,0,0,14.4,0,0,"NO","Home",14.5,"10/31/23",8
"Zack Moss","Ind","RB","W 27-13",12.7,0,0,0,7,26,0,0,0,0,0,0,0,0,2.6,0,0,"Car","Away",53,"11/7/23",9
"Zack Moss","Ind","RB","W 10-6",8.6,0,0,0,1,2,0,0,0,0,0,0,0,0,0.2,0,0,"NE","Away",69,"11/14/23",10
"Zack Moss","Ind","RB","W 27-20",6.2,0,0,0,8,55,0,2,15,0,3,0,0,0,9,0,0,"TB","Home",33,"11/28/23",12
"Zack Moss","Ind","RB","W 31-28",16.4,0,0,0,19,51,0,2,6,0,3,0,0,0,7.7,0,0,"Ten","Away",27,"12/5/23",13
"Zack Moss","Ind","RB","L 14-34",16.9,0,0,0,13,28,0,4,28,0,8,0,0,0,9.6,0,0,"Cin","Away",29.5,"12/12/23",14
"Zack Moss","Ind","RB","W 30-13",15.5,0,0,0,4,13,0,3,20,1,3,0,0,0,12.3,0,0,"Pit","Home",18.5,"12/19/23",15
"Zack Moss","Ind","RB","L 19-23",6.2,0,0,0,6,30,0,0,0,0,0,0,0,0,3,0,0,"Hou","Home",50,"1/9/24",18
"Zamir White","LV","RB","W 17-16",2.9,0,0,0,1,2,0,1,5,0,1,0,0,0,1.7,0,0,"Den","Away",66.5,"9/12/23",1
"Zamir White","LV","RB","L 10-38",2.2,0,0,0,4,22,0,0,0,0,0,0,1,0,0.2,0,0,"Buf","Away",79.5,"9/19/23",2
"Zamir White","LV","RB","L 18-23",3.4,0,0,0,0,0,0,0,0,0,0,0,0,0,0,0,0,"Pit","Home",95.5,"9/26/23",3
"Zamir White","LV","RB","L 17-24",2.5,0,0,0,3,15,0,0,0,0,0,0,0,0,1.5,0,0,"LAC","Away",71,"10/3/23",4
"Zamir White","LV","RB","W 21-17",1.9,0,0,0,2,2,0,2,7,0,2,0,0,0,2.9,0,0,"NE","Home",49,"10/17/23",6
"Zamir White","LV","RB","L 12-30",2.8,0,0,0,2,2,0,3,26,0,3,0,0,0,5.8,0,0,"Chi","Away",36.5,"10/24/23",7
"Zamir White","LV","RB","L 14-26",3.5,0,0,0,0,0,0,0,0,0,0,0,0,0,0,0,0,"Det","Away",97,"10/31/23",8
"Zamir White","LV","RB","W 30-6",2.7,0,0,0,4,-2,0,0,0,0,0,0,0,0,-0.2,0,0,"NYG","Home",93,"11/7/23",9
"Zamir White","LV","RB","W 16-12",2.5,0,0,0,1,5,0,0,0,0,0,0,0,0,0.5,0,0,"NYJ","Home",65,"11/14/23",10
"Zamir White","LV","RB","L 13-20",1.7,0,0,0,0,0,0,0,0,0,0,0,0,0,0,0,0,"Mia","Away",80,"11/21/23",11
"Zamir White","LV","RB","L 17-31",1,0,0,0,1,0,0,0,0,0,0,0,0,0,0,0,0,"KC","Home",90,"11/28/23",12
"Zamir White","LV","RB","L 0-3",0.8,0,0,0,2,8,0,0,0,0,0,0,0,0,0.8,0,0,"Min","Home",69,"12/12/23",14
"Zamir White","LV","RB","W 63-21",9.7,0,0,0,17,69,1,3,16,0,4,0,0,0,17.5,0,0,"LAC","Home",12,"12/19/23",15
"Zamir White","LV","RB","W 20-14",8.7,0,0,0,22,145,0,0,0,0,1,0,0,0,14.5,0,0,"KC","Away",16.5,"12/26/23",16
"Zamir White","LV","RB","L 20-23",14.7,0,0,0,20,71,0,5,35,0,6,0,0,0,15.6,0,0,"Ind","Away",16,"1/2/24",17
"Zamir White","LV","RB","W 27-14",15.5,0,0,0,25,112,0,1,9,0,2,0,0,0,13.1,0,0,"Den","Home",20,"1/9/24",18
"Zay Flowers","Bal","WR","W 25-9",9.9,0,0,0,2,9,0,9,78,0,10,0,0,0,17.7,0,0,"Hou","Home",16.5,"9/12/23",1
"Zay Flowers","Bal","WR","W 27-24",12.2,0,0,0,1,6,0,4,62,0,5,0,0,0,10.8,0,0,"Cin","Away",51.5,"9/19/23",2
"Zay Flowers","Bal","WR","L 19-22",12.7,0,0,0,1,2,0,8,48,0,10,0,0,0,13,0,0,"Ind","Home",35,"9/26/23",3
"Zay Flowers","Bal","WR","W 28-3",13.1,0,0,0,1,-6,0,3,56,0,4,0,0,0,8,0,0,"Cle","Away",50,"10/3/23",4
"Zay Flowers","Bal","WR","L 10-17",12.1,0,0,0,0,0,0,5,73,0,11,0,0,0,12.3,0,0,"Pit","Away",25,"10/10/23",5
"Zay Flowers","Bal","WR","W 24-16",13.6,0,0,0,1,1,0,6,50,1,8,0,0,0,17.1,0,0,"Ten","Away",14.5,"10/17/23",6
"Zay Flowers","Bal","WR","W 38-6",14.1,0,0,0,0,0,0,4,75,0,6,0,0,0,11.5,0,0,"Det","Home",28,"10/24/23",7
"Zay Flowers","Bal","WR","W 31-24",14.6,0,0,0,0,0,0,5,19,0,7,0,0,0,6.9,0,0,"Ari","Away",68.5,"10/31/23",8
"Zay Flowers","Bal","WR","W 37-3",14.1,0,0,0,0,0,0,1,11,0,1,0,0,0,2.1,0,0,"Sea","Home",87.5,"11/7/23",9
"Zay Flowers","Bal","WR","L 31-33",11.2,0,0,0,0,0,0,5,73,0,6,0,0,0,12.3,0,0,"Cle","Home",28,"11/14/23",10
"Zay Flowers","Bal","WR","W 34-20",12.2,0,0,0,1,7,0,3,43,0,4,0,0,0,8,0,0,"Cin","Home",44.5,"11/21/23",11
"Zay Flowers","Bal","WR","W 20-10",13.1,0,0,0,1,37,1,5,25,1,8,0,0,0,23.2,0,0,"LAC","Away",6,"11/28/23",12
"Zay Flowers","Bal","WR","W 37-31",13.3,0,0,0,0,0,0,6,60,1,10,0,0,0,20,0,0,"LAR","Home",8,"12/12/23",14
"Zay Flowers","Bal","WR","W 23-7",13.7,0,0,0,0,0,0,1,7,0,2,0,0,0,1.7,0,0,"Jax","Away",101.5,"12/19/23",15
"Zay Flowers","Bal","WR","W 33-19",13.5,0,0,0,0,0,0,9,72,1,13,0,0,0,22.2,0,0,"SF","Away",13,"12/26/23",16
"Zay Flowers","Bal","WR","W 56-19",13.6,0,0,0,0,0,0,3,106,1,3,0,0,0,19.6,0,0,"Mia","Home",11,"1/2/24",17
"Zay Jones","Jax","WR","W 31-21",8.7,0,0,0,0,0,0,5,55,1,7,0,0,0,16.5,0,0,"Ind","Away",18,"9/12/23",1
"Zay Jones","Jax","WR","L 9-17",11.9,0,0,0,0,0,0,0,0,0,6,0,0,0,0,0,0,"KC","Home",145,"9/19/23",2
"Zay Jones","Jax","WR","W 25-20",10.4,0,0,0,0,0,0,3,23,1,5,0,0,0,11.3,0,0,"Buf","Away",28,"10/10/23",5
"Zay Jones","Jax","WR","W 34-14",7,0,0,0,0,0,0,4,20,0,4,0,0,0,6,0,0,"Ten","Home",58,"11/21/23",11
"Zay Jones","Jax","WR","W 24-21",8.4,0,0,0,0,0,0,1,10,0,3,0,0,0,2,0,0,"Hou","Away",106,"11/28/23",12
"Zay Jones","Jax","WR","L 31-34",7.5,0,0,0,0,0,0,5,78,0,8,0,0,0,12.8,0,0,"Cin","Home",28.5,"12/5/23",13
"Zay Jones","Jax","WR","L 27-31",10.8,0,0,0,0,0,0,5,29,0,14,0,0,0,7.9,0,0,"Cle","Away",43,"12/12/23",14
"Zay Jones","Jax","WR","L 7-23",11.7,0,0,0,0,0,0,5,59,0,8,0,0,0,10.9,0,0,"Bal","Home",31,"12/19/23",15
"Zay Jones","Jax","WR","L 20-28",10.5,0,0,0,0,0,0,6,47,0,9,0,0,0,10.7,0,0,"Ten","Away",37,"1/9/24",18
"Zonovan Knight","Det","RB","W 20-6",3.2,0,0,0,3,13,0,0,0,0,0,0,0,0,1.3,0,0,"Atl","Home",74.5,"9/26/23",3
"Zonovan Knight","Det","RB","W 42-24",4.2,0,0,0,0,0,0,1,8,0,1,0,0,0,1.8,0,0,"Car","Home",56.5,"10/10/23",5
